evidence_id,path
96UNG0,/mnt/synology/BWVs/fourth_900_videos/evidence.com_evidence_package_1_of_3_created_2024-05-09T15_21_48Z/evidence.com_evidence_package_1_of_3_created_2024-05-09T15_21_48Z/exp_reg-2.mp4
96UHN9,/mnt/synology/BWVs/fourth_900_videos/evidence.com_evidence_package_1_of_3_created_2024-05-09T15_21_48Z/evidence.com_evidence_package_1_of_3_created_2024-05-09T15_21_48Z/exp_reg-3.mp4
96AS5V,/mnt/synology/BWVs/fourth_900_videos/evidence.com_evidence_package_2_of_3_created_2024-05-09T15_21_49Z/evidence.com_evidence_package_2_of_3_created_2024-05-09T15_21_49Z/Traffic_Stop.mp4
964NVJ,/mnt/synology/BWVs/fourth_900_videos/evidence.com_evidence_package_1_of_3_created_2024-05-09T15_21_48Z/evidence.com_evidence_package_1_of_3_created_2024-05-09T15_21_48Z/Exp_Reg.mp4
9621HG,/mnt/synology/BWVs/fourth_900_videos/evidence.com_evidence_package_1_of_3_created_2024-05-09T15_21_48Z/evidence.com_evidence_package_1_of_3_created_2024-05-09T15_21_48Z/Traffic_Stop-7.mp4
9624J2,/mnt/synology/BWVs/fourth_900_videos/evidence.com_evidence_package_1_of_3_created_2024-05-09T15_21_48Z/evidence.com_evidence_package_1_of_3_created_2024-05-09T15_21_48Z/Ts-3.mp4
960BV8,/mnt/synology/BWVs/fourth_900_videos/evidence.com_evidence_package_1_of_3_created_2024-05-09T15_21_48Z/evidence.com_evidence_package_1_of_3_created_2024-05-09T15_21_48Z/Wrnd_1_Fir_4000_A_1_Vc.mp4
95RZVU,/mnt/synology/BWVs/fourth_900_videos/evidence.com_evidence_package_1_of_3_created_2024-05-09T15_21_48Z/evidence.com_evidence_package_1_of_3_created_2024-05-09T15_21_48Z/Ts.mp4
95RYCT,/mnt/synology/BWVs/fourth_900_videos/evidence.com_evidence_package_1_of_3_created_2024-05-09T15_21_48Z/evidence.com_evidence_package_1_of_3_created_2024-05-09T15_21_48Z/Traffic_Stop-2.mp4
955LUI,/mnt/synology/BWVs/fourth_900_videos/evidence.com_evidence_package_2_of_3_created_2024-05-09T15_21_49Z/evidence.com_evidence_package_2_of_3_created_2024-05-09T15_21_49Z/Ts-10.mp4
93XK6S,/mnt/synology/BWVs/fourth_900_videos/evidence.com_evidence_package_1_of_3_created_2024-05-09T15_21_48Z/evidence.com_evidence_package_1_of_3_created_2024-05-09T15_21_48Z/Axon_Body_3_Video_2022-08-26_0022_X6039BJD4.mp4
93TC4P,/mnt/synology/BWVs/fourth_900_videos/evidence.com_evidence_package_1_of_3_created_2024-05-09T15_21_48Z/evidence.com_evidence_package_1_of_3_created_2024-05-09T15_21_48Z/Traffic_Stop-5.mp4
93D28T,/mnt/synology/BWVs/fourth_900_videos/evidence.com_evidence_package_2_of_3_created_2024-05-09T15_21_49Z/evidence.com_evidence_package_2_of_3_created_2024-05-09T15_21_49Z/BO_Light_.mp4
93ACQT,/mnt/synology/BWVs/fourth_900_videos/evidence.com_evidence_package_1_of_3_created_2024-05-09T15_21_48Z/evidence.com_evidence_package_1_of_3_created_2024-05-09T15_21_48Z/Axon_Body_3_Video_2022-08-24_1925_X6039BAR1.mp4
93AYFK,/mnt/synology/BWVs/fourth_900_videos/evidence.com_evidence_package_2_of_3_created_2024-05-09T15_21_49Z/evidence.com_evidence_package_2_of_3_created_2024-05-09T15_21_49Z/Axon_Body_3_Video_2022-08-24_1925_X6039B9F3.mp4
9301LI,/mnt/synology/BWVs/fourth_900_videos/evidence.com_evidence_package_1_of_3_created_2024-05-09T15_21_48Z/evidence.com_evidence_package_1_of_3_created_2024-05-09T15_21_48Z/Axon_Body_3_Video_2022-08-24_0027_X60A5166X.mp4
9302F5,/mnt/synology/BWVs/fourth_900_videos/evidence.com_evidence_package_1_of_3_created_2024-05-09T15_21_48Z/evidence.com_evidence_package_1_of_3_created_2024-05-09T15_21_48Z/Axon_Body_3_Video_2022-08-24_0027_X6039BB2X.mp4
9302CI,/mnt/synology/BWVs/fourth_900_videos/evidence.com_evidence_package_1_of_3_created_2024-05-09T15_21_48Z/evidence.com_evidence_package_1_of_3_created_2024-05-09T15_21_48Z/Axon_Body_3_Video_2022-08-24_0008_X60A5166X.mp4
92PL8I,/mnt/synology/BWVs/fourth_900_videos/evidence.com_evidence_package_1_of_3_created_2024-05-09T15_21_48Z/evidence.com_evidence_package_1_of_3_created_2024-05-09T15_21_48Z/Cellphone_.mp4
926NAD,/mnt/synology/BWVs/fourth_900_videos/evidence.com_evidence_package_2_of_3_created_2024-05-09T15_21_49Z/evidence.com_evidence_package_2_of_3_created_2024-05-09T15_21_49Z/Wrn_For_Speeding_And_Front_Tint.mp4
91BI47,/mnt/synology/BWVs/fourth_900_videos/evidence.com_evidence_package_2_of_3_created_2024-05-09T15_21_49Z/evidence.com_evidence_package_2_of_3_created_2024-05-09T15_21_49Z/warned.mp4
91A37K,/mnt/synology/BWVs/fourth_900_videos/evidence.com_evidence_package_1_of_3_created_2024-05-09T15_21_48Z/evidence.com_evidence_package_1_of_3_created_2024-05-09T15_21_48Z/t_s.mp4
91A05Z,/mnt/synology/BWVs/fourth_900_videos/evidence.com_evidence_package_2_of_3_created_2024-05-09T15_21_49Z/evidence.com_evidence_package_2_of_3_created_2024-05-09T15_21_49Z/traffic_stop_bo_headlights.mp4
90STQA,/mnt/synology/BWVs/fourth_900_videos/evidence.com_evidence_package_2_of_3_created_2024-05-09T15_21_49Z/evidence.com_evidence_package_2_of_3_created_2024-05-09T15_21_49Z/T_S_For_21453a_vc._Wrn_for_viol.mp4
90BEAG,/mnt/synology/BWVs/fourth_900_videos/evidence.com_evidence_package_2_of_3_created_2024-05-09T15_21_49Z/evidence.com_evidence_package_2_of_3_created_2024-05-09T15_21_49Z/Ts-4.mp4
90DDXN,/mnt/synology/BWVs/fourth_900_videos/evidence.com_evidence_package_2_of_3_created_2024-05-09T15_21_49Z/evidence.com_evidence_package_2_of_3_created_2024-05-09T15_21_49Z/TS-5.mp4
8ZJ9P3,/mnt/synology/BWVs/fourth_900_videos/evidence.com_evidence_package_1_of_3_created_2024-05-09T15_21_48Z/evidence.com_evidence_package_1_of_3_created_2024-05-09T15_21_48Z/006.mp4
8ZJCCR,/mnt/synology/BWVs/fourth_900_videos/evidence.com_evidence_package_1_of_3_created_2024-05-09T15_21_48Z/evidence.com_evidence_package_1_of_3_created_2024-05-09T15_21_48Z/902.mp4
8ZCX4U,/mnt/synology/BWVs/fourth_900_videos/evidence.com_evidence_package_1_of_3_created_2024-05-09T15_21_48Z/evidence.com_evidence_package_1_of_3_created_2024-05-09T15_21_48Z/TS-6.mp4
8ZBVB2,/mnt/synology/BWVs/fourth_900_videos/evidence.com_evidence_package_2_of_3_created_2024-05-09T15_21_49Z/evidence.com_evidence_package_2_of_3_created_2024-05-09T15_21_49Z/Cited.mp4
8WB8YN,/mnt/synology/BWVs/fourth_900_videos/evidence.com_evidence_package_1_of_3_created_2024-05-09T15_21_48Z/evidence.com_evidence_package_1_of_3_created_2024-05-09T15_21_48Z/Axon_Body_3_Video_2022-08-11_2357_X6039BJD4.mp4
8VV0SD,/mnt/synology/BWVs/fourth_900_videos/evidence.com_evidence_package_1_of_3_created_2024-05-09T15_21_48Z/evidence.com_evidence_package_1_of_3_created_2024-05-09T15_21_48Z/T_S-2.mp4
8VRDVW,/mnt/synology/BWVs/fourth_900_videos/evidence.com_evidence_package_2_of_3_created_2024-05-09T15_21_49Z/evidence.com_evidence_package_2_of_3_created_2024-05-09T15_21_49Z/ts-7.mp4
8VOQDO,/mnt/synology/BWVs/fourth_900_videos/evidence.com_evidence_package_1_of_3_created_2024-05-09T15_21_48Z/evidence.com_evidence_package_1_of_3_created_2024-05-09T15_21_48Z/006-2.mp4
8VJY4H,/mnt/synology/BWVs/fourth_900_videos/evidence.com_evidence_package_1_of_3_created_2024-05-09T15_21_48Z/evidence.com_evidence_package_1_of_3_created_2024-05-09T15_21_48Z/Driving_Semi_Truck_On_Restricted_Street_Disobeying_Posted_Sign-3.mp4
8VJ9AQ,/mnt/synology/BWVs/fourth_900_videos/evidence.com_evidence_package_1_of_3_created_2024-05-09T15_21_48Z/evidence.com_evidence_package_1_of_3_created_2024-05-09T15_21_48Z/Driving_Semi_Truck_On_Restricted_Street_Disobeying_Posted_Sign-2.mp4
8VJVS6,/mnt/synology/BWVs/fourth_900_videos/evidence.com_evidence_package_1_of_3_created_2024-05-09T15_21_48Z/evidence.com_evidence_package_1_of_3_created_2024-05-09T15_21_48Z/Driving_Semi_Truck_On_Restricted_Street_Disobeying_Posted_Sign.mp4
8VJ5T6,/mnt/synology/BWVs/fourth_900_videos/evidence.com_evidence_package_1_of_3_created_2024-05-09T15_21_48Z/evidence.com_evidence_package_1_of_3_created_2024-05-09T15_21_48Z/Driving_Semi_Truck_on_Restricted_Street_Disobeying_Posted_Sign-4.mp4
8VAJVV,/mnt/synology/BWVs/fourth_900_videos/evidence.com_evidence_package_3_of_3_created_2024-05-09T15_21_49Z/evidence.com_evidence_package_3_of_3_created_2024-05-09T15_21_49Z/foothill_mt_gleason.mp4
8VB06W,/mnt/synology/BWVs/fourth_900_videos/evidence.com_evidence_package_3_of_3_created_2024-05-09T15_21_49Z/evidence.com_evidence_package_3_of_3_created_2024-05-09T15_21_49Z/B_O_Brake_Light.mp4
8UKGAM,/mnt/synology/BWVs/fourth_900_videos/evidence.com_evidence_package_2_of_3_created_2024-05-09T15_21_49Z/evidence.com_evidence_package_2_of_3_created_2024-05-09T15_21_49Z/t_s.mp4
8TUQR3,/mnt/synology/BWVs/fourth_900_videos/evidence.com_evidence_package_1_of_3_created_2024-05-09T15_21_48Z/evidence.com_evidence_package_1_of_3_created_2024-05-09T15_21_48Z/Axon_Body_3_Video_2022-08-06_2230_X6039B8WS.mp4
8TSGAE,/mnt/synology/BWVs/fourth_900_videos/evidence.com_evidence_package_2_of_3_created_2024-05-09T15_21_49Z/evidence.com_evidence_package_2_of_3_created_2024-05-09T15_21_49Z/ts-6.mp4
8TTHJF,/mnt/synology/BWVs/fourth_900_videos/evidence.com_evidence_package_2_of_3_created_2024-05-09T15_21_49Z/evidence.com_evidence_package_2_of_3_created_2024-05-09T15_21_49Z/Fowler.mp4
8T7KIP,/mnt/synology/BWVs/fourth_900_videos/evidence.com_evidence_package_2_of_3_created_2024-05-09T15_21_49Z/evidence.com_evidence_package_2_of_3_created_2024-05-09T15_21_49Z/traffic_stop-2.mp4
8T59HQ,/mnt/synology/BWVs/fourth_900_videos/evidence.com_evidence_package_1_of_3_created_2024-05-09T15_21_48Z/evidence.com_evidence_package_1_of_3_created_2024-05-09T15_21_48Z/Axon_Body_3_Video_2022-08-05_0822_X6039BHUG.mp4
8SM4KI,/mnt/synology/BWVs/fourth_900_videos/evidence.com_evidence_package_1_of_3_created_2024-05-09T15_21_48Z/evidence.com_evidence_package_1_of_3_created_2024-05-09T15_21_48Z/Axon_Body_3_Video_2022-08-04_0812_X6039B9P4.mp4
8SSV5Z,/mnt/synology/BWVs/fourth_900_videos/evidence.com_evidence_package_2_of_3_created_2024-05-09T15_21_49Z/evidence.com_evidence_package_2_of_3_created_2024-05-09T15_21_49Z/TS-3.mp4
8SLGQU,/mnt/synology/BWVs/fourth_900_videos/evidence.com_evidence_package_2_of_3_created_2024-05-09T15_21_49Z/evidence.com_evidence_package_2_of_3_created_2024-05-09T15_21_49Z/Axon_Body_3_Video_2022-08-03_1948_X6039BJUV.mp4
8S7Z5H,/mnt/synology/BWVs/fourth_900_videos/evidence.com_evidence_package_1_of_3_created_2024-05-09T15_21_48Z/evidence.com_evidence_package_1_of_3_created_2024-05-09T15_21_48Z/TS_bmw.mp4
8SBQEA,/mnt/synology/BWVs/fourth_900_videos/evidence.com_evidence_package_1_of_3_created_2024-05-09T15_21_48Z/evidence.com_evidence_package_1_of_3_created_2024-05-09T15_21_48Z/TS-5.mp4
8QVRCE,/mnt/synology/BWVs/fourth_900_videos/evidence.com_evidence_package_1_of_3_created_2024-05-09T15_21_48Z/evidence.com_evidence_package_1_of_3_created_2024-05-09T15_21_48Z/Traffic_Stop-3.mp4
8QVWQC,/mnt/synology/BWVs/fourth_900_videos/evidence.com_evidence_package_1_of_3_created_2024-05-09T15_21_48Z/evidence.com_evidence_package_1_of_3_created_2024-05-09T15_21_48Z/expired_reg.mp4
8Q302Y,/mnt/synology/BWVs/fourth_900_videos/evidence.com_evidence_package_1_of_3_created_2024-05-09T15_21_48Z/evidence.com_evidence_package_1_of_3_created_2024-05-09T15_21_48Z/Traffic_Stop.mp4
8Q0V3S,/mnt/synology/BWVs/fourth_900_videos/evidence.com_evidence_package_1_of_3_created_2024-05-09T15_21_48Z/evidence.com_evidence_package_1_of_3_created_2024-05-09T15_21_48Z/traffic_stop-10.mp4
8Q0KG8,/mnt/synology/BWVs/fourth_900_videos/evidence.com_evidence_package_1_of_3_created_2024-05-09T15_21_48Z/evidence.com_evidence_package_1_of_3_created_2024-05-09T15_21_48Z/Traffic_Stop_-2.mp4
8PFIQ6,/mnt/synology/BWVs/fourth_900_videos/evidence.com_evidence_package_1_of_3_created_2024-05-09T15_21_48Z/evidence.com_evidence_package_1_of_3_created_2024-05-09T15_21_48Z/TS-8.mp4
8PF1PF,/mnt/synology/BWVs/fourth_900_videos/evidence.com_evidence_package_1_of_3_created_2024-05-09T15_21_48Z/evidence.com_evidence_package_1_of_3_created_2024-05-09T15_21_48Z/TS-9.mp4
8OBAAO,/mnt/synology/BWVs/fourth_900_videos/evidence.com_evidence_package_1_of_3_created_2024-05-09T15_21_48Z/evidence.com_evidence_package_1_of_3_created_2024-05-09T15_21_48Z/Axon_Body_3_Video_2022-07-29_0600_X6039B9P4.mp4
8O1TK2,/mnt/synology/BWVs/fourth_900_videos/evidence.com_evidence_package_1_of_3_created_2024-05-09T15_21_48Z/evidence.com_evidence_package_1_of_3_created_2024-05-09T15_21_48Z/No_Lights.mp4
8O1P15,/mnt/synology/BWVs/fourth_900_videos/evidence.com_evidence_package_1_of_3_created_2024-05-09T15_21_48Z/evidence.com_evidence_package_1_of_3_created_2024-05-09T15_21_48Z/TS_DRIVING_WITH_LIGHTS_OFF.mp4
8O0E06,/mnt/synology/BWVs/fourth_900_videos/evidence.com_evidence_package_1_of_3_created_2024-05-09T15_21_48Z/evidence.com_evidence_package_1_of_3_created_2024-05-09T15_21_48Z/Axon_Body_3_Video_2022-07-28_2024_X6039BC2D.mp4
8O06TD,/mnt/synology/BWVs/fourth_900_videos/evidence.com_evidence_package_1_of_3_created_2024-05-09T15_21_48Z/evidence.com_evidence_package_1_of_3_created_2024-05-09T15_21_48Z/21460_A_Vc.mp4
8O0HOL,/mnt/synology/BWVs/fourth_900_videos/evidence.com_evidence_package_1_of_3_created_2024-05-09T15_21_48Z/evidence.com_evidence_package_1_of_3_created_2024-05-09T15_21_48Z/Axon_Body_3_Video_2022-07-28_2012_X6039BC5V.mp4
8O0JK4,/mnt/synology/BWVs/fourth_900_videos/evidence.com_evidence_package_1_of_3_created_2024-05-09T15_21_48Z/evidence.com_evidence_package_1_of_3_created_2024-05-09T15_21_48Z/Axon_Body_3_Video_2022-07-28_2009_X6039BCM4.mp4
8NZX73,/mnt/synology/BWVs/fourth_900_videos/evidence.com_evidence_package_1_of_3_created_2024-05-09T15_21_48Z/evidence.com_evidence_package_1_of_3_created_2024-05-09T15_21_48Z/Ts-4.mp4
8MEBKX,/mnt/synology/BWVs/fourth_900_videos/evidence.com_evidence_package_1_of_3_created_2024-05-09T15_21_48Z/evidence.com_evidence_package_1_of_3_created_2024-05-09T15_21_48Z/Kia_No_Plates.mp4
8LKTOW,/mnt/synology/BWVs/fourth_900_videos/evidence.com_evidence_package_1_of_3_created_2024-05-09T15_21_48Z/evidence.com_evidence_package_1_of_3_created_2024-05-09T15_21_48Z/Traffic_Stop_.mp4
8LFO5D,/mnt/synology/BWVs/fourth_900_videos/evidence.com_evidence_package_1_of_3_created_2024-05-09T15_21_48Z/evidence.com_evidence_package_1_of_3_created_2024-05-09T15_21_48Z/Traffic_stop-4.mp4
8LFH9P,/mnt/synology/BWVs/fourth_900_videos/evidence.com_evidence_package_1_of_3_created_2024-05-09T15_21_48Z/evidence.com_evidence_package_1_of_3_created_2024-05-09T15_21_48Z/Ts-2.mp4
8L6CKX,/mnt/synology/BWVs/fourth_900_videos/evidence.com_evidence_package_1_of_3_created_2024-05-09T15_21_48Z/evidence.com_evidence_package_1_of_3_created_2024-05-09T15_21_48Z/Traffic_stop_Gomez.mp4
8L3SZ0,/mnt/synology/BWVs/fourth_900_videos/evidence.com_evidence_package_1_of_3_created_2024-05-09T15_21_48Z/evidence.com_evidence_package_1_of_3_created_2024-05-09T15_21_48Z/Axon_Body_3_Video_2022-07-22_2107_X6039BK2X.mp4
8KLTW9,/mnt/synology/BWVs/fourth_900_videos/evidence.com_evidence_package_1_of_3_created_2024-05-09T15_21_48Z/evidence.com_evidence_package_1_of_3_created_2024-05-09T15_21_48Z/Warned.mp4
8JUQR6,/mnt/synology/BWVs/fourth_900_videos/evidence.com_evidence_package_1_of_3_created_2024-05-09T15_21_48Z/evidence.com_evidence_package_1_of_3_created_2024-05-09T15_21_48Z/Axon_Body_3_Video_2022-07-20_0946_X6039B9QM.mp4
8K14DJ,/mnt/synology/BWVs/fourth_900_videos/evidence.com_evidence_package_1_of_3_created_2024-05-09T15_21_48Z/evidence.com_evidence_package_1_of_3_created_2024-05-09T15_21_48Z/Traffic_STop-8.mp4
8JN3EP,/mnt/synology/BWVs/fourth_900_videos/evidence.com_evidence_package_1_of_3_created_2024-05-09T15_21_48Z/evidence.com_evidence_package_1_of_3_created_2024-05-09T15_21_48Z/Michael.mp4
8JMGF2,/mnt/synology/BWVs/fourth_900_videos/evidence.com_evidence_package_1_of_3_created_2024-05-09T15_21_48Z/evidence.com_evidence_package_1_of_3_created_2024-05-09T15_21_48Z/Axon_Body_3_Video_2022-07-19_2151_X6039BCHZ.mp4
8JLBVR,/mnt/synology/BWVs/fourth_900_videos/evidence.com_evidence_package_2_of_3_created_2024-05-09T15_21_49Z/evidence.com_evidence_package_2_of_3_created_2024-05-09T15_21_49Z/Stop_Sign_Violation&_Parole_Comp_Chk.mp4
8K28F3,/mnt/synology/BWVs/fourth_900_videos/evidence.com_evidence_package_2_of_3_created_2024-05-09T15_21_49Z/evidence.com_evidence_package_2_of_3_created_2024-05-09T15_21_49Z/Axon_Body_3_Video_2022-07-19_2123_X6039B80Y.mp4
8J5A0N,/mnt/synology/BWVs/fourth_900_videos/evidence.com_evidence_package_2_of_3_created_2024-05-09T15_21_49Z/evidence.com_evidence_package_2_of_3_created_2024-05-09T15_21_49Z/tinted_windows.mp4
8IQJUD,/mnt/synology/BWVs/fourth_900_videos/evidence.com_evidence_package_2_of_3_created_2024-05-09T15_21_49Z/evidence.com_evidence_package_2_of_3_created_2024-05-09T15_21_49Z/Ts-8.mp4
8IQ1ZA,/mnt/synology/BWVs/fourth_900_videos/evidence.com_evidence_package_2_of_3_created_2024-05-09T15_21_49Z/evidence.com_evidence_package_2_of_3_created_2024-05-09T15_21_49Z/Ts-9.mp4
8IOWWL,/mnt/synology/BWVs/fourth_900_videos/evidence.com_evidence_package_1_of_3_created_2024-05-09T15_21_48Z/evidence.com_evidence_package_1_of_3_created_2024-05-09T15_21_48Z/Axon_Body_3_Video_2022-07-17_1826_X6039BJUY.mp4
8ISNIL,/mnt/synology/BWVs/fourth_900_videos/evidence.com_evidence_package_1_of_3_created_2024-05-09T15_21_48Z/evidence.com_evidence_package_1_of_3_created_2024-05-09T15_21_48Z/Acquisto_.mp4
8IAS4F,/mnt/synology/BWVs/fourth_900_videos/evidence.com_evidence_package_2_of_3_created_2024-05-09T15_21_49Z/evidence.com_evidence_package_2_of_3_created_2024-05-09T15_21_49Z/Ts.mp4
8IAH31,/mnt/synology/BWVs/fourth_900_videos/evidence.com_evidence_package_2_of_3_created_2024-05-09T15_21_49Z/evidence.com_evidence_package_2_of_3_created_2024-05-09T15_21_49Z/TS-2.mp4
8HTSXD,/mnt/synology/BWVs/fourth_900_videos/evidence.com_evidence_package_1_of_3_created_2024-05-09T15_21_48Z/evidence.com_evidence_package_1_of_3_created_2024-05-09T15_21_48Z/H327902_Cellphone.mp4
8HVNGX,/mnt/synology/BWVs/fourth_900_videos/evidence.com_evidence_package_1_of_3_created_2024-05-09T15_21_48Z/evidence.com_evidence_package_1_of_3_created_2024-05-09T15_21_48Z/SHERMAN_WAY_AND_FAIR.mp4
8HVI4G,/mnt/synology/BWVs/fourth_900_videos/evidence.com_evidence_package_2_of_3_created_2024-05-09T15_21_49Z/evidence.com_evidence_package_2_of_3_created_2024-05-09T15_21_49Z/sherman_way_fair_.mp4
8HGPKG,/mnt/synology/BWVs/fourth_900_videos/evidence.com_evidence_package_2_of_3_created_2024-05-09T15_21_49Z/evidence.com_evidence_package_2_of_3_created_2024-05-09T15_21_49Z/Axon_Body_3_Video_2022-07-14_1837_X6039BBMM.mp4
8H2PZA,/mnt/synology/BWVs/fourth_900_videos/evidence.com_evidence_package_2_of_3_created_2024-05-09T15_21_49Z/evidence.com_evidence_package_2_of_3_created_2024-05-09T15_21_49Z/Traffic_Stop-3.mp4
8GEUG7,/mnt/synology/BWVs/fourth_900_videos/evidence.com_evidence_package_2_of_3_created_2024-05-09T15_21_49Z/evidence.com_evidence_package_2_of_3_created_2024-05-09T15_21_49Z/Axon_Body_3_Video_2022-07-12_1041_X6039BBCS.mp4
8FPSDA,/mnt/synology/BWVs/fourth_900_videos/evidence.com_evidence_package_1_of_3_created_2024-05-09T15_21_48Z/evidence.com_evidence_package_1_of_3_created_2024-05-09T15_21_48Z/ALAMEDA_COMMERCIAL.mp4
8D0X00,/mnt/synology/BWVs/fourth_900_videos/evidence.com_evidence_package_1_of_3_created_2024-05-09T15_21_48Z/evidence.com_evidence_package_1_of_3_created_2024-05-09T15_21_48Z/Axon_Body_3_Video_2022-07-05_0951_X6039BBYT.mp4
8CRHDL,/mnt/synology/BWVs/fourth_900_videos/evidence.com_evidence_package_1_of_3_created_2024-05-09T15_21_48Z/evidence.com_evidence_package_1_of_3_created_2024-05-09T15_21_48Z/Ts-7.mp4
8CHRNV,/mnt/synology/BWVs/fourth_900_videos/evidence.com_evidence_package_1_of_3_created_2024-05-09T15_21_48Z/evidence.com_evidence_package_1_of_3_created_2024-05-09T15_21_48Z/Traffic_Stop-9.mp4
8C872F,/mnt/synology/BWVs/fourth_900_videos/evidence.com_evidence_package_1_of_3_created_2024-05-09T15_21_48Z/evidence.com_evidence_package_1_of_3_created_2024-05-09T15_21_48Z/TRAFFIC_STOP-6.mp4
8B7EBA,/mnt/synology/BWVs/fourth_900_videos/evidence.com_evidence_package_1_of_3_created_2024-05-09T15_21_48Z/evidence.com_evidence_package_1_of_3_created_2024-05-09T15_21_48Z/Disobeying_Sign_For_No_left_Turn.mp4
8AW0X7,/mnt/synology/BWVs/fourth_900_videos/evidence.com_evidence_package_1_of_3_created_2024-05-09T15_21_48Z/evidence.com_evidence_package_1_of_3_created_2024-05-09T15_21_48Z/Ts_.mp4
8AVL48,/mnt/synology/BWVs/fourth_900_videos/evidence.com_evidence_package_1_of_3_created_2024-05-09T15_22_22Z/evidence.com_evidence_package_1_of_3_created_2024-05-09T15_22_22Z/Axon_Body_3_Video_2022-06-30_1517_X6039BJ13.mp4
8AJH1P,/mnt/synology/BWVs/fourth_900_videos/evidence.com_evidence_package_2_of_3_created_2024-05-09T15_22_22Z/evidence.com_evidence_package_2_of_3_created_2024-05-09T15_22_22Z/Axon_Body_3_Video_2022-06-29_2039_X6039BEL5.mp4
8AGAPC,/mnt/synology/BWVs/fourth_900_videos/evidence.com_evidence_package_2_of_3_created_2024-05-09T15_22_22Z/evidence.com_evidence_package_2_of_3_created_2024-05-09T15_22_22Z/Axon_Body_3_Video_2022-06-29_1803_X6039BJGA.mp4
8AFPT2,/mnt/synology/BWVs/fourth_900_videos/evidence.com_evidence_package_2_of_3_created_2024-05-09T15_22_22Z/evidence.com_evidence_package_2_of_3_created_2024-05-09T15_22_22Z/Not_On_File.mp4
8A3J5O,/mnt/synology/BWVs/fourth_900_videos/evidence.com_evidence_package_1_of_3_created_2024-05-09T15_22_22Z/evidence.com_evidence_package_1_of_3_created_2024-05-09T15_22_22Z/Tstop.mp4
8CR6FZ,/mnt/synology/BWVs/fourth_900_videos/evidence.com_evidence_package_1_of_3_created_2024-05-09T15_22_22Z/evidence.com_evidence_package_1_of_3_created_2024-05-09T15_22_22Z/07_08.mp4
8CRH92,/mnt/synology/BWVs/fourth_900_videos/evidence.com_evidence_package_1_of_3_created_2024-05-09T15_22_22Z/evidence.com_evidence_package_1_of_3_created_2024-05-09T15_22_22Z/06.mp4
8CQRJA,/mnt/synology/BWVs/fourth_900_videos/evidence.com_evidence_package_1_of_3_created_2024-05-09T15_22_22Z/evidence.com_evidence_package_1_of_3_created_2024-05-09T15_22_22Z/05.mp4
8CR9HK,/mnt/synology/BWVs/fourth_900_videos/evidence.com_evidence_package_1_of_3_created_2024-05-09T15_22_22Z/evidence.com_evidence_package_1_of_3_created_2024-05-09T15_22_22Z/04.mp4
8CQVOK,/mnt/synology/BWVs/fourth_900_videos/evidence.com_evidence_package_1_of_3_created_2024-05-09T15_22_22Z/evidence.com_evidence_package_1_of_3_created_2024-05-09T15_22_22Z/03.mp4
89BBSP,/mnt/synology/BWVs/fourth_900_videos/evidence.com_evidence_package_1_of_3_created_2024-05-09T15_22_22Z/evidence.com_evidence_package_1_of_3_created_2024-05-09T15_22_22Z/Axon_Body_3_Video_2022-06-27_0931_X6039B9AA.mp4
89BRVO,/mnt/synology/BWVs/fourth_900_videos/evidence.com_evidence_package_1_of_3_created_2024-05-09T15_22_22Z/evidence.com_evidence_package_1_of_3_created_2024-05-09T15_22_22Z/Axon_Body_3_Video_2022-06-27_0931_X6032092P.mp4
88OCNN,/mnt/synology/BWVs/fourth_900_videos/evidence.com_evidence_package_1_of_3_created_2024-05-09T15_22_22Z/evidence.com_evidence_package_1_of_3_created_2024-05-09T15_22_22Z/Axon_Body_3_Video_2022-06-25_1923_X6039BCHZ.mp4
88KODD,/mnt/synology/BWVs/fourth_900_videos/evidence.com_evidence_package_2_of_3_created_2024-05-09T15_22_22Z/evidence.com_evidence_package_2_of_3_created_2024-05-09T15_22_22Z/TS-5.mp4
88KZU1,/mnt/synology/BWVs/fourth_900_videos/evidence.com_evidence_package_2_of_3_created_2024-05-09T15_22_22Z/evidence.com_evidence_package_2_of_3_created_2024-05-09T15_22_22Z/Red_Trilight_Viol.mp4
87WYZP,/mnt/synology/BWVs/fourth_900_videos/evidence.com_evidence_package_2_of_3_created_2024-05-09T15_22_22Z/evidence.com_evidence_package_2_of_3_created_2024-05-09T15_22_22Z/Unsafe_Speed.mp4
872E1N,/mnt/synology/BWVs/fourth_900_videos/evidence.com_evidence_package_1_of_3_created_2024-05-09T15_22_22Z/evidence.com_evidence_package_1_of_3_created_2024-05-09T15_22_22Z/Axon_Body_3_Video_2022-06-22_0609_X6039B9P4.mp4
86XPYA,/mnt/synology/BWVs/fourth_900_videos/evidence.com_evidence_package_1_of_3_created_2024-05-09T15_22_22Z/evidence.com_evidence_package_1_of_3_created_2024-05-09T15_22_22Z/Axon_Body_3_Video_2022-06-21_1955_X6039B8DZ.mp4
86WE4V,/mnt/synology/BWVs/fourth_900_videos/evidence.com_evidence_package_2_of_3_created_2024-05-09T15_22_22Z/evidence.com_evidence_package_2_of_3_created_2024-05-09T15_22_22Z/TRAFFIC_STOP-3.mp4
86AX63,/mnt/synology/BWVs/fourth_900_videos/evidence.com_evidence_package_1_of_3_created_2024-05-09T15_22_22Z/evidence.com_evidence_package_1_of_3_created_2024-05-09T15_22_22Z/Veh_Parked_In_Roadway.mp4
86A4N1,/mnt/synology/BWVs/fourth_900_videos/evidence.com_evidence_package_2_of_3_created_2024-05-09T15_22_22Z/evidence.com_evidence_package_2_of_3_created_2024-05-09T15_22_22Z/Citation.mp4
865NFX,/mnt/synology/BWVs/fourth_900_videos/evidence.com_evidence_package_1_of_3_created_2024-05-09T15_22_22Z/evidence.com_evidence_package_1_of_3_created_2024-05-09T15_22_22Z/TS-2.mp4
85LJH7,/mnt/synology/BWVs/fourth_900_videos/evidence.com_evidence_package_2_of_3_created_2024-05-09T15_22_22Z/evidence.com_evidence_package_2_of_3_created_2024-05-09T15_22_22Z/Cracked_Windshield.mp4
85LOG3,/mnt/synology/BWVs/fourth_900_videos/evidence.com_evidence_package_2_of_3_created_2024-05-09T15_22_22Z/evidence.com_evidence_package_2_of_3_created_2024-05-09T15_22_22Z/ts-3.mp4
85DJ18,/mnt/synology/BWVs/fourth_900_videos/evidence.com_evidence_package_1_of_3_created_2024-05-09T15_22_22Z/evidence.com_evidence_package_1_of_3_created_2024-05-09T15_22_22Z/ts.mp4
85DPVI,/mnt/synology/BWVs/fourth_900_videos/evidence.com_evidence_package_1_of_3_created_2024-05-09T15_22_22Z/evidence.com_evidence_package_1_of_3_created_2024-05-09T15_22_22Z/Axon_Body_3_Video_2022-06-18_0221_X6039BB2X.mp4
859PJ9,/mnt/synology/BWVs/fourth_900_videos/evidence.com_evidence_package_1_of_3_created_2024-05-09T15_22_22Z/evidence.com_evidence_package_1_of_3_created_2024-05-09T15_22_22Z/Traffic_Stop-6.mp4
8594XJ,/mnt/synology/BWVs/fourth_900_videos/evidence.com_evidence_package_1_of_3_created_2024-05-09T15_22_22Z/evidence.com_evidence_package_1_of_3_created_2024-05-09T15_22_22Z/TRAFFIC_STOP-7.mp4
85A6CV,/mnt/synology/BWVs/fourth_900_videos/evidence.com_evidence_package_1_of_3_created_2024-05-09T15_22_22Z/evidence.com_evidence_package_1_of_3_created_2024-05-09T15_22_22Z/TRAFFIC_STOP-8.mp4
853W2N,/mnt/synology/BWVs/fourth_900_videos/evidence.com_evidence_package_1_of_3_created_2024-05-09T15_22_22Z/evidence.com_evidence_package_1_of_3_created_2024-05-09T15_22_22Z/Tstop_Lankershim_.mp4
84OJ2V,/mnt/synology/BWVs/fourth_900_videos/evidence.com_evidence_package_1_of_3_created_2024-05-09T15_22_22Z/evidence.com_evidence_package_1_of_3_created_2024-05-09T15_22_22Z/Traffic_Stop_Hernandez_Alba.mp4
86S3TS,/mnt/synology/BWVs/fourth_900_videos/evidence.com_evidence_package_1_of_3_created_2024-05-09T15_22_22Z/evidence.com_evidence_package_1_of_3_created_2024-05-09T15_22_22Z/Ts-3.mp4
83I30P,/mnt/synology/BWVs/fourth_900_videos/evidence.com_evidence_package_1_of_3_created_2024-05-09T15_22_22Z/evidence.com_evidence_package_1_of_3_created_2024-05-09T15_22_22Z/Axon_Body_3_Video_2022-06-14_0959_X6039BGKF.mp4
83HSQS,/mnt/synology/BWVs/fourth_900_videos/evidence.com_evidence_package_1_of_3_created_2024-05-09T15_22_22Z/evidence.com_evidence_package_1_of_3_created_2024-05-09T15_22_22Z/G071297.mp4
83HJFN,/mnt/synology/BWVs/fourth_900_videos/evidence.com_evidence_package_1_of_3_created_2024-05-09T15_22_22Z/evidence.com_evidence_package_1_of_3_created_2024-05-09T15_22_22Z/G071296.mp4
83HYX7,/mnt/synology/BWVs/fourth_900_videos/evidence.com_evidence_package_1_of_3_created_2024-05-09T15_22_22Z/evidence.com_evidence_package_1_of_3_created_2024-05-09T15_22_22Z/G071295.mp4
83HCU8,/mnt/synology/BWVs/fourth_900_videos/evidence.com_evidence_package_1_of_3_created_2024-05-09T15_22_22Z/evidence.com_evidence_package_1_of_3_created_2024-05-09T15_22_22Z/G071294.mp4
83HY4G,/mnt/synology/BWVs/fourth_900_videos/evidence.com_evidence_package_1_of_3_created_2024-05-09T15_22_22Z/evidence.com_evidence_package_1_of_3_created_2024-05-09T15_22_22Z/G071293.mp4
83I3W4,/mnt/synology/BWVs/fourth_900_videos/evidence.com_evidence_package_1_of_3_created_2024-05-09T15_22_22Z/evidence.com_evidence_package_1_of_3_created_2024-05-09T15_22_22Z/G071292.mp4
83HJE7,/mnt/synology/BWVs/fourth_900_videos/evidence.com_evidence_package_1_of_3_created_2024-05-09T15_22_22Z/evidence.com_evidence_package_1_of_3_created_2024-05-09T15_22_22Z/G071291.mp4
82V760,/mnt/synology/BWVs/fourth_900_videos/evidence.com_evidence_package_2_of_3_created_2024-05-09T15_22_22Z/evidence.com_evidence_package_2_of_3_created_2024-05-09T15_22_22Z/Stop_Sign.mp4
82U2ZW,/mnt/synology/BWVs/fourth_900_videos/evidence.com_evidence_package_2_of_3_created_2024-05-09T15_22_22Z/evidence.com_evidence_package_2_of_3_created_2024-05-09T15_22_22Z/Stop_Sign_Violation_.mp4
82SHQW,/mnt/synology/BWVs/fourth_900_videos/evidence.com_evidence_package_1_of_3_created_2024-05-09T15_22_22Z/evidence.com_evidence_package_1_of_3_created_2024-05-09T15_22_22Z/figueroa_florence.mp4
82L3N3,/mnt/synology/BWVs/fourth_900_videos/evidence.com_evidence_package_2_of_3_created_2024-05-09T15_22_22Z/evidence.com_evidence_package_2_of_3_created_2024-05-09T15_22_22Z/Axon_Body_3_Video_2022-06-11_1527_X6039A3HT.mp4
806WAZ,/mnt/synology/BWVs/fourth_900_videos/evidence.com_evidence_package_1_of_3_created_2024-05-09T15_22_22Z/evidence.com_evidence_package_1_of_3_created_2024-05-09T15_22_22Z/Tinted_Windows_No_License.mp4
838LZB,/mnt/synology/BWVs/fourth_900_videos/evidence.com_evidence_package_1_of_3_created_2024-05-09T15_22_22Z/evidence.com_evidence_package_1_of_3_created_2024-05-09T15_22_22Z/Axon_Body_3_Video_2022-06-05_1601_X6039BEE2.mp4
80B7T2,/mnt/synology/BWVs/fourth_900_videos/evidence.com_evidence_package_1_of_3_created_2024-05-09T15_22_22Z/evidence.com_evidence_package_1_of_3_created_2024-05-09T15_22_22Z/Traffic_Stop.mp4
7ZJFUT,/mnt/synology/BWVs/fourth_900_videos/evidence.com_evidence_package_2_of_3_created_2024-05-09T15_22_22Z/evidence.com_evidence_package_2_of_3_created_2024-05-09T15_22_22Z/Van_Nuys_&_Vena.mp4
7ZG24G,/mnt/synology/BWVs/fourth_900_videos/evidence.com_evidence_package_2_of_3_created_2024-05-09T15_22_22Z/evidence.com_evidence_package_2_of_3_created_2024-05-09T15_22_22Z/Ts-4.mp4
7YEL5Y,/mnt/synology/BWVs/fourth_900_videos/evidence.com_evidence_package_2_of_3_created_2024-05-09T15_22_22Z/evidence.com_evidence_package_2_of_3_created_2024-05-09T15_22_22Z/Axon_Body_3_Video_2022-06-02_1006_X6039B9Q4.mp4
7XY8W5,/mnt/synology/BWVs/fourth_900_videos/evidence.com_evidence_package_2_of_3_created_2024-05-09T15_22_22Z/evidence.com_evidence_package_2_of_3_created_2024-05-09T15_22_22Z/902.mp4
7XY5FW,/mnt/synology/BWVs/fourth_900_videos/evidence.com_evidence_package_2_of_3_created_2024-05-09T15_22_22Z/evidence.com_evidence_package_2_of_3_created_2024-05-09T15_22_22Z/902-2.mp4
7XGMX3,/mnt/synology/BWVs/fourth_900_videos/evidence.com_evidence_package_3_of_3_created_2024-05-09T15_22_22Z/evidence.com_evidence_package_3_of_3_created_2024-05-09T15_22_22Z/Traffic_Stop.mp4
7Z5BXZ,/mnt/synology/BWVs/fourth_900_videos/evidence.com_evidence_package_2_of_3_created_2024-05-09T15_22_22Z/evidence.com_evidence_package_2_of_3_created_2024-05-09T15_22_22Z/susp_reg.mp4
7WPC1J,/mnt/synology/BWVs/fourth_900_videos/evidence.com_evidence_package_2_of_3_created_2024-05-09T15_22_22Z/evidence.com_evidence_package_2_of_3_created_2024-05-09T15_22_22Z/Ts.mp4
7WLQI7,/mnt/synology/BWVs/fourth_900_videos/evidence.com_evidence_package_1_of_3_created_2024-05-09T15_22_22Z/evidence.com_evidence_package_1_of_3_created_2024-05-09T15_22_22Z/Traffic_Stop-4.mp4
7WLS1O,/mnt/synology/BWVs/fourth_900_videos/evidence.com_evidence_package_1_of_3_created_2024-05-09T15_22_22Z/evidence.com_evidence_package_1_of_3_created_2024-05-09T15_22_22Z/TS-4.mp4
7WF762,/mnt/synology/BWVs/fourth_900_videos/evidence.com_evidence_package_1_of_3_created_2024-05-09T15_22_22Z/evidence.com_evidence_package_1_of_3_created_2024-05-09T15_22_22Z/Axon_Body_3_Video_2022-05-28_2147_X6039BKQA.mp4
7WFS4Y,/mnt/synology/BWVs/fourth_900_videos/evidence.com_evidence_package_1_of_3_created_2024-05-09T15_22_22Z/evidence.com_evidence_package_1_of_3_created_2024-05-09T15_22_22Z/Traffic_Stop_.mp4
7W6QDS,/mnt/synology/BWVs/fourth_900_videos/evidence.com_evidence_package_1_of_3_created_2024-05-09T15_22_22Z/evidence.com_evidence_package_1_of_3_created_2024-05-09T15_22_22Z/Axon_Body_3_Video_2022-05-28_1603_X6039BBPQ.mp4
7YWEI6,/mnt/synology/BWVs/fourth_900_videos/evidence.com_evidence_package_1_of_3_created_2024-05-09T15_22_22Z/evidence.com_evidence_package_1_of_3_created_2024-05-09T15_22_22Z/Axon_Body_3_Video_2022-05-28_1603_X6039BEE2.mp4
7VX2N3,/mnt/synology/BWVs/fourth_900_videos/evidence.com_evidence_package_1_of_3_created_2024-05-09T15_22_22Z/evidence.com_evidence_package_1_of_3_created_2024-05-09T15_22_22Z/Compton_55th_St_2022-05-27_2218_X6039B9KX.mp4
7VXQNL,/mnt/synology/BWVs/fourth_900_videos/evidence.com_evidence_package_1_of_3_created_2024-05-09T15_22_22Z/evidence.com_evidence_package_1_of_3_created_2024-05-09T15_22_22Z/Compton_55th_St_2022-05-27_2212_X6039B9KX.mp4
7XEIQF,/mnt/synology/BWVs/fourth_900_videos/evidence.com_evidence_package_1_of_3_created_2024-05-09T15_22_22Z/evidence.com_evidence_package_1_of_3_created_2024-05-09T15_22_22Z/Axon_Body_3_Video_2022-05-27_1144_X6039BA11.mp4
7VGSAK,/mnt/synology/BWVs/fourth_900_videos/evidence.com_evidence_package_1_of_3_created_2024-05-09T15_22_22Z/evidence.com_evidence_package_1_of_3_created_2024-05-09T15_22_22Z/Axon_Body_3_Video_2022-05-26_1848_X6039BCHZ.mp4
7VG8T5,/mnt/synology/BWVs/fourth_900_videos/evidence.com_evidence_package_1_of_3_created_2024-05-09T15_22_22Z/evidence.com_evidence_package_1_of_3_created_2024-05-09T15_22_22Z/Traffic_Stop-5.mp4
7UPIL7,/mnt/synology/BWVs/fourth_900_videos/evidence.com_evidence_package_1_of_3_created_2024-05-09T15_22_22Z/evidence.com_evidence_package_1_of_3_created_2024-05-09T15_22_22Z/Axon_Body_3_Video_2022-05-25_0751_X6039BGKF.mp4
7UOTEP,/mnt/synology/BWVs/fourth_900_videos/evidence.com_evidence_package_3_of_3_created_2024-05-09T15_22_22Z/evidence.com_evidence_package_3_of_3_created_2024-05-09T15_22_22Z/Traffic_Stop-2.mp4
7UO2AT,/mnt/synology/BWVs/fourth_900_videos/evidence.com_evidence_package_3_of_3_created_2024-05-09T15_22_22Z/evidence.com_evidence_package_3_of_3_created_2024-05-09T15_22_22Z/Citation.mp4
7U70CJ,/mnt/synology/BWVs/fourth_900_videos/evidence.com_evidence_package_1_of_3_created_2024-05-09T15_22_22Z/evidence.com_evidence_package_1_of_3_created_2024-05-09T15_22_22Z/Axon_Body_3_Video_2022-05-24_0032_X60A2693R.mp4
7U6FJK,/mnt/synology/BWVs/fourth_900_videos/evidence.com_evidence_package_1_of_3_created_2024-05-09T15_22_22Z/evidence.com_evidence_package_1_of_3_created_2024-05-09T15_22_22Z/Traffic_Stop-2.mp4
7SAPFU,/mnt/synology/BWVs/fourth_900_videos/evidence.com_evidence_package_2_of_3_created_2024-05-09T15_22_22Z/evidence.com_evidence_package_2_of_3_created_2024-05-09T15_22_22Z/Peoria_Haddon.mp4
7RT2XK,/mnt/synology/BWVs/fourth_900_videos/evidence.com_evidence_package_1_of_3_created_2024-05-09T15_22_22Z/evidence.com_evidence_package_1_of_3_created_2024-05-09T15_22_22Z/Unsafe_Speed_66_40-2.mp4
7RTBBQ,/mnt/synology/BWVs/fourth_900_videos/evidence.com_evidence_package_1_of_3_created_2024-05-09T15_22_22Z/evidence.com_evidence_package_1_of_3_created_2024-05-09T15_22_22Z/Unsafe_Speed_66_40.mp4
7RT4HN,/mnt/synology/BWVs/fourth_900_videos/evidence.com_evidence_package_1_of_3_created_2024-05-09T15_22_22Z/evidence.com_evidence_package_1_of_3_created_2024-05-09T15_22_22Z/Unsafe_Speed_62_40.mp4
7RSNNJ,"/mnt/synology/BWVs/fourth_900_videos/evidence.com_evidence_package_1_of_3_created_2024-05-09T15_22_22Z/evidence.com_evidence_package_1_of_3_created_2024-05-09T15_22_22Z/Max_Speed_Over_65mph,_76_40.mp4"
7RSWFR,/mnt/synology/BWVs/fourth_900_videos/evidence.com_evidence_package_1_of_3_created_2024-05-09T15_22_22Z/evidence.com_evidence_package_1_of_3_created_2024-05-09T15_22_22Z/Unsafe_Speed_64_40.mp4
7RHKNH,/mnt/synology/BWVs/fourth_900_videos/evidence.com_evidence_package_1_of_3_created_2024-05-09T15_22_22Z/evidence.com_evidence_package_1_of_3_created_2024-05-09T15_22_22Z/Stolen_Vehicle.mp4
7R45OI,/mnt/synology/BWVs/fourth_900_videos/evidence.com_evidence_package_2_of_3_created_2024-05-09T15_22_22Z/evidence.com_evidence_package_2_of_3_created_2024-05-09T15_22_22Z/Traffic_Stop_Warrant_Arrest.mp4
7QIOWY,/mnt/synology/BWVs/fourth_900_videos/evidence.com_evidence_package_1_of_3_created_2024-05-09T15_22_22Z/evidence.com_evidence_package_1_of_3_created_2024-05-09T15_22_22Z/front_tint_on_prob.mp4
7QHV8W,/mnt/synology/BWVs/fourth_900_videos/evidence.com_evidence_package_1_of_3_created_2024-05-09T15_22_22Z/evidence.com_evidence_package_1_of_3_created_2024-05-09T15_22_22Z/fig_39_charger_prob_comp.mp4
7PWRRP,/mnt/synology/BWVs/fourth_900_videos/evidence.com_evidence_package_2_of_3_created_2024-05-09T15_22_22Z/evidence.com_evidence_package_2_of_3_created_2024-05-09T15_22_22Z/Axon_Body_3_Video_2022-05-14_0043_X6039B9DZ.mp4
7PBNIS,/mnt/synology/BWVs/fourth_900_videos/evidence.com_evidence_package_1_of_3_created_2024-05-09T15_22_22Z/evidence.com_evidence_package_1_of_3_created_2024-05-09T15_22_22Z/Axon_Body_3_Video_2022-05-12_1945_X6039BBRJ.mp4
7PBL98,/mnt/synology/BWVs/fourth_900_videos/evidence.com_evidence_package_1_of_3_created_2024-05-09T15_22_22Z/evidence.com_evidence_package_1_of_3_created_2024-05-09T15_22_22Z/Axon_Body_3_Video_2022-05-12_1945_X6039BC7C.mp4
7OVZFX,/mnt/synology/BWVs/fourth_900_videos/evidence.com_evidence_package_1_of_3_created_2024-05-09T15_22_22Z/evidence.com_evidence_package_1_of_3_created_2024-05-09T15_22_22Z/Axon_Body_3_Video_2022-05-11_2008_X6039BGQ8.mp4
7ONM6T,/mnt/synology/BWVs/fourth_900_videos/evidence.com_evidence_package_1_of_3_created_2024-05-09T15_22_22Z/evidence.com_evidence_package_1_of_3_created_2024-05-09T15_22_22Z/Axon_Body_3_Video_2022-05-11_0904_X6039BGKF.mp4
7O7SIB,/mnt/synology/BWVs/fourth_900_videos/evidence.com_evidence_package_1_of_3_created_2024-05-09T15_22_22Z/evidence.com_evidence_package_1_of_3_created_2024-05-09T15_22_22Z/nordhoff_sepulveda.mp4
7NYMRU,/mnt/synology/BWVs/fourth_900_videos/evidence.com_evidence_package_2_of_3_created_2024-05-09T15_22_22Z/evidence.com_evidence_package_2_of_3_created_2024-05-09T15_22_22Z/Traffic_Stop.mp4
7NUJYY,/mnt/synology/BWVs/fourth_900_videos/evidence.com_evidence_package_1_of_3_created_2024-05-09T15_22_22Z/evidence.com_evidence_package_1_of_3_created_2024-05-09T15_22_22Z/Axon_Body_3_Video_2022-05-09_1131_X60A1366M.mp4
7N0MFE,/mnt/synology/BWVs/fourth_900_videos/evidence.com_evidence_package_1_of_3_created_2024-05-09T15_22_22Z/evidence.com_evidence_package_1_of_3_created_2024-05-09T15_22_22Z/Traffic_Stop-3.mp4
7MYA4B,/mnt/synology/BWVs/fourth_900_videos/evidence.com_evidence_package_2_of_3_created_2024-05-09T15_22_22Z/evidence.com_evidence_package_2_of_3_created_2024-05-09T15_22_22Z/Traffic_Stop-2.mp4
7MNLIP,/mnt/synology/BWVs/fourth_900_videos/evidence.com_evidence_package_1_of_3_created_2024-05-09T15_22_22Z/evidence.com_evidence_package_1_of_3_created_2024-05-09T15_22_22Z/F136300.mp4
7MBLNO,/mnt/synology/BWVs/fourth_900_videos/evidence.com_evidence_package_1_of_3_created_2024-05-09T15_22_22Z/evidence.com_evidence_package_1_of_3_created_2024-05-09T15_22_22Z/Washington_Gramercy.mp4
7MA6SL,/mnt/synology/BWVs/fourth_900_videos/evidence.com_evidence_package_2_of_3_created_2024-05-09T15_22_22Z/evidence.com_evidence_package_2_of_3_created_2024-05-09T15_22_22Z/Ts-2.mp4
7LY0NI,/mnt/synology/BWVs/fourth_900_videos/evidence.com_evidence_package_1_of_3_created_2024-05-09T15_22_22Z/evidence.com_evidence_package_1_of_3_created_2024-05-09T15_22_22Z/Axon_Body_3_Video_2022-05-04_2252_X6039BGQM.mp4
7LY5KY,/mnt/synology/BWVs/fourth_900_videos/evidence.com_evidence_package_2_of_3_created_2024-05-09T15_22_22Z/evidence.com_evidence_package_2_of_3_created_2024-05-09T15_22_22Z/Axon_Body_3_Video_2022-05-04_2140_X6039BGQM.mp4
7M8UYW,/mnt/synology/BWVs/fourth_900_videos/evidence.com_evidence_package_1_of_3_created_2024-05-09T15_22_22Z/evidence.com_evidence_package_1_of_3_created_2024-05-09T15_22_22Z/902.mp4
7M8QMM,/mnt/synology/BWVs/fourth_900_videos/evidence.com_evidence_package_1_of_3_created_2024-05-09T15_22_22Z/evidence.com_evidence_package_1_of_3_created_2024-05-09T15_22_22Z/24250_WRN.mp4
7LOQWP,/mnt/synology/BWVs/fourth_900_videos/evidence.com_evidence_package_1_of_3_created_2024-05-09T15_22_22Z/evidence.com_evidence_package_1_of_3_created_2024-05-09T15_22_22Z/Axon_Body_3_Video_2022-05-04_0943_X6039B9H7.mp4
7LB5YO,/mnt/synology/BWVs/fourth_900_videos/evidence.com_evidence_package_1_of_3_created_2024-05-09T15_27_44Z/evidence.com_evidence_package_1_of_3_created_2024-05-09T15_27_44Z/Axon_Body_3_Video_2022-05-03_0845_X6039BB2K.mp4
7KJFOE,/mnt/synology/BWVs/fourth_900_videos/evidence.com_evidence_package_1_of_3_created_2024-05-09T15_27_44Z/evidence.com_evidence_package_1_of_3_created_2024-05-09T15_27_44Z/Axon_Body_3_Video_2022-05-01_2121_X6039BBAB.mp4
7KBIR4,/mnt/synology/BWVs/fourth_900_videos/evidence.com_evidence_package_1_of_3_created_2024-05-09T15_27_44Z/evidence.com_evidence_package_1_of_3_created_2024-05-09T15_27_44Z/Ts-3.mp4
7JTAR2,/mnt/synology/BWVs/fourth_900_videos/evidence.com_evidence_package_1_of_3_created_2024-05-09T15_27_44Z/evidence.com_evidence_package_1_of_3_created_2024-05-09T15_27_44Z/Ts.mp4
7JTJWY,/mnt/synology/BWVs/fourth_900_videos/evidence.com_evidence_package_1_of_3_created_2024-05-09T15_27_44Z/evidence.com_evidence_package_1_of_3_created_2024-05-09T15_27_44Z/TS-10.mp4
7JTID2,/mnt/synology/BWVs/fourth_900_videos/evidence.com_evidence_package_1_of_3_created_2024-05-09T15_27_44Z/evidence.com_evidence_package_1_of_3_created_2024-05-09T15_27_44Z/Ts-9.mp4
7JTK3F,/mnt/synology/BWVs/fourth_900_videos/evidence.com_evidence_package_1_of_3_created_2024-05-09T15_27_44Z/evidence.com_evidence_package_1_of_3_created_2024-05-09T15_27_44Z/Axon_Body_3_Video_2022-04-29_1815_X6039B98G.mp4
7I4IWE,/mnt/synology/BWVs/fourth_900_videos/evidence.com_evidence_package_1_of_3_created_2024-05-09T15_27_44Z/evidence.com_evidence_package_1_of_3_created_2024-05-09T15_27_44Z/Axon_Body_3_Video_2022-04-26_0831_X6039BGKF.mp4
7I2R8L,/mnt/synology/BWVs/fourth_900_videos/evidence.com_evidence_package_1_of_3_created_2024-05-09T15_27_44Z/evidence.com_evidence_package_1_of_3_created_2024-05-09T15_27_44Z/Exp_Reg.mp4
7I2XHM,/mnt/synology/BWVs/fourth_900_videos/evidence.com_evidence_package_1_of_3_created_2024-05-09T15_27_44Z/evidence.com_evidence_package_1_of_3_created_2024-05-09T15_27_44Z/Exp_Reg-2.mp4
7GUAIX,/mnt/synology/BWVs/fifth_45_videos/evidence.com_evidence_package_1_of_3_created_2024-06-06T15_24_24Z/T_S_For_Amplified_Music.mp4
7GNPQN,/mnt/synology/BWVs/fifth_45_videos/evidence.com_evidence_package_2_of_3_created_2024-06-06T15_24_24Z/Warrant_.mp4
7GACVB,/mnt/synology/BWVs/fourth_900_videos/evidence.com_evidence_package_1_of_3_created_2024-05-09T15_27_44Z/evidence.com_evidence_package_1_of_3_created_2024-05-09T15_27_44Z/902.mp4
7GAIIS,/mnt/synology/BWVs/fourth_900_videos/evidence.com_evidence_package_1_of_3_created_2024-05-09T15_27_44Z/evidence.com_evidence_package_1_of_3_created_2024-05-09T15_27_44Z/Ts-2.mp4
7FRF62,/mnt/synology/BWVs/fourth_900_videos/evidence.com_evidence_package_1_of_3_created_2024-05-09T15_27_44Z/evidence.com_evidence_package_1_of_3_created_2024-05-09T15_27_44Z/Romero_Flores.mp4
7FKHJD,/mnt/synology/BWVs/fourth_900_videos/evidence.com_evidence_package_1_of_3_created_2024-05-09T15_27_44Z/evidence.com_evidence_package_1_of_3_created_2024-05-09T15_27_44Z/Axon_Body_3_Video_2022-04-20_0711_X6039BGKF.mp4
7F9MRQ,/mnt/synology/BWVs/fourth_900_videos/evidence.com_evidence_package_1_of_3_created_2024-05-09T15_27_44Z/evidence.com_evidence_package_1_of_3_created_2024-05-09T15_27_44Z/T_S.mp4
7EPH2Z,/mnt/synology/BWVs/fourth_900_videos/evidence.com_evidence_package_1_of_3_created_2024-05-09T15_27_44Z/evidence.com_evidence_package_1_of_3_created_2024-05-09T15_27_44Z/Axon_Body_3_Video_2022-04-18_0929_X6039BJV1.mp4
7EPTWN,/mnt/synology/BWVs/fourth_900_videos/evidence.com_evidence_package_1_of_3_created_2024-05-09T15_27_44Z/evidence.com_evidence_package_1_of_3_created_2024-05-09T15_27_44Z/H072062.mp4
7EQ8GZ,/mnt/synology/BWVs/fourth_900_videos/evidence.com_evidence_package_1_of_3_created_2024-05-09T15_27_44Z/evidence.com_evidence_package_1_of_3_created_2024-05-09T15_27_44Z/H072061.mp4
7EGTN0,/mnt/synology/BWVs/fourth_900_videos/evidence.com_evidence_package_1_of_3_created_2024-05-09T15_27_44Z/evidence.com_evidence_package_1_of_3_created_2024-05-09T15_27_44Z/Traffic_Stop.mp4
7EH0VX,/mnt/synology/BWVs/fifth_45_videos/evidence.com_evidence_package_1_of_3_created_2024-06-06T15_24_24Z/Traffic_Stop-5.mp4
7DS49F,/mnt/synology/BWVs/fourth_900_videos/evidence.com_evidence_package_1_of_3_created_2024-05-09T15_27_44Z/evidence.com_evidence_package_1_of_3_created_2024-05-09T15_27_44Z/Warned_For_22100_VC.mp4
7DS331,/mnt/synology/BWVs/fourth_900_videos/evidence.com_evidence_package_1_of_3_created_2024-05-09T15_27_44Z/evidence.com_evidence_package_1_of_3_created_2024-05-09T15_27_44Z/Warned_For_22100_A_VC.mp4
7CYZXH,/mnt/synology/BWVs/fourth_900_videos/evidence.com_evidence_package_1_of_3_created_2024-05-09T15_27_44Z/evidence.com_evidence_package_1_of_3_created_2024-05-09T15_27_44Z/902-2.mp4
7CRPA7,/mnt/synology/BWVs/fourth_900_videos/evidence.com_evidence_package_1_of_3_created_2024-05-09T15_27_44Z/evidence.com_evidence_package_1_of_3_created_2024-05-09T15_27_44Z/Tstop.mp4
7BQFOI,/mnt/synology/BWVs/fourth_900_videos/evidence.com_evidence_package_1_of_3_created_2024-05-09T15_27_44Z/evidence.com_evidence_package_1_of_3_created_2024-05-09T15_27_44Z/Chaberski.mp4
7BKZAH,/mnt/synology/BWVs/fifth_45_videos/evidence.com_evidence_package_2_of_3_created_2024-06-06T15_24_24Z/signal_viol_.mp4
7BFS0E,/mnt/synology/BWVs/fourth_900_videos/evidence.com_evidence_package_1_of_3_created_2024-05-09T15_27_44Z/evidence.com_evidence_package_1_of_3_created_2024-05-09T15_27_44Z/Axon_Body_3_Video_2022-04-10_2006_X6039BBV1.mp4
7BFD13,/mnt/synology/BWVs/fourth_900_videos/evidence.com_evidence_package_1_of_3_created_2024-05-09T15_27_44Z/evidence.com_evidence_package_1_of_3_created_2024-05-09T15_27_44Z/Tint_Speed_Lane_Chamge.mp4
7BF6K1,/mnt/synology/BWVs/fourth_900_videos/evidence.com_evidence_package_1_of_3_created_2024-05-09T15_27_44Z/evidence.com_evidence_package_1_of_3_created_2024-05-09T15_27_44Z/Speed_Tint_Lane_Change.mp4
7AZDKE,/mnt/synology/BWVs/fourth_900_videos/evidence.com_evidence_package_1_of_3_created_2024-05-09T15_27_44Z/evidence.com_evidence_package_1_of_3_created_2024-05-09T15_27_44Z/Cellphone.mp4
7ARWHD,/mnt/synology/BWVs/fourth_900_videos/evidence.com_evidence_package_1_of_3_created_2024-05-09T15_27_44Z/evidence.com_evidence_package_1_of_3_created_2024-05-09T15_27_44Z/Ts-4.mp4
7AS6RG,/mnt/synology/BWVs/fourth_900_videos/evidence.com_evidence_package_1_of_3_created_2024-05-09T15_27_44Z/evidence.com_evidence_package_1_of_3_created_2024-05-09T15_27_44Z/Ts-6.mp4
7AP93B,/mnt/synology/BWVs/fourth_900_videos/evidence.com_evidence_package_1_of_3_created_2024-05-09T15_27_44Z/evidence.com_evidence_package_1_of_3_created_2024-05-09T15_27_44Z/Axon_Body_3_Video_2022-04-08_1717_X6039A28Y.mp4
7AFEK9,/mnt/synology/BWVs/fourth_900_videos/evidence.com_evidence_package_1_of_3_created_2024-05-09T15_27_44Z/evidence.com_evidence_package_1_of_3_created_2024-05-09T15_27_44Z/Warned-2.mp4
7ABOLG,/mnt/synology/BWVs/fourth_900_videos/evidence.com_evidence_package_1_of_3_created_2024-05-09T15_27_44Z/evidence.com_evidence_package_1_of_3_created_2024-05-09T15_27_44Z/Traffic_Stop-2.mp4
7AA4SK,/mnt/synology/BWVs/fourth_900_videos/evidence.com_evidence_package_1_of_3_created_2024-05-09T15_27_44Z/evidence.com_evidence_package_1_of_3_created_2024-05-09T15_27_44Z/Traffic_Stop-5.mp4
7AACBJ,/mnt/synology/BWVs/fourth_900_videos/evidence.com_evidence_package_1_of_3_created_2024-05-09T15_27_44Z/evidence.com_evidence_package_1_of_3_created_2024-05-09T15_27_44Z/TRAFFIC_STOP_INV_CONT_.mp4
79VE4H,/mnt/synology/BWVs/fifth_45_videos/evidence.com_evidence_package_1_of_3_created_2024-06-06T15_24_24Z/Blocking_Sidewalk.mp4
79WGB2,/mnt/synology/BWVs/fifth_45_videos/evidence.com_evidence_package_1_of_3_created_2024-06-06T15_24_24Z/Ts-12.mp4
79ZIRF,/mnt/synology/BWVs/fourth_900_videos/evidence.com_evidence_package_1_of_3_created_2024-05-09T15_27_44Z/evidence.com_evidence_package_1_of_3_created_2024-05-09T15_27_44Z/006-2.mp4
79ZIRP,/mnt/synology/BWVs/fourth_900_videos/evidence.com_evidence_package_1_of_3_created_2024-05-09T15_27_44Z/evidence.com_evidence_package_1_of_3_created_2024-05-09T15_27_44Z/Parked_In_Sidewalk_.mp4
79EE0W,/mnt/synology/BWVs/fifth_45_videos/evidence.com_evidence_package_1_of_3_created_2024-06-06T15_24_24Z/Traffic_Stop-3.mp4
79E9TI,/mnt/synology/BWVs/fifth_45_videos/evidence.com_evidence_package_1_of_3_created_2024-06-06T15_24_24Z/Traffic_Stop-4.mp4
797KJ0,/mnt/synology/BWVs/fourth_900_videos/evidence.com_evidence_package_1_of_3_created_2024-05-09T15_27_44Z/evidence.com_evidence_package_1_of_3_created_2024-05-09T15_27_44Z/Nguyen.mp4
78O7JP,/mnt/synology/BWVs/fifth_45_videos/evidence.com_evidence_package_1_of_3_created_2024-06-06T15_24_24Z/006.mp4
78MTSR,/mnt/synology/BWVs/fifth_45_videos/evidence.com_evidence_package_1_of_3_created_2024-06-06T15_24_24Z/Traffic_Stop-6.mp4
78NEWN,/mnt/synology/BWVs/fifth_45_videos/evidence.com_evidence_package_1_of_3_created_2024-06-06T15_24_24Z/902.mp4
78LH7S,/mnt/synology/BWVs/fourth_900_videos/evidence.com_evidence_package_1_of_3_created_2024-05-09T15_27_44Z/evidence.com_evidence_package_1_of_3_created_2024-05-09T15_27_44Z/Axon_Body_3_Video_2022-04-03_1813_X6039A345.mp4
78H263,/mnt/synology/BWVs/fourth_900_videos/evidence.com_evidence_package_1_of_3_created_2024-05-09T15_27_44Z/evidence.com_evidence_package_1_of_3_created_2024-05-09T15_27_44Z/T_S_For_5200_CVC.mp4
77T6P4,/mnt/synology/BWVs/fourth_900_videos/evidence.com_evidence_package_1_of_3_created_2024-05-09T15_27_44Z/evidence.com_evidence_package_1_of_3_created_2024-05-09T15_27_44Z/warned.mp4
77DNVN,/mnt/synology/BWVs/fourth_900_videos/evidence.com_evidence_package_1_of_3_created_2024-05-09T15_27_44Z/evidence.com_evidence_package_1_of_3_created_2024-05-09T15_27_44Z/Axon_Body_3_Video_2022-03-31_2252_X6039BJUY.mp4
77H7VO,/mnt/synology/BWVs/fourth_900_videos/evidence.com_evidence_package_1_of_3_created_2024-05-09T15_27_44Z/evidence.com_evidence_package_1_of_3_created_2024-05-09T15_27_44Z/Ts-7.mp4
76H8JI,/mnt/synology/BWVs/fourth_900_videos/evidence.com_evidence_package_1_of_3_created_2024-05-09T15_27_44Z/evidence.com_evidence_package_1_of_3_created_2024-05-09T15_27_44Z/Traffic_Stop-3.mp4
76GCHB,/mnt/synology/BWVs/fourth_900_videos/evidence.com_evidence_package_1_of_3_created_2024-05-09T15_27_44Z/evidence.com_evidence_package_1_of_3_created_2024-05-09T15_27_44Z/Traffic_Stop-4.mp4
78284O,/mnt/synology/BWVs/fourth_900_videos/evidence.com_evidence_package_1_of_3_created_2024-05-09T15_27_44Z/evidence.com_evidence_package_1_of_3_created_2024-05-09T15_27_44Z/Tinted_windows.mp4
76FEYP,/mnt/synology/BWVs/fourth_900_videos/evidence.com_evidence_package_1_of_3_created_2024-05-09T15_27_44Z/evidence.com_evidence_package_1_of_3_created_2024-05-09T15_27_44Z/T_Stop.mp4
75R01G,/mnt/synology/BWVs/fourth_900_videos/evidence.com_evidence_package_1_of_3_created_2024-05-09T15_27_44Z/evidence.com_evidence_package_1_of_3_created_2024-05-09T15_27_44Z/No_Plates.mp4
75QWLY,/mnt/synology/BWVs/fourth_900_videos/evidence.com_evidence_package_1_of_3_created_2024-05-09T15_27_44Z/evidence.com_evidence_package_1_of_3_created_2024-05-09T15_27_44Z/Haltillo.mp4
75QQQ5,/mnt/synology/BWVs/fourth_900_videos/evidence.com_evidence_package_1_of_3_created_2024-05-09T15_27_44Z/evidence.com_evidence_package_1_of_3_created_2024-05-09T15_27_44Z/006.mp4
75L78D,/mnt/synology/BWVs/fifth_45_videos/evidence.com_evidence_package_1_of_3_created_2024-06-06T15_24_24Z/Axon_Body_3_Video_2022-03-27_2001_X6039BJSJ.mp4
74OODZ,/mnt/synology/BWVs/fourth_900_videos/evidence.com_evidence_package_1_of_3_created_2024-05-09T15_27_44Z/evidence.com_evidence_package_1_of_3_created_2024-05-09T15_27_44Z/FCIT_Lee.mp4
7461CO,/mnt/synology/BWVs/fourth_900_videos/evidence.com_evidence_package_1_of_3_created_2024-05-09T15_27_44Z/evidence.com_evidence_package_1_of_3_created_2024-05-09T15_27_44Z/Axon_Body_3_Video_2022-03-24_0825_X6039BEMZ.mp4
73ZLJ8,/mnt/synology/BWVs/fifth_45_videos/evidence.com_evidence_package_1_of_3_created_2024-06-06T15_24_24Z/Speed.mp4
730M8C,/mnt/synology/BWVs/fifth_45_videos/evidence.com_evidence_package_2_of_3_created_2024-06-06T15_24_24Z/006-2.mp4
73148E,/mnt/synology/BWVs/fifth_45_videos/evidence.com_evidence_package_2_of_3_created_2024-06-06T15_24_24Z/T_S.mp4
72TI2K,/mnt/synology/BWVs/fifth_45_videos/evidence.com_evidence_package_1_of_3_created_2024-06-06T15_24_24Z/Axon_Body_3_Video_2022-03-21_0149_X6039A2YN.mp4
72SP0C,/mnt/synology/BWVs/fourth_900_videos/evidence.com_evidence_package_1_of_3_created_2024-05-09T15_27_44Z/evidence.com_evidence_package_1_of_3_created_2024-05-09T15_27_44Z/Traffic_Stop-6.mp4
72TOGA,/mnt/synology/BWVs/fourth_900_videos/evidence.com_evidence_package_1_of_3_created_2024-05-09T15_27_44Z/evidence.com_evidence_package_1_of_3_created_2024-05-09T15_27_44Z/TS-5.mp4
71IPXS,/mnt/synology/BWVs/fourth_900_videos/evidence.com_evidence_package_1_of_3_created_2024-05-09T15_27_44Z/evidence.com_evidence_package_1_of_3_created_2024-05-09T15_27_44Z/23123.5a_G067534.mp4
712MMX,/mnt/synology/BWVs/fourth_900_videos/evidence.com_evidence_package_1_of_3_created_2024-05-09T15_27_44Z/evidence.com_evidence_package_1_of_3_created_2024-05-09T15_27_44Z/Ts-8.mp4
711MOA,/mnt/synology/BWVs/fifth_45_videos/evidence.com_evidence_package_1_of_3_created_2024-06-06T15_24_24Z/21453a_Cvc.mp4
70Y8QK,/mnt/synology/BWVs/fourth_900_videos/evidence.com_evidence_package_1_of_3_created_2024-05-09T15_27_44Z/evidence.com_evidence_package_1_of_3_created_2024-05-09T15_27_44Z/Stop_Sign_Violation.mp4
70OXQE,/mnt/synology/BWVs/fifth_45_videos/evidence.com_evidence_package_2_of_3_created_2024-06-06T15_24_24Z/006.mp4
70P63T,/mnt/synology/BWVs/fifth_45_videos/evidence.com_evidence_package_2_of_3_created_2024-06-06T15_24_24Z/Traffic_Stop_Tinted_Windows.mp4
70JVXS,/mnt/synology/BWVs/fourth_900_videos/evidence.com_evidence_package_1_of_3_created_2024-05-09T15_27_44Z/evidence.com_evidence_package_1_of_3_created_2024-05-09T15_27_44Z/Axon_Body_3_Video_2022-03-15_1742_X6039A3Y0.mp4
76VSEU,/mnt/synology/BWVs/fifth_45_videos/evidence.com_evidence_package_1_of_3_created_2024-06-06T15_24_24Z/Axon_Body_3_Video_2022-03-15_0932_X6039B93G.mp4
76VJMO,/mnt/synology/BWVs/fourth_900_videos/evidence.com_evidence_package_1_of_3_created_2024-05-09T15_27_44Z/evidence.com_evidence_package_1_of_3_created_2024-05-09T15_27_44Z/Axon_Body_3_Video_2022-03-15_0916_X6039B93G.mp4
76VGYZ,/mnt/synology/BWVs/fifth_45_videos/evidence.com_evidence_package_2_of_3_created_2024-06-06T15_24_24Z/Axon_Body_3_Video_2022-03-15_0847_X6039B93G.mp4
709P7W,/mnt/synology/BWVs/fourth_900_videos/evidence.com_evidence_package_1_of_3_created_2024-05-09T15_27_44Z/evidence.com_evidence_package_1_of_3_created_2024-05-09T15_27_44Z/Axon_Body_3_Video_2022-03-15_0202_X6039BB2X.mp4
708UX9,/mnt/synology/BWVs/fifth_45_videos/evidence.com_evidence_package_1_of_3_created_2024-06-06T15_24_24Z/Running_Stop_Signs.mp4
70RLAN,/mnt/synology/BWVs/fourth_900_videos/evidence.com_evidence_package_1_of_3_created_2024-05-09T15_27_44Z/evidence.com_evidence_package_1_of_3_created_2024-05-09T15_27_44Z/W748448.mp4
70B4BM,/mnt/synology/BWVs/fourth_900_videos/evidence.com_evidence_package_1_of_3_created_2024-05-09T15_27_44Z/evidence.com_evidence_package_1_of_3_created_2024-05-09T15_27_44Z/Cellphone-2.mp4
6ZW4M1,/mnt/synology/BWVs/fourth_900_videos/evidence.com_evidence_package_1_of_3_created_2024-05-09T15_27_44Z/evidence.com_evidence_package_1_of_3_created_2024-05-09T15_27_44Z/Axon_Body_3_Video_2022-03-14_1116_X6039BEMZ.mp4
6ZX072,/mnt/synology/BWVs/fourth_900_videos/evidence.com_evidence_package_1_of_3_created_2024-05-09T15_27_44Z/evidence.com_evidence_package_1_of_3_created_2024-05-09T15_27_44Z/Axon_Body_3_Video_2022-03-14_0813_X6039BC3C.mp4
6ZXK68,/mnt/synology/BWVs/fourth_900_videos/evidence.com_evidence_package_1_of_3_created_2024-05-09T15_27_44Z/evidence.com_evidence_package_1_of_3_created_2024-05-09T15_27_44Z/Axon_Body_3_Video_2022-03-14_0804_X6039BC3C.mp4
6ZXK61,/mnt/synology/BWVs/fourth_900_videos/evidence.com_evidence_package_1_of_3_created_2024-05-09T15_27_44Z/evidence.com_evidence_package_1_of_3_created_2024-05-09T15_27_44Z/Axon_Body_3_Video_2022-03-14_0757_X6039BC3C.mp4
6ZX9S2,/mnt/synology/BWVs/fourth_900_videos/evidence.com_evidence_package_1_of_3_created_2024-05-09T15_27_44Z/evidence.com_evidence_package_1_of_3_created_2024-05-09T15_27_44Z/Axon_Body_3_Video_2022-03-14_0748_X6039BC3C.mp4
6ZPH2S,/mnt/synology/BWVs/fifth_45_videos/evidence.com_evidence_package_1_of_3_created_2024-06-06T15_24_24Z/traffic_stop-7.mp4
6ZLJDS,/mnt/synology/BWVs/fifth_45_videos/evidence.com_evidence_package_2_of_3_created_2024-06-06T15_24_24Z/Traffic_Stop.mp4
6ZBA9Z,/mnt/synology/BWVs/fourth_900_videos/evidence.com_evidence_package_1_of_3_created_2024-05-09T15_27_44Z/evidence.com_evidence_package_1_of_3_created_2024-05-09T15_27_44Z/Axon_Body_3_Video_2022-03-12_1920_X6039BJ20.mp4
6ZAT40,/mnt/synology/BWVs/fourth_900_videos/evidence.com_evidence_package_1_of_3_created_2024-05-09T15_27_44Z/evidence.com_evidence_package_1_of_3_created_2024-05-09T15_27_44Z/Axon_Body_3_Video_2022-03-12_1920_X6039A3Y0.mp4
6YXIDJ,/mnt/synology/BWVs/fourth_900_videos/evidence.com_evidence_package_1_of_3_created_2024-05-09T15_27_44Z/evidence.com_evidence_package_1_of_3_created_2024-05-09T15_27_44Z/Traffic_Stop_For_Driving_In_Center_Divider.mp4
6YD2EP,/mnt/synology/BWVs/fifth_45_videos/evidence.com_evidence_package_2_of_3_created_2024-06-06T15_24_24Z/902.mp4
6YCWOJ,/mnt/synology/BWVs/fourth_900_videos/evidence.com_evidence_package_3_of_3_created_2024-05-09T15_27_44Z/evidence.com_evidence_package_3_of_3_created_2024-05-09T15_27_44Z/23152F.mp4
6Y0PPU,/mnt/synology/BWVs/fourth_900_videos/evidence.com_evidence_package_1_of_3_created_2024-05-09T15_27_44Z/evidence.com_evidence_package_1_of_3_created_2024-05-09T15_27_44Z/TS_for_22450a_VC._Cite#G066657.mp4
6X9929,/mnt/synology/BWVs/fifth_45_videos/evidence.com_evidence_package_1_of_3_created_2024-06-06T15_24_24Z/Denver_Ave_&_66th_St.mp4
6X47EK,/mnt/synology/BWVs/fourth_900_videos/evidence.com_evidence_package_1_of_3_created_2024-05-09T15_27_44Z/evidence.com_evidence_package_1_of_3_created_2024-05-09T15_27_44Z/Axon_Body_3_Video_2022-03-08_1408_X6039BFGE.mp4
6X3LXK,/mnt/synology/BWVs/fourth_900_videos/evidence.com_evidence_package_1_of_3_created_2024-05-09T15_27_44Z/evidence.com_evidence_package_1_of_3_created_2024-05-09T15_27_44Z/Axon_Body_3_Video_2022-03-08_1407_X6039BA5K.mp4
6W6OB2,/mnt/synology/BWVs/fourth_900_videos/evidence.com_evidence_package_1_of_3_created_2024-05-09T20_58_48Z/evidence.com_evidence_package_1_of_3_created_2024-05-09T20_58_48Z/Axon_Body_3_Video_2022-03-06_1250_X6039BD0B.mp4
6VY5OC,/mnt/synology/BWVs/fourth_900_videos/evidence.com_evidence_package_1_of_3_created_2024-05-09T20_58_48Z/evidence.com_evidence_package_1_of_3_created_2024-05-09T20_58_48Z/tstop_snooty_red_light.mp4
6W1Z3K,/mnt/synology/BWVs/fourth_900_videos/evidence.com_evidence_package_1_of_3_created_2024-05-09T20_58_48Z/evidence.com_evidence_package_1_of_3_created_2024-05-09T20_58_48Z/tints_and_ran_red_light.mp4
6UNCCU,/mnt/synology/BWVs/fourth_900_videos/evidence.com_evidence_package_1_of_3_created_2024-05-09T20_58_48Z/evidence.com_evidence_package_1_of_3_created_2024-05-09T20_58_48Z/Paper_Plates_Narco_Inv.mp4
6U9S00,/mnt/synology/BWVs/fourth_900_videos/evidence.com_evidence_package_1_of_3_created_2024-05-09T20_58_48Z/evidence.com_evidence_package_1_of_3_created_2024-05-09T20_58_48Z/Traffic_Stop-3.mp4
6TO6FB,/mnt/synology/BWVs/fourth_900_videos/evidence.com_evidence_package_2_of_3_created_2024-05-09T20_58_49Z/evidence.com_evidence_package_2_of_3_created_2024-05-09T20_58_49Z/G067944.mp4
6TLYSE,/mnt/synology/BWVs/fourth_900_videos/evidence.com_evidence_package_2_of_3_created_2024-05-09T20_58_49Z/evidence.com_evidence_package_2_of_3_created_2024-05-09T20_58_49Z/Traffic_Stop-3.mp4
6TA6UR,/mnt/synology/BWVs/fourth_900_videos/evidence.com_evidence_package_2_of_3_created_2024-05-09T20_58_49Z/evidence.com_evidence_package_2_of_3_created_2024-05-09T20_58_49Z/Axon_Body_3_Video_2022-02-27_2225_X6039BJUY.mp4
6TADB7,/mnt/synology/BWVs/fourth_900_videos/evidence.com_evidence_package_1_of_3_created_2024-05-09T20_58_48Z/evidence.com_evidence_package_1_of_3_created_2024-05-09T20_58_48Z/Axon_Body_3_Video_2022-02-27_2212_X6039BJUY.mp4
6TAQDS,/mnt/synology/BWVs/fourth_900_videos/evidence.com_evidence_package_2_of_3_created_2024-05-09T20_58_49Z/evidence.com_evidence_package_2_of_3_created_2024-05-09T20_58_49Z/Traffic_Stop.mp4
6T9DSK,/mnt/synology/BWVs/fourth_900_videos/evidence.com_evidence_package_1_of_3_created_2024-05-09T20_58_48Z/evidence.com_evidence_package_1_of_3_created_2024-05-09T20_58_48Z/Axon_Body_3_Video_2022-02-27_1431_X6039BFGE.mp4
6T9GFO,/mnt/synology/BWVs/fourth_900_videos/evidence.com_evidence_package_1_of_3_created_2024-05-09T20_58_48Z/evidence.com_evidence_package_1_of_3_created_2024-05-09T20_58_48Z/Axon_Body_3_Video_2022-02-27_1429_X6039BA5K.mp4
6T6LC3,/mnt/synology/BWVs/fourth_900_videos/evidence.com_evidence_package_1_of_3_created_2024-05-09T20_58_48Z/evidence.com_evidence_package_1_of_3_created_2024-05-09T20_58_48Z/Axon_Body_3_Video_2022-02-27_1304_X60A1366M.mp4
6T6JJ2,/mnt/synology/BWVs/fourth_900_videos/evidence.com_evidence_package_1_of_3_created_2024-05-09T20_58_48Z/evidence.com_evidence_package_1_of_3_created_2024-05-09T20_58_48Z/Traffic_Stop-4.mp4
6V936U,/mnt/synology/BWVs/fourth_900_videos/evidence.com_evidence_package_2_of_3_created_2024-05-09T20_58_49Z/evidence.com_evidence_package_2_of_3_created_2024-05-09T20_58_49Z/006.mp4
6SWWMS,/mnt/synology/BWVs/fourth_900_videos/evidence.com_evidence_package_1_of_3_created_2024-05-09T20_58_48Z/evidence.com_evidence_package_1_of_3_created_2024-05-09T20_58_48Z/Ts-3.mp4
6SXIR6,/mnt/synology/BWVs/fourth_900_videos/evidence.com_evidence_package_2_of_3_created_2024-05-09T20_58_49Z/evidence.com_evidence_package_2_of_3_created_2024-05-09T20_58_49Z/Ts.mp4
6SXEXI,/mnt/synology/BWVs/fourth_900_videos/evidence.com_evidence_package_2_of_3_created_2024-05-09T20_58_49Z/evidence.com_evidence_package_2_of_3_created_2024-05-09T20_58_49Z/Failed_To_Stop_Behind_Limit_Line.mp4
6TDM8N,/mnt/synology/BWVs/fourth_900_videos/evidence.com_evidence_package_1_of_3_created_2024-05-09T20_58_48Z/evidence.com_evidence_package_1_of_3_created_2024-05-09T20_58_48Z/Myren.mp4
6SSY4E,/mnt/synology/BWVs/fourth_900_videos/evidence.com_evidence_package_1_of_3_created_2024-05-09T20_58_48Z/evidence.com_evidence_package_1_of_3_created_2024-05-09T20_58_48Z/Axon_Body_3_Video_2022-02-26_1003_X6039A3XB.mp4
6SOZP2,/mnt/synology/BWVs/fourth_900_videos/evidence.com_evidence_package_1_of_3_created_2024-05-09T20_58_48Z/evidence.com_evidence_package_1_of_3_created_2024-05-09T20_58_48Z/902.mp4
6RXAZO,/mnt/synology/BWVs/fourth_900_videos/evidence.com_evidence_package_1_of_3_created_2024-05-09T20_58_48Z/evidence.com_evidence_package_1_of_3_created_2024-05-09T20_58_48Z/Axon_Body_3_Video_2022-02-24_0841_X6039BGKF.mp4
6R802R,/mnt/synology/BWVs/fourth_900_videos/evidence.com_evidence_package_1_of_3_created_2024-05-09T20_58_48Z/evidence.com_evidence_package_1_of_3_created_2024-05-09T20_58_48Z/Tstop.mp4
6TVHTC,/mnt/synology/BWVs/fourth_900_videos/evidence.com_evidence_package_1_of_3_created_2024-05-09T20_58_48Z/evidence.com_evidence_package_1_of_3_created_2024-05-09T20_58_48Z/Ts-5.mp4
6R8WUV,/mnt/synology/BWVs/fourth_900_videos/evidence.com_evidence_package_1_of_3_created_2024-05-09T20_58_48Z/evidence.com_evidence_package_1_of_3_created_2024-05-09T20_58_48Z/006.mp4
6RAIZ4,/mnt/synology/BWVs/fourth_900_videos/evidence.com_evidence_package_1_of_3_created_2024-05-09T20_58_48Z/evidence.com_evidence_package_1_of_3_created_2024-05-09T20_58_48Z/T_S.mp4
6QS7EP,/mnt/synology/BWVs/fourth_900_videos/evidence.com_evidence_package_1_of_3_created_2024-05-09T20_58_48Z/evidence.com_evidence_package_1_of_3_created_2024-05-09T20_58_48Z/Ts_Mazda.mp4
6QS0W8,/mnt/synology/BWVs/fourth_900_videos/evidence.com_evidence_package_1_of_3_created_2024-05-09T20_58_48Z/evidence.com_evidence_package_1_of_3_created_2024-05-09T20_58_48Z/Warning_Cite_For_22450A.mp4
6QH6IW,/mnt/synology/BWVs/fourth_900_videos/evidence.com_evidence_package_1_of_3_created_2024-05-09T20_58_48Z/evidence.com_evidence_package_1_of_3_created_2024-05-09T20_58_48Z/Failure_To_Stop.mp4
6QGYGD,/mnt/synology/BWVs/fourth_900_videos/evidence.com_evidence_package_1_of_3_created_2024-05-09T20_58_48Z/evidence.com_evidence_package_1_of_3_created_2024-05-09T20_58_48Z/TS-4.mp4
6Q37G2,/mnt/synology/BWVs/fourth_900_videos/evidence.com_evidence_package_1_of_3_created_2024-05-09T20_58_48Z/evidence.com_evidence_package_1_of_3_created_2024-05-09T20_58_48Z/Axon_Body_3_Video_2022-02-19_1712_X6039BJV1.mp4
6Q14YC,/mnt/synology/BWVs/fourth_900_videos/evidence.com_evidence_package_2_of_3_created_2024-05-09T20_58_49Z/evidence.com_evidence_package_2_of_3_created_2024-05-09T20_58_49Z/Expired_Reg.mp4
6OZEZX,/mnt/synology/BWVs/fourth_900_videos/evidence.com_evidence_package_1_of_3_created_2024-05-09T20_58_48Z/evidence.com_evidence_package_1_of_3_created_2024-05-09T20_58_48Z/B_O_Plates.mp4
6OZ1LZ,/mnt/synology/BWVs/fourth_900_videos/evidence.com_evidence_package_1_of_3_created_2024-05-09T20_58_48Z/evidence.com_evidence_package_1_of_3_created_2024-05-09T20_58_48Z/Bo_Plates.mp4
6OWHNA,/mnt/synology/BWVs/fourth_900_videos/evidence.com_evidence_package_1_of_3_created_2024-05-09T20_58_48Z/evidence.com_evidence_package_1_of_3_created_2024-05-09T20_58_48Z/902-2.mp4
6OWITA,"/mnt/synology/BWVs/fourth_900_videos/evidence.com_evidence_package_2_of_3_created_2024-05-09T20_58_49Z/evidence.com_evidence_package_2_of_3_created_2024-05-09T20_58_49Z/T_S_For_Red_Light_Violation,_Cited.mp4"
6OU1WE,/mnt/synology/BWVs/fourth_900_videos/evidence.com_evidence_package_2_of_3_created_2024-05-09T20_58_49Z/evidence.com_evidence_package_2_of_3_created_2024-05-09T20_58_49Z/Tinted_Windows.mp4
6OTT5B,/mnt/synology/BWVs/fourth_900_videos/evidence.com_evidence_package_2_of_3_created_2024-05-09T20_58_49Z/evidence.com_evidence_package_2_of_3_created_2024-05-09T20_58_49Z/TS-2.mp4
6ODXU8,/mnt/synology/BWVs/fourth_900_videos/evidence.com_evidence_package_1_of_3_created_2024-05-09T20_58_48Z/evidence.com_evidence_package_1_of_3_created_2024-05-09T20_58_48Z/Axon_Body_3_Video_2022-02-15_1835_X6039BBP0.mp4
6OER9C,/mnt/synology/BWVs/fourth_900_videos/evidence.com_evidence_package_1_of_3_created_2024-05-09T20_58_48Z/evidence.com_evidence_package_1_of_3_created_2024-05-09T20_58_48Z/Axon_Body_3_Video_2022-02-15_1835_X6039BBV1.mp4
6O6TG6,/mnt/synology/BWVs/fourth_900_videos/evidence.com_evidence_package_1_of_3_created_2024-05-09T20_58_48Z/evidence.com_evidence_package_1_of_3_created_2024-05-09T20_58_48Z/88.mp4
6O7I2S,/mnt/synology/BWVs/fourth_900_videos/evidence.com_evidence_package_1_of_3_created_2024-05-09T20_58_48Z/evidence.com_evidence_package_1_of_3_created_2024-05-09T20_58_48Z/87.mp4
6O7LX1,/mnt/synology/BWVs/fourth_900_videos/evidence.com_evidence_package_1_of_3_created_2024-05-09T20_58_48Z/evidence.com_evidence_package_1_of_3_created_2024-05-09T20_58_48Z/86.mp4
6O797W,/mnt/synology/BWVs/fourth_900_videos/evidence.com_evidence_package_1_of_3_created_2024-05-09T20_58_48Z/evidence.com_evidence_package_1_of_3_created_2024-05-09T20_58_48Z/85.mp4
6NYTUT,/mnt/synology/BWVs/fourth_900_videos/evidence.com_evidence_package_1_of_3_created_2024-05-09T20_58_48Z/evidence.com_evidence_package_1_of_3_created_2024-05-09T20_58_48Z/Axon_Body_3_Video_2022-02-14_2317_X6039BCHZ.mp4
6NYKDO,/mnt/synology/BWVs/fourth_900_videos/evidence.com_evidence_package_3_of_3_created_2024-05-09T20_58_49Z/evidence.com_evidence_package_3_of_3_created_2024-05-09T20_58_49Z/Traffic_Stop_.mp4
6NXM0H,/mnt/synology/BWVs/fourth_900_videos/evidence.com_evidence_package_1_of_3_created_2024-05-09T20_58_48Z/evidence.com_evidence_package_1_of_3_created_2024-05-09T20_58_48Z/traffic_stop.mp4
6NZMG9,/mnt/synology/BWVs/fourth_900_videos/evidence.com_evidence_package_1_of_3_created_2024-05-09T20_58_48Z/evidence.com_evidence_package_1_of_3_created_2024-05-09T20_58_48Z/Ts.mp4
6NC7ZA,/mnt/synology/BWVs/fourth_900_videos/evidence.com_evidence_package_2_of_3_created_2024-05-09T20_58_49Z/evidence.com_evidence_package_2_of_3_created_2024-05-09T20_58_49Z/Traffic_Stop_(Failure_To_Yield)_-_Cited_Gonzalez.mp4
6MT62R,/mnt/synology/BWVs/fourth_900_videos/evidence.com_evidence_package_1_of_3_created_2024-05-09T20_58_48Z/evidence.com_evidence_package_1_of_3_created_2024-05-09T20_58_48Z/Axon_Body_3_Video_2022-02-11_1737_X6039A3Y0.mp4
6MSWIY,/mnt/synology/BWVs/fourth_900_videos/evidence.com_evidence_package_1_of_3_created_2024-05-09T20_58_48Z/evidence.com_evidence_package_1_of_3_created_2024-05-09T20_58_48Z/Axon_Body_3_Video_2022-02-11_1737_X6039BJ20.mp4
6MLKZI,/mnt/synology/BWVs/fourth_900_videos/evidence.com_evidence_package_1_of_3_created_2024-05-09T20_58_48Z/evidence.com_evidence_package_1_of_3_created_2024-05-09T20_58_48Z/G066743.mp4
6LYCQQ,/mnt/synology/BWVs/fourth_900_videos/evidence.com_evidence_package_1_of_3_created_2024-05-09T20_58_48Z/evidence.com_evidence_package_1_of_3_created_2024-05-09T20_58_48Z/Plate_Cover.mp4
6LJTI1,/mnt/synology/BWVs/fourth_900_videos/evidence.com_evidence_package_1_of_3_created_2024-05-09T20_58_48Z/evidence.com_evidence_package_1_of_3_created_2024-05-09T20_58_48Z/Ts-2.mp4
6KSLGG,/mnt/synology/BWVs/fourth_900_videos/evidence.com_evidence_package_1_of_3_created_2024-05-09T20_58_48Z/evidence.com_evidence_package_1_of_3_created_2024-05-09T20_58_48Z/TS_for_23123.5a_VC._Cite_#G066636.mp4
6KKLBP,/mnt/synology/BWVs/fourth_900_videos/evidence.com_evidence_package_1_of_3_created_2024-05-09T20_58_48Z/evidence.com_evidence_package_1_of_3_created_2024-05-09T20_58_48Z/Axon_Body_3_Video_2022-02-06_2148_X6039A713.mp4
6KHEDJ,/mnt/synology/BWVs/fourth_900_videos/evidence.com_evidence_package_2_of_3_created_2024-05-09T20_58_49Z/evidence.com_evidence_package_2_of_3_created_2024-05-09T20_58_49Z/T_S_Desmond_Herrick.mp4
6KBIS0,/mnt/synology/BWVs/fourth_900_videos/evidence.com_evidence_package_1_of_3_created_2024-05-09T20_58_48Z/evidence.com_evidence_package_1_of_3_created_2024-05-09T20_58_48Z/Warmed.mp4
6KD148,/mnt/synology/BWVs/fourth_900_videos/evidence.com_evidence_package_1_of_3_created_2024-05-09T20_58_48Z/evidence.com_evidence_package_1_of_3_created_2024-05-09T20_58_48Z/TS_CURSON_PACKARD.mp4
6JN47A,/mnt/synology/BWVs/fourth_900_videos/evidence.com_evidence_package_1_of_3_created_2024-05-09T20_58_48Z/evidence.com_evidence_package_1_of_3_created_2024-05-09T20_58_48Z/Axon_Body_3_Video_2022-02-03_2322_X6039BB2X.mp4
6JN13C,/mnt/synology/BWVs/fourth_900_videos/evidence.com_evidence_package_1_of_3_created_2024-05-09T20_58_48Z/evidence.com_evidence_package_1_of_3_created_2024-05-09T20_58_48Z/T_Stop.mp4
6JIH33,/mnt/synology/BWVs/fourth_900_videos/evidence.com_evidence_package_2_of_3_created_2024-05-09T20_58_49Z/evidence.com_evidence_package_2_of_3_created_2024-05-09T20_58_49Z/Traffic_Stop-5.mp4
6JHZJB,/mnt/synology/BWVs/fourth_900_videos/evidence.com_evidence_package_2_of_3_created_2024-05-09T20_58_49Z/evidence.com_evidence_package_2_of_3_created_2024-05-09T20_58_49Z/Traffic_Stop-6.mp4
6JI11W,/mnt/synology/BWVs/fourth_900_videos/evidence.com_evidence_package_1_of_3_created_2024-05-09T20_58_48Z/evidence.com_evidence_package_1_of_3_created_2024-05-09T20_58_48Z/76th_broadway.mp4
6JI46O,/mnt/synology/BWVs/fourth_900_videos/evidence.com_evidence_package_1_of_3_created_2024-05-09T20_58_48Z/evidence.com_evidence_package_1_of_3_created_2024-05-09T20_58_48Z/Axon_Body_3_Video_2022-02-03_1938_X6039B8DZ.mp4
6L87BZ,/mnt/synology/BWVs/fourth_900_videos/evidence.com_evidence_package_2_of_3_created_2024-05-09T20_58_49Z/evidence.com_evidence_package_2_of_3_created_2024-05-09T20_58_49Z/Axon_Body_3_Video_2022-02-03_1604_X6039BAR1.mp4
6L991A,/mnt/synology/BWVs/fourth_900_videos/evidence.com_evidence_package_2_of_3_created_2024-05-09T20_58_49Z/evidence.com_evidence_package_2_of_3_created_2024-05-09T20_58_49Z/Axon_Body_3_Video_2022-02-03_1604_X6039B9F3.mp4
6J7LSH,/mnt/synology/BWVs/fourth_900_videos/evidence.com_evidence_package_1_of_3_created_2024-05-09T20_58_48Z/evidence.com_evidence_package_1_of_3_created_2024-05-09T20_58_48Z/Warn_For_Tinted_Windows.mp4
6J8IT4,/mnt/synology/BWVs/fourth_900_videos/evidence.com_evidence_package_1_of_3_created_2024-05-09T20_58_48Z/evidence.com_evidence_package_1_of_3_created_2024-05-09T20_58_48Z/tinted_windows.mp4
6J4IHT,/mnt/synology/BWVs/fourth_900_videos/evidence.com_evidence_package_2_of_3_created_2024-05-09T20_58_49Z/evidence.com_evidence_package_2_of_3_created_2024-05-09T20_58_49Z/traffic_stop-4.mp4
6IMR6D,/mnt/synology/BWVs/fourth_900_videos/evidence.com_evidence_package_1_of_3_created_2024-05-09T20_58_48Z/evidence.com_evidence_package_1_of_3_created_2024-05-09T20_58_48Z/Florence_Crenshaw.mp4
6I9D4J,/mnt/synology/BWVs/fourth_900_videos/evidence.com_evidence_package_2_of_3_created_2024-05-09T20_58_49Z/evidence.com_evidence_package_2_of_3_created_2024-05-09T20_58_49Z/Axon_Body_3_Video_2022-02-01_0225_X6039B9HH.mp4
6IA1U6,/mnt/synology/BWVs/fourth_900_videos/evidence.com_evidence_package_2_of_3_created_2024-05-09T20_58_49Z/evidence.com_evidence_package_2_of_3_created_2024-05-09T20_58_49Z/T_S_FAIL_TO_STOP_RED_LIGHT.mp4
6I8MT6,/mnt/synology/BWVs/fourth_900_videos/evidence.com_evidence_package_3_of_3_created_2024-05-09T20_58_49Z/evidence.com_evidence_package_3_of_3_created_2024-05-09T20_58_49Z/006.mp4
6I9H2X,/mnt/synology/BWVs/fourth_900_videos/evidence.com_evidence_package_3_of_3_created_2024-05-09T20_58_49Z/evidence.com_evidence_package_3_of_3_created_2024-05-09T20_58_49Z/4000A1_VC.mp4
6JUCQ4,/mnt/synology/BWVs/fourth_900_videos/evidence.com_evidence_package_1_of_3_created_2024-05-09T20_58_48Z/evidence.com_evidence_package_1_of_3_created_2024-05-09T20_58_48Z/Axon_Body_3_Video_2022-01-31_1717_X6039BC71.mp4
6JTRAD,/mnt/synology/BWVs/fourth_900_videos/evidence.com_evidence_package_2_of_3_created_2024-05-09T20_58_49Z/evidence.com_evidence_package_2_of_3_created_2024-05-09T20_58_49Z/Axon_Body_3_Video_2022-01-31_1657_X6039BC71.mp4
6JTLKX,/mnt/synology/BWVs/fourth_900_videos/evidence.com_evidence_package_2_of_3_created_2024-05-09T20_58_49Z/evidence.com_evidence_package_2_of_3_created_2024-05-09T20_58_49Z/Axon_Body_3_Video_2022-01-31_1634_X6039BC71.mp4
6HIRA8,/mnt/synology/BWVs/fourth_900_videos/evidence.com_evidence_package_2_of_3_created_2024-05-09T20_58_49Z/evidence.com_evidence_package_2_of_3_created_2024-05-09T20_58_49Z/Traffic_Stop-2.mp4
6GTZ7J,/mnt/synology/BWVs/fourth_900_videos/evidence.com_evidence_package_1_of_3_created_2024-05-09T20_58_48Z/evidence.com_evidence_package_1_of_3_created_2024-05-09T20_58_48Z/T.mp4
6GJ6LB,/mnt/synology/BWVs/fourth_900_videos/evidence.com_evidence_package_1_of_3_created_2024-05-09T20_58_48Z/evidence.com_evidence_package_1_of_3_created_2024-05-09T20_58_48Z/Cellphone.mp4
6GBAL9,/mnt/synology/BWVs/fourth_900_videos/evidence.com_evidence_package_1_of_3_created_2024-05-09T20_58_48Z/evidence.com_evidence_package_1_of_3_created_2024-05-09T20_58_48Z/Axon_Body_3_Video_2022-01-27_2000_X6039BJSJ.mp4
6GC7E6,/mnt/synology/BWVs/fourth_900_videos/evidence.com_evidence_package_1_of_3_created_2024-05-09T20_58_48Z/evidence.com_evidence_package_1_of_3_created_2024-05-09T20_58_48Z/Axon_Body_3_Video_2022-01-27_1746_X6039BCHZ.mp4
6GCANZ,/mnt/synology/BWVs/fourth_900_videos/evidence.com_evidence_package_1_of_3_created_2024-05-09T20_58_48Z/evidence.com_evidence_package_1_of_3_created_2024-05-09T20_58_48Z/Traffic_Stop-5.mp4
6FI58W,/mnt/synology/BWVs/fourth_900_videos/evidence.com_evidence_package_1_of_3_created_2024-05-09T20_58_48Z/evidence.com_evidence_package_1_of_3_created_2024-05-09T20_58_48Z/Chev_Truck.mp4
6F5X7E,/mnt/synology/BWVs/fourth_900_videos/evidence.com_evidence_package_1_of_3_created_2024-05-09T20_58_48Z/evidence.com_evidence_package_1_of_3_created_2024-05-09T20_58_48Z/Warned.mp4
6F2GYD,/mnt/synology/BWVs/fourth_900_videos/evidence.com_evidence_package_2_of_3_created_2024-05-09T20_58_49Z/evidence.com_evidence_package_2_of_3_created_2024-05-09T20_58_49Z/t_stop.mp4
6F2AVB,/mnt/synology/BWVs/fourth_900_videos/evidence.com_evidence_package_2_of_3_created_2024-05-09T20_58_49Z/evidence.com_evidence_package_2_of_3_created_2024-05-09T20_58_49Z/traffic_stop-7.mp4
6F2JL8,/mnt/synology/BWVs/fourth_900_videos/evidence.com_evidence_package_1_of_3_created_2024-05-09T20_58_48Z/evidence.com_evidence_package_1_of_3_created_2024-05-09T20_58_48Z/traffic_stop-2.mp4
6F0WDQ,/mnt/synology/BWVs/fourth_900_videos/evidence.com_evidence_package_2_of_3_created_2024-05-09T20_58_49Z/evidence.com_evidence_package_2_of_3_created_2024-05-09T20_58_49Z/T_s.mp4
6EUMA6,/mnt/synology/BWVs/fourth_900_videos/evidence.com_evidence_package_1_of_3_created_2024-05-09T20_58_48Z/evidence.com_evidence_package_1_of_3_created_2024-05-09T20_58_48Z/Cited_Driver_For_U_Turn_In_Business_Dist.mp4
6ETRMO,/mnt/synology/BWVs/fourth_900_videos/evidence.com_evidence_package_1_of_3_created_2024-05-09T20_58_48Z/evidence.com_evidence_package_1_of_3_created_2024-05-09T20_58_48Z/Auguste.mp4
6EUONU,/mnt/synology/BWVs/fourth_900_videos/evidence.com_evidence_package_1_of_3_created_2024-05-09T20_58_48Z/evidence.com_evidence_package_1_of_3_created_2024-05-09T20_58_48Z/09.mp4
6EMWQ5,/mnt/synology/BWVs/fourth_900_videos/evidence.com_evidence_package_1_of_3_created_2024-05-09T20_58_48Z/evidence.com_evidence_package_1_of_3_created_2024-05-09T20_58_48Z/Tint.mp4
6EAV2C,/mnt/synology/BWVs/fourth_900_videos/evidence.com_evidence_package_1_of_3_created_2024-05-09T20_58_48Z/evidence.com_evidence_package_1_of_3_created_2024-05-09T20_58_48Z/HOB.mp4
6E3ICC,/mnt/synology/BWVs/fourth_900_videos/evidence.com_evidence_package_1_of_3_created_2024-05-09T20_58_48Z/evidence.com_evidence_package_1_of_3_created_2024-05-09T20_58_48Z/coldwTER_AND_VANOWEN.mp4
6E3WLY,/mnt/synology/BWVs/fourth_900_videos/evidence.com_evidence_package_1_of_3_created_2024-05-09T20_58_48Z/evidence.com_evidence_package_1_of_3_created_2024-05-09T20_58_48Z/tinted_windows-2.mp4
6DZIXS,/mnt/synology/BWVs/fourth_900_videos/evidence.com_evidence_package_1_of_3_created_2024-05-09T20_58_48Z/evidence.com_evidence_package_1_of_3_created_2024-05-09T20_58_48Z/H147987_22348a_vc_Manucharyan.mp4
6J8J9H,/mnt/synology/BWVs/fourth_900_videos/evidence.com_evidence_package_1_of_2_created_2024-05-09T20_59_49Z/evidence.com_evidence_package_1_of_2_created_2024-05-09T20_59_49Z/Axon_Body_3_Video_2022-01-21_0923_X6039BKKF.mp4
6J83V3,/mnt/synology/BWVs/fourth_900_videos/evidence.com_evidence_package_1_of_2_created_2024-05-09T20_59_49Z/evidence.com_evidence_package_1_of_2_created_2024-05-09T20_59_49Z/Axon_Body_3_Video_2022-01-21_0910_X6039BKKF.mp4
6J816L,/mnt/synology/BWVs/fourth_900_videos/evidence.com_evidence_package_1_of_2_created_2024-05-09T20_59_49Z/evidence.com_evidence_package_1_of_2_created_2024-05-09T20_59_49Z/Axon_Body_3_Video_2022-01-21_0902_X6039BKKF.mp4
6J88TB,/mnt/synology/BWVs/fourth_900_videos/evidence.com_evidence_package_1_of_2_created_2024-05-09T20_59_49Z/evidence.com_evidence_package_1_of_2_created_2024-05-09T20_59_49Z/Axon_Body_3_Video_2022-01-21_0853_X6039BKKF.mp4
6J7NQ8,/mnt/synology/BWVs/fourth_900_videos/evidence.com_evidence_package_1_of_2_created_2024-05-09T20_59_49Z/evidence.com_evidence_package_1_of_2_created_2024-05-09T20_59_49Z/Axon_Body_3_Video_2022-01-21_0842_X6039BKKF.mp4
6J7JFO,/mnt/synology/BWVs/fourth_900_videos/evidence.com_evidence_package_1_of_2_created_2024-05-09T20_59_49Z/evidence.com_evidence_package_1_of_2_created_2024-05-09T20_59_49Z/Axon_Body_3_Video_2022-01-21_0830_X6039BKKF.mp4
6J7WW4,/mnt/synology/BWVs/fourth_900_videos/evidence.com_evidence_package_1_of_2_created_2024-05-09T20_59_49Z/evidence.com_evidence_package_1_of_2_created_2024-05-09T20_59_49Z/Axon_Body_3_Video_2022-01-21_0820_X6039BKKF.mp4
6J7G05,/mnt/synology/BWVs/fourth_900_videos/evidence.com_evidence_package_1_of_2_created_2024-05-09T20_59_49Z/evidence.com_evidence_package_1_of_2_created_2024-05-09T20_59_49Z/Axon_Body_3_Video_2022-01-21_0806_X6039BKKF.mp4
6DIH98,/mnt/synology/BWVs/fourth_900_videos/evidence.com_evidence_package_1_of_2_created_2024-05-09T20_59_49Z/evidence.com_evidence_package_1_of_2_created_2024-05-09T20_59_49Z/T_Stop-2.mp4
6FL1A9,/mnt/synology/BWVs/fourth_900_videos/evidence.com_evidence_package_1_of_2_created_2024-05-09T20_59_49Z/evidence.com_evidence_package_1_of_2_created_2024-05-09T20_59_49Z/Axon_Body_3_Video_2022-01-20_1549_X6039BDGC.mp4
6D4QHJ,/mnt/synology/BWVs/fourth_900_videos/evidence.com_evidence_package_1_of_2_created_2024-05-09T20_59_49Z/evidence.com_evidence_package_1_of_2_created_2024-05-09T20_59_49Z/T_S.mp4
6D4ROQ,/mnt/synology/BWVs/fourth_900_videos/evidence.com_evidence_package_1_of_2_created_2024-05-09T20_59_49Z/evidence.com_evidence_package_1_of_2_created_2024-05-09T20_59_49Z/Ts-4.mp4
6CM3VJ,/mnt/synology/BWVs/fourth_900_videos/evidence.com_evidence_package_1_of_2_created_2024-05-09T20_59_49Z/evidence.com_evidence_package_1_of_2_created_2024-05-09T20_59_49Z/Axon_Body_3_Video_2022-01-18_2103_X6039B9T7.mp4
6C27HV,/mnt/synology/BWVs/fourth_900_videos/evidence.com_evidence_package_1_of_2_created_2024-05-09T20_59_49Z/evidence.com_evidence_package_1_of_2_created_2024-05-09T20_59_49Z/Traffic_Stop-5.mp4
6C0NB5,/mnt/synology/BWVs/fourth_900_videos/evidence.com_evidence_package_2_of_2_created_2024-05-09T20_59_49Z/evidence.com_evidence_package_2_of_2_created_2024-05-09T20_59_49Z/T_S_on_Expired_Registration.mp4
6BPXOP,/mnt/synology/BWVs/fourth_900_videos/evidence.com_evidence_package_1_of_2_created_2024-05-09T20_59_49Z/evidence.com_evidence_package_1_of_2_created_2024-05-09T20_59_49Z/Axon_Body_3_Video_2022-01-16_1934_X6039BKW5.mp4
6BL690,/mnt/synology/BWVs/fourth_900_videos/evidence.com_evidence_package_1_of_2_created_2024-05-09T20_59_49Z/evidence.com_evidence_package_1_of_2_created_2024-05-09T20_59_49Z/Axon_Body_3_Video_2022-01-16_1332_X6039A3Y0.mp4
6BL8UL,/mnt/synology/BWVs/fourth_900_videos/evidence.com_evidence_package_1_of_2_created_2024-05-09T20_59_49Z/evidence.com_evidence_package_1_of_2_created_2024-05-09T20_59_49Z/Axon_Body_3_Video_2022-01-16_1332_X6039BJ20.mp4
6B1673,/mnt/synology/BWVs/fourth_900_videos/evidence.com_evidence_package_2_of_2_created_2024-05-09T20_59_49Z/evidence.com_evidence_package_2_of_2_created_2024-05-09T20_59_49Z/Traffic_Stop-4.mp4
6AJZJB,/mnt/synology/BWVs/fourth_900_videos/evidence.com_evidence_package_1_of_2_created_2024-05-09T20_59_49Z/evidence.com_evidence_package_1_of_2_created_2024-05-09T20_59_49Z/Axon_Body_3_Video_2022-01-14_0056_X6039B95Q.mp4
6AK693,/mnt/synology/BWVs/fourth_900_videos/evidence.com_evidence_package_1_of_2_created_2024-05-09T20_59_49Z/evidence.com_evidence_package_1_of_2_created_2024-05-09T20_59_49Z/t_stop_.mp4
6AEZMU,/mnt/synology/BWVs/fourth_900_videos/evidence.com_evidence_package_2_of_2_created_2024-05-09T20_59_49Z/evidence.com_evidence_package_2_of_2_created_2024-05-09T20_59_49Z/traffic_stop_firearm_inv.mp4
6AEZLP,/mnt/synology/BWVs/fourth_900_videos/evidence.com_evidence_package_2_of_2_created_2024-05-09T20_59_49Z/evidence.com_evidence_package_2_of_2_created_2024-05-09T20_59_49Z/Ys_For_No_Front_Okate._Fb_30.mp4
69YC7V,/mnt/synology/BWVs/fourth_900_videos/evidence.com_evidence_package_2_of_2_created_2024-05-09T20_59_49Z/evidence.com_evidence_package_2_of_2_created_2024-05-09T20_59_49Z/Traffic_Stop-2.mp4
69UMQ6,/mnt/synology/BWVs/fourth_900_videos/evidence.com_evidence_package_1_of_2_created_2024-05-09T20_59_49Z/evidence.com_evidence_package_1_of_2_created_2024-05-09T20_59_49Z/Wrnd_For_Lane_Change.mp4
69TF82,/mnt/synology/BWVs/fourth_900_videos/evidence.com_evidence_package_2_of_2_created_2024-05-09T20_59_49Z/evidence.com_evidence_package_2_of_2_created_2024-05-09T20_59_49Z/warned.mp4
68DDDN,/mnt/synology/BWVs/fourth_900_videos/evidence.com_evidence_package_1_of_2_created_2024-05-09T20_59_49Z/evidence.com_evidence_package_1_of_2_created_2024-05-09T20_59_49Z/Ts-2.mp4
685UJK,/mnt/synology/BWVs/fourth_900_videos/evidence.com_evidence_package_1_of_2_created_2024-05-09T20_59_49Z/evidence.com_evidence_package_1_of_2_created_2024-05-09T20_59_49Z/Axon_Body_3_Video_2022-01-09_1859_X6039BBP0.mp4
686Q7F,/mnt/synology/BWVs/fourth_900_videos/evidence.com_evidence_package_1_of_2_created_2024-05-09T20_59_49Z/evidence.com_evidence_package_1_of_2_created_2024-05-09T20_59_49Z/Traffic_Stop-9.mp4
6846Q1,/mnt/synology/BWVs/fourth_900_videos/evidence.com_evidence_package_1_of_2_created_2024-05-09T20_59_49Z/evidence.com_evidence_package_1_of_2_created_2024-05-09T20_59_49Z/Traffic_Stop-7.mp4
67FOGJ,/mnt/synology/BWVs/fourth_900_videos/evidence.com_evidence_package_1_of_2_created_2024-05-09T20_59_49Z/evidence.com_evidence_package_1_of_2_created_2024-05-09T20_59_49Z/Traffic_Stop_Impeding_Traffic.mp4
672MMJ,/mnt/synology/BWVs/fourth_900_videos/evidence.com_evidence_package_1_of_2_created_2024-05-09T20_59_49Z/evidence.com_evidence_package_1_of_2_created_2024-05-09T20_59_49Z/Traffic_Stop.mp4
671RRF,/mnt/synology/BWVs/fourth_900_videos/evidence.com_evidence_package_1_of_2_created_2024-05-09T20_59_49Z/evidence.com_evidence_package_1_of_2_created_2024-05-09T20_59_49Z/warned.mp4
66UA8L,/mnt/synology/BWVs/fourth_900_videos/evidence.com_evidence_package_2_of_2_created_2024-05-09T20_59_49Z/evidence.com_evidence_package_2_of_2_created_2024-05-09T20_59_49Z/T_S.mp4
66MI1W,/mnt/synology/BWVs/fourth_900_videos/evidence.com_evidence_package_1_of_2_created_2024-05-09T20_59_49Z/evidence.com_evidence_package_1_of_2_created_2024-05-09T20_59_49Z/Traffic_Stop-6.mp4
65PF5I,/mnt/synology/BWVs/fourth_900_videos/evidence.com_evidence_package_1_of_2_created_2024-05-09T20_59_49Z/evidence.com_evidence_package_1_of_2_created_2024-05-09T20_59_49Z/5BBV799.mp4
65PDDL,/mnt/synology/BWVs/fourth_900_videos/evidence.com_evidence_package_1_of_2_created_2024-05-09T20_59_49Z/evidence.com_evidence_package_1_of_2_created_2024-05-09T20_59_49Z/Wrn.mp4
659GP2,/mnt/synology/BWVs/fourth_900_videos/evidence.com_evidence_package_1_of_2_created_2024-05-09T20_59_49Z/evidence.com_evidence_package_1_of_2_created_2024-05-09T20_59_49Z/Warned_For_24252_A_Vc.mp4
64SUHJ,/mnt/synology/BWVs/fourth_900_videos/evidence.com_evidence_package_1_of_2_created_2024-05-09T20_59_49Z/evidence.com_evidence_package_1_of_2_created_2024-05-09T20_59_49Z/Axon_Body_3_Video_2022-01-02_2018_X6039BKYM.mp4
64RCZE,/mnt/synology/BWVs/fourth_900_videos/evidence.com_evidence_package_1_of_2_created_2024-05-09T20_59_49Z/evidence.com_evidence_package_1_of_2_created_2024-05-09T20_59_49Z/Axon_Body_3_Video_2022-01-02_1918_X6039BB9U.mp4
64R7D8,/mnt/synology/BWVs/fourth_900_videos/evidence.com_evidence_package_1_of_2_created_2024-05-09T20_59_49Z/evidence.com_evidence_package_1_of_2_created_2024-05-09T20_59_49Z/Axon_Body_3_Video_2022-01-02_1900_X6039BB9U.mp4
64RAPR,/mnt/synology/BWVs/fourth_900_videos/evidence.com_evidence_package_1_of_2_created_2024-05-09T20_59_49Z/evidence.com_evidence_package_1_of_2_created_2024-05-09T20_59_49Z/Axon_Body_3_Video_2022-01-02_1834_X6039BB9U.mp4
64REU3,/mnt/synology/BWVs/fourth_900_videos/evidence.com_evidence_package_1_of_2_created_2024-05-09T20_59_49Z/evidence.com_evidence_package_1_of_2_created_2024-05-09T20_59_49Z/Axon_Body_3_Video_2022-01-02_1822_X6039BB9U.mp4
64RFJX,/mnt/synology/BWVs/fourth_900_videos/evidence.com_evidence_package_1_of_2_created_2024-05-09T20_59_49Z/evidence.com_evidence_package_1_of_2_created_2024-05-09T20_59_49Z/Axon_Body_3_Video_2022-01-02_1743_X6039BB9U.mp4
64R7BI,/mnt/synology/BWVs/fourth_900_videos/evidence.com_evidence_package_1_of_2_created_2024-05-09T20_59_49Z/evidence.com_evidence_package_1_of_2_created_2024-05-09T20_59_49Z/Axon_Body_3_Video_2022-01-02_1728_X6039BB9U.mp4
64RC4X,/mnt/synology/BWVs/fourth_900_videos/evidence.com_evidence_package_1_of_2_created_2024-05-09T20_59_49Z/evidence.com_evidence_package_1_of_2_created_2024-05-09T20_59_49Z/Axon_Body_3_Video_2022-01-02_1716_X6039BB9U.mp4
64R8FN,/mnt/synology/BWVs/fourth_900_videos/evidence.com_evidence_package_1_of_2_created_2024-05-09T20_59_49Z/evidence.com_evidence_package_1_of_2_created_2024-05-09T20_59_49Z/Axon_Body_3_Video_2022-01-02_1703_X6039BB9U.mp4
64R79V,/mnt/synology/BWVs/fourth_900_videos/evidence.com_evidence_package_1_of_2_created_2024-05-09T20_59_49Z/evidence.com_evidence_package_1_of_2_created_2024-05-09T20_59_49Z/Axon_Body_3_Video_2022-01-02_1650_X6039BB9U.mp4
64RBQV,/mnt/synology/BWVs/fourth_900_videos/evidence.com_evidence_package_1_of_2_created_2024-05-09T20_59_49Z/evidence.com_evidence_package_1_of_2_created_2024-05-09T20_59_49Z/Axon_Body_3_Video_2022-01-02_1613_X6039BB9U.mp4
64CJ8T,/mnt/synology/BWVs/fourth_900_videos/evidence.com_evidence_package_2_of_2_created_2024-05-09T20_59_49Z/evidence.com_evidence_package_2_of_2_created_2024-05-09T20_59_49Z/Ts-2.mp4
646ETC,/mnt/synology/BWVs/fourth_900_videos/evidence.com_evidence_package_2_of_2_created_2024-05-09T20_59_49Z/evidence.com_evidence_package_2_of_2_created_2024-05-09T20_59_49Z/Traffic_Stop.mp4
648U8Y,/mnt/synology/BWVs/fourth_900_videos/evidence.com_evidence_package_1_of_2_created_2024-05-09T20_59_49Z/evidence.com_evidence_package_1_of_2_created_2024-05-09T20_59_49Z/97_Figueroa.mp4
643PAZ,/mnt/synology/BWVs/fourth_900_videos/evidence.com_evidence_package_1_of_2_created_2024-05-09T20_59_49Z/evidence.com_evidence_package_1_of_2_created_2024-05-09T20_59_49Z/Ts-3.mp4
6424CE,/mnt/synology/BWVs/fourth_900_videos/evidence.com_evidence_package_1_of_2_created_2024-05-09T20_59_49Z/evidence.com_evidence_package_1_of_2_created_2024-05-09T20_59_49Z/Verbal_Warnig.mp4
63BEVR,/mnt/synology/BWVs/fourth_900_videos/evidence.com_evidence_package_1_of_2_created_2024-05-09T20_59_49Z/evidence.com_evidence_package_1_of_2_created_2024-05-09T20_59_49Z/Axon_Body_3_Video_2021-12-29_1748_X6039A3Y0.mp4
63BJEQ,/mnt/synology/BWVs/fourth_900_videos/evidence.com_evidence_package_1_of_2_created_2024-05-09T20_59_49Z/evidence.com_evidence_package_1_of_2_created_2024-05-09T20_59_49Z/Axon_Body_3_Video_2021-12-29_1748_X6039BJ20.mp4
62WVB1,/mnt/synology/BWVs/fourth_900_videos/evidence.com_evidence_package_2_of_2_created_2024-05-09T20_59_49Z/evidence.com_evidence_package_2_of_2_created_2024-05-09T20_59_49Z/Ts_For_No_Tags._Mb_30._Parole._Fb_30.mp4
62DWOX,/mnt/synology/BWVs/fourth_900_videos/evidence.com_evidence_package_1_of_2_created_2024-05-09T20_59_49Z/evidence.com_evidence_package_1_of_2_created_2024-05-09T20_59_49Z/Osborne_Glenoaks_TS.mp4
624GR7,/mnt/synology/BWVs/fourth_900_videos/evidence.com_evidence_package_1_of_2_created_2024-05-09T20_59_49Z/evidence.com_evidence_package_1_of_2_created_2024-05-09T20_59_49Z/Ts-6.mp4
620N1E,/mnt/synology/BWVs/fourth_900_videos/evidence.com_evidence_package_1_of_2_created_2024-05-09T20_59_49Z/evidence.com_evidence_package_1_of_2_created_2024-05-09T20_59_49Z/Traff_Stop.mp4
6205WU,/mnt/synology/BWVs/fourth_900_videos/evidence.com_evidence_package_1_of_2_created_2024-05-09T20_59_49Z/evidence.com_evidence_package_1_of_2_created_2024-05-09T20_59_49Z/Ts-5.mp4
61Y8SY,/mnt/synology/BWVs/fourth_900_videos/evidence.com_evidence_package_1_of_2_created_2024-05-09T20_59_49Z/evidence.com_evidence_package_1_of_2_created_2024-05-09T20_59_49Z/Ts-7.mp4
61MJN2,/mnt/synology/BWVs/fourth_900_videos/evidence.com_evidence_package_1_of_2_created_2024-05-09T20_59_49Z/evidence.com_evidence_package_1_of_2_created_2024-05-09T20_59_49Z/TRAFFIC_STOP_.mp4
61HQMU,/mnt/synology/BWVs/fourth_900_videos/evidence.com_evidence_package_1_of_2_created_2024-05-09T20_59_49Z/evidence.com_evidence_package_1_of_2_created_2024-05-09T20_59_49Z/Axon_Body_3_Video_2021-12-24_1452_X6039BHP4.mp4
61SQ7U,/mnt/synology/BWVs/fourth_900_videos/evidence.com_evidence_package_2_of_2_created_2024-05-09T20_59_49Z/evidence.com_evidence_package_2_of_2_created_2024-05-09T20_59_49Z/Axon_Body_3_Video_2021-12-22_2054_X6039BEJP.mp4
60WUME,/mnt/synology/BWVs/fourth_900_videos/evidence.com_evidence_package_1_of_2_created_2024-05-09T20_59_49Z/evidence.com_evidence_package_1_of_2_created_2024-05-09T20_59_49Z/006-2.mp4
60SXTY,/mnt/synology/BWVs/fourth_900_videos/evidence.com_evidence_package_2_of_2_created_2024-05-09T20_59_49Z/evidence.com_evidence_package_2_of_2_created_2024-05-09T20_59_49Z/Axon_Body_3_Video_2021-12-22_1638_X6039BBPW.mp4
5YV326,/mnt/synology/BWVs/fourth_900_videos/evidence.com_evidence_package_1_of_2_created_2024-05-09T20_59_49Z/evidence.com_evidence_package_1_of_2_created_2024-05-09T20_59_49Z/Citation.mp4
5YK5YD,/mnt/synology/BWVs/fourth_900_videos/evidence.com_evidence_package_1_of_2_created_2024-05-09T20_59_49Z/evidence.com_evidence_package_1_of_2_created_2024-05-09T20_59_49Z/Traffic_Stop-4.mp4
5YK7GI,/mnt/synology/BWVs/fourth_900_videos/evidence.com_evidence_package_2_of_2_created_2024-05-09T20_59_49Z/evidence.com_evidence_package_2_of_2_created_2024-05-09T20_59_49Z/Traffic_Stop-3.mp4
5YLVU2,/mnt/synology/BWVs/fourth_900_videos/evidence.com_evidence_package_2_of_2_created_2024-05-09T20_59_49Z/evidence.com_evidence_package_2_of_2_created_2024-05-09T20_59_49Z/902.mp4
5XV9WY,/mnt/synology/BWVs/fourth_900_videos/evidence.com_evidence_package_1_of_2_created_2024-05-09T20_59_49Z/evidence.com_evidence_package_1_of_2_created_2024-05-09T20_59_49Z/Ts-8.mp4
5XVEHM,/mnt/synology/BWVs/fourth_900_videos/evidence.com_evidence_package_1_of_2_created_2024-05-09T20_59_49Z/evidence.com_evidence_package_1_of_2_created_2024-05-09T20_59_49Z/Axon_Body_3_Video_2021-12-16_0942_X6039B8ZE.mp4
5XFE0N,/mnt/synology/BWVs/fourth_900_videos/evidence.com_evidence_package_1_of_2_created_2024-05-09T20_59_49Z/evidence.com_evidence_package_1_of_2_created_2024-05-09T20_59_49Z/Axon_Body_3_Video_2021-12-15_1832_X6039A3Y0.mp4
5XF0RL,/mnt/synology/BWVs/fourth_900_videos/evidence.com_evidence_package_1_of_2_created_2024-05-09T20_59_49Z/evidence.com_evidence_package_1_of_2_created_2024-05-09T20_59_49Z/Axon_Body_3_Video_2021-12-15_1832_X6039BJ20.mp4
5XGJV9,/mnt/synology/BWVs/fourth_900_videos/evidence.com_evidence_package_1_of_2_created_2024-05-09T20_59_49Z/evidence.com_evidence_package_1_of_2_created_2024-05-09T20_59_49Z/Traffic_Stop-2.mp4
5X9JXU,/mnt/synology/BWVs/fourth_900_videos/evidence.com_evidence_package_1_of_2_created_2024-05-09T20_59_49Z/evidence.com_evidence_package_1_of_2_created_2024-05-09T20_59_49Z/G064130.mp4
5X6P0V,/mnt/synology/BWVs/fourth_900_videos/evidence.com_evidence_package_2_of_2_created_2024-05-09T20_59_49Z/evidence.com_evidence_package_2_of_2_created_2024-05-09T20_59_49Z/21460_Espiritu.mp4
5X2SS6,/mnt/synology/BWVs/fourth_900_videos/evidence.com_evidence_package_1_of_2_created_2024-05-09T20_59_49Z/evidence.com_evidence_package_1_of_2_created_2024-05-09T20_59_49Z/ts-9.mp4
5X3FPY,/mnt/synology/BWVs/fourth_900_videos/evidence.com_evidence_package_1_of_2_created_2024-05-09T20_59_49Z/evidence.com_evidence_package_1_of_2_created_2024-05-09T20_59_49Z/TS.mp4
5WNHG3,/mnt/synology/BWVs/fourth_900_videos/evidence.com_evidence_package_1_of_2_created_2024-05-09T20_59_49Z/evidence.com_evidence_package_1_of_2_created_2024-05-09T20_59_49Z/Axon_Body_3_Video_2021-12-14_0830_X6039BJV1.mp4
5WE9H7,/mnt/synology/BWVs/fourth_900_videos/evidence.com_evidence_package_1_of_2_created_2024-05-09T20_59_49Z/evidence.com_evidence_package_1_of_2_created_2024-05-09T20_59_49Z/speeding.mp4
5WEC36,/mnt/synology/BWVs/fourth_900_videos/evidence.com_evidence_package_1_of_2_created_2024-05-09T20_59_49Z/evidence.com_evidence_package_1_of_2_created_2024-05-09T20_59_49Z/Axon_Body_3_Video_2021-12-13_1726_X6039BKNJ.mp4
5WAXKF,/mnt/synology/BWVs/fourth_900_videos/evidence.com_evidence_package_2_of_2_created_2024-05-09T20_59_49Z/evidence.com_evidence_package_2_of_2_created_2024-05-09T20_59_49Z/Citation.mp4
5VO7W9,/mnt/synology/BWVs/fourth_900_videos/evidence.com_evidence_package_2_of_2_created_2024-05-09T20_59_49Z/evidence.com_evidence_package_2_of_2_created_2024-05-09T20_59_49Z/Traffic_Stop-5.mp4
5VO91G,/mnt/synology/BWVs/fourth_900_videos/evidence.com_evidence_package_2_of_2_created_2024-05-09T20_59_49Z/evidence.com_evidence_package_2_of_2_created_2024-05-09T20_59_49Z/006.mp4
5VJKYG,/mnt/synology/BWVs/fourth_900_videos/evidence.com_evidence_package_1_of_2_created_2024-05-09T20_59_49Z/evidence.com_evidence_package_1_of_2_created_2024-05-09T20_59_49Z/Axon_Body_3_Video_2021-12-11_2257_X6039A23P.mp4
5VKFO2,/mnt/synology/BWVs/fourth_900_videos/evidence.com_evidence_package_1_of_2_created_2024-05-09T20_59_49Z/evidence.com_evidence_package_1_of_2_created_2024-05-09T20_59_49Z/Traffic_Stop-8.mp4
5VI6EU,/mnt/synology/BWVs/fourth_900_videos/evidence.com_evidence_package_2_of_2_created_2024-05-09T20_59_49Z/evidence.com_evidence_package_2_of_2_created_2024-05-09T20_59_49Z/1203.2_PC_DUI_PROBATION_VIOLATION_ARREST.mp4
5VCBR4,/mnt/synology/BWVs/fourth_900_videos/evidence.com_evidence_package_1_of_2_created_2024-05-09T20_59_49Z/evidence.com_evidence_package_1_of_2_created_2024-05-09T20_59_49Z/006.mp4
5VCFVK,/mnt/synology/BWVs/fourth_900_videos/evidence.com_evidence_package_2_of_2_created_2024-05-09T20_59_49Z/evidence.com_evidence_package_2_of_2_created_2024-05-09T20_59_49Z/T_Stop.mp4
5U2FSB,/mnt/synology/BWVs/fourth_900_videos/evidence.com_evidence_package_1_of_2_created_2024-05-09T20_59_49Z/evidence.com_evidence_package_1_of_2_created_2024-05-09T20_59_49Z/Axon_Body_3_Video_2021-12-08_2038_X6039BA3G.mp4
5U21IH,/mnt/synology/BWVs/fourth_900_videos/evidence.com_evidence_package_1_of_2_created_2024-05-09T20_59_49Z/evidence.com_evidence_package_1_of_2_created_2024-05-09T20_59_49Z/Axon_Body_3_Video_2021-12-08_2038_X6039BC7L.mp4
5TZ6WA,/mnt/synology/BWVs/fourth_900_videos/evidence.com_evidence_package_1_of_2_created_2024-05-09T20_59_49Z/evidence.com_evidence_package_1_of_2_created_2024-05-09T20_59_49Z/H061587.mp4
5TXHE7,/mnt/synology/BWVs/fourth_900_videos/evidence.com_evidence_package_1_of_2_created_2024-05-09T20_59_49Z/evidence.com_evidence_package_1_of_2_created_2024-05-09T20_59_49Z/T_S-_Roll_Stop_Sign.mp4
5TXGNV,/mnt/synology/BWVs/fourth_900_videos/evidence.com_evidence_package_1_of_2_created_2024-05-09T20_59_49Z/evidence.com_evidence_package_1_of_2_created_2024-05-09T20_59_49Z/Traffic_Stop-3.mp4
5TTMG6,/mnt/synology/BWVs/fourth_900_videos/evidence.com_evidence_package_1_of_2_created_2024-05-09T20_59_49Z/evidence.com_evidence_package_1_of_2_created_2024-05-09T20_59_49Z/Cited_For_Tint.mp4
5TK0YO,/mnt/synology/BWVs/fourth_900_videos/evidence.com_evidence_package_2_of_2_created_2024-05-09T20_59_49Z/evidence.com_evidence_package_2_of_2_created_2024-05-09T20_59_49Z/Ts.mp4
5V4OJ9,/mnt/synology/BWVs/fourth_900_videos/evidence.com_evidence_package_1_of_2_created_2024-05-09T20_59_49Z/evidence.com_evidence_package_1_of_2_created_2024-05-09T20_59_49Z/T_Stop.mp4
5TGMI5,/mnt/synology/BWVs/fourth_900_videos/evidence.com_evidence_package_2_of_2_created_2024-05-09T20_59_49Z/evidence.com_evidence_package_2_of_2_created_2024-05-09T20_59_49Z/Axon_Body_3_Video_2021-12-07_2130_X6039B82K.mp4
5ST97O,/mnt/synology/BWVs/fourth_900_videos/evidence.com_evidence_package_1_of_2_created_2024-05-09T21_02_46Z/evidence.com_evidence_package_1_of_2_created_2024-05-09T21_02_46Z/T_s.mp4
5S02JB,/mnt/synology/BWVs/fourth_900_videos/evidence.com_evidence_package_1_of_2_created_2024-05-09T21_02_46Z/evidence.com_evidence_package_1_of_2_created_2024-05-09T21_02_46Z/Axon_Body_3_Video_2021-12-04_1814_X6039BJSJ.mp4
5RMB29,/mnt/synology/BWVs/fourth_900_videos/evidence.com_evidence_package_2_of_2_created_2024-05-09T21_02_46Z/evidence.com_evidence_package_2_of_2_created_2024-05-09T21_02_46Z/Axon_Body_3_Video_2021-12-03_0853_X6039BJQS.mp4
5R3LB7,/mnt/synology/BWVs/fourth_900_videos/evidence.com_evidence_package_2_of_2_created_2024-05-09T21_02_46Z/evidence.com_evidence_package_2_of_2_created_2024-05-09T21_02_46Z/Witness_Ofcr_UOF.mp4
5QZ6US,/mnt/synology/BWVs/fourth_900_videos/evidence.com_evidence_package_1_of_2_created_2024-05-09T21_02_46Z/evidence.com_evidence_package_1_of_2_created_2024-05-09T21_02_46Z/Ts-6.mp4
5PKQ42,/mnt/synology/BWVs/fourth_900_videos/evidence.com_evidence_package_1_of_2_created_2024-05-09T21_02_46Z/evidence.com_evidence_package_1_of_2_created_2024-05-09T21_02_46Z/tinted_windows.mp4
5PCQLE,/mnt/synology/BWVs/fourth_900_videos/evidence.com_evidence_package_1_of_2_created_2024-05-09T21_02_46Z/evidence.com_evidence_package_1_of_2_created_2024-05-09T21_02_46Z/Axon_Body_3_Video_2021-11-29_1731_X6039BJ6X.mp4
5PCDMG,/mnt/synology/BWVs/fourth_900_videos/evidence.com_evidence_package_1_of_2_created_2024-05-09T21_02_46Z/evidence.com_evidence_package_1_of_2_created_2024-05-09T21_02_46Z/Axon_Body_3_Video_2021-11-29_1731_X6039BGXX.mp4
5OKJDH,/mnt/synology/BWVs/fourth_900_videos/evidence.com_evidence_package_1_of_2_created_2024-05-09T21_02_46Z/evidence.com_evidence_package_1_of_2_created_2024-05-09T21_02_46Z/Axon_Body_3_Video_2021-11-28_0250_X6039B87R.mp4
5OEY4X,/mnt/synology/BWVs/fourth_900_videos/evidence.com_evidence_package_1_of_2_created_2024-05-09T21_02_46Z/evidence.com_evidence_package_1_of_2_created_2024-05-09T21_02_46Z/Tinted_2f.mp4
5OG374,/mnt/synology/BWVs/fourth_900_videos/evidence.com_evidence_package_2_of_2_created_2024-05-09T21_02_46Z/evidence.com_evidence_package_2_of_2_created_2024-05-09T21_02_46Z/Axon_Body_3_Video_2021-11-27_1728_X6039BBP0.mp4
5O2UUB,/mnt/synology/BWVs/fourth_900_videos/evidence.com_evidence_package_2_of_2_created_2024-05-09T21_02_46Z/evidence.com_evidence_package_2_of_2_created_2024-05-09T21_02_46Z/Dui_WARRANT_&_11377_H_&_S_Arrest.mp4
5NPU6Y,/mnt/synology/BWVs/fourth_900_videos/evidence.com_evidence_package_2_of_2_created_2024-05-09T21_02_46Z/evidence.com_evidence_package_2_of_2_created_2024-05-09T21_02_46Z/Traffic_Stop.mp4
5NPX5D,/mnt/synology/BWVs/fourth_900_videos/evidence.com_evidence_package_2_of_2_created_2024-05-09T21_02_46Z/evidence.com_evidence_package_2_of_2_created_2024-05-09T21_02_46Z/Traffic_Stop-2.mp4
5NDI0S,/mnt/synology/BWVs/fourth_900_videos/evidence.com_evidence_package_1_of_2_created_2024-05-09T21_02_46Z/evidence.com_evidence_package_1_of_2_created_2024-05-09T21_02_46Z/Axon_Body_3_Video_2021-11-24_2039_X6039A3Y0.mp4
5MYHQQ,/mnt/synology/BWVs/fourth_900_videos/evidence.com_evidence_package_1_of_2_created_2024-05-09T21_02_46Z/evidence.com_evidence_package_1_of_2_created_2024-05-09T21_02_46Z/TS-11.mp4
5LY30N,/mnt/synology/BWVs/fourth_900_videos/evidence.com_evidence_package_1_of_2_created_2024-05-09T21_02_46Z/evidence.com_evidence_package_1_of_2_created_2024-05-09T21_02_46Z/Ts.mp4
5LRR5U,/mnt/synology/BWVs/fourth_900_videos/evidence.com_evidence_package_1_of_2_created_2024-05-09T21_02_46Z/evidence.com_evidence_package_1_of_2_created_2024-05-09T21_02_46Z/Traffic_Stop.mp4
5LRJLJ,/mnt/synology/BWVs/fourth_900_videos/evidence.com_evidence_package_1_of_2_created_2024-05-09T21_02_46Z/evidence.com_evidence_package_1_of_2_created_2024-05-09T21_02_46Z/Exp_Reg_818.mp4
5LASWY,/mnt/synology/BWVs/fourth_900_videos/evidence.com_evidence_package_1_of_2_created_2024-05-09T21_02_46Z/evidence.com_evidence_package_1_of_2_created_2024-05-09T21_02_46Z/Warning.mp4
5LALGJ,/mnt/synology/BWVs/fourth_900_videos/evidence.com_evidence_package_1_of_2_created_2024-05-09T21_02_46Z/evidence.com_evidence_package_1_of_2_created_2024-05-09T21_02_46Z/MX102.mp4
5L6MO4,/mnt/synology/BWVs/fourth_900_videos/evidence.com_evidence_package_1_of_2_created_2024-05-09T21_02_46Z/evidence.com_evidence_package_1_of_2_created_2024-05-09T21_02_46Z/Axon_Body_3_Video_2021-11-18_1044_X6039B8CS.mp4
5KF98R,/mnt/synology/BWVs/fourth_900_videos/evidence.com_evidence_package_1_of_2_created_2024-05-09T21_02_46Z/evidence.com_evidence_package_1_of_2_created_2024-05-09T21_02_46Z/TS_Tinted_Windows.mp4
5KB627,/mnt/synology/BWVs/fourth_900_videos/evidence.com_evidence_package_1_of_2_created_2024-05-09T21_02_46Z/evidence.com_evidence_package_1_of_2_created_2024-05-09T21_02_46Z/Paper_Plate.mp4
5JWD1E,/mnt/synology/BWVs/fourth_900_videos/evidence.com_evidence_package_1_of_2_created_2024-05-09T21_02_46Z/evidence.com_evidence_package_1_of_2_created_2024-05-09T21_02_46Z/Axon_Body_3_Video_2021-11-16_0811_X6039BC3C.mp4
5JQCWA,/mnt/synology/BWVs/fourth_900_videos/evidence.com_evidence_package_2_of_2_created_2024-05-09T21_02_46Z/evidence.com_evidence_package_2_of_2_created_2024-05-09T21_02_46Z/Axon_Body_3_Video_2021-11-15_2154_X6039BJGA.mp4
5JQK9L,/mnt/synology/BWVs/fourth_900_videos/evidence.com_evidence_package_2_of_2_created_2024-05-09T21_02_46Z/evidence.com_evidence_package_2_of_2_created_2024-05-09T21_02_46Z/TS_10TH_AND_21ST.mp4
5JQEY3,/mnt/synology/BWVs/fourth_900_videos/evidence.com_evidence_package_1_of_2_created_2024-05-09T21_02_46Z/evidence.com_evidence_package_1_of_2_created_2024-05-09T21_02_46Z/Littering.mp4
5JHX25,/mnt/synology/BWVs/fourth_900_videos/evidence.com_evidence_package_1_of_2_created_2024-05-09T21_02_46Z/evidence.com_evidence_package_1_of_2_created_2024-05-09T21_02_46Z/H207695.mp4
5JHUE6,/mnt/synology/BWVs/fourth_900_videos/evidence.com_evidence_package_1_of_2_created_2024-05-09T21_02_46Z/evidence.com_evidence_package_1_of_2_created_2024-05-09T21_02_46Z/H207694.mp4
5JI0GH,/mnt/synology/BWVs/fourth_900_videos/evidence.com_evidence_package_1_of_2_created_2024-05-09T21_02_46Z/evidence.com_evidence_package_1_of_2_created_2024-05-09T21_02_46Z/H207693.mp4
5JI0GE,/mnt/synology/BWVs/fourth_900_videos/evidence.com_evidence_package_1_of_2_created_2024-05-09T21_02_46Z/evidence.com_evidence_package_1_of_2_created_2024-05-09T21_02_46Z/H207692.mp4
5JHLL2,/mnt/synology/BWVs/fourth_900_videos/evidence.com_evidence_package_1_of_2_created_2024-05-09T21_02_46Z/evidence.com_evidence_package_1_of_2_created_2024-05-09T21_02_46Z/H207691.mp4
5JHSGX,/mnt/synology/BWVs/fourth_900_videos/evidence.com_evidence_package_1_of_2_created_2024-05-09T21_02_46Z/evidence.com_evidence_package_1_of_2_created_2024-05-09T21_02_46Z/H206690.mp4
5JHXEZ,/mnt/synology/BWVs/fourth_900_videos/evidence.com_evidence_package_1_of_2_created_2024-05-09T21_02_46Z/evidence.com_evidence_package_1_of_2_created_2024-05-09T21_02_46Z/H207689.mp4
5JHN2F,/mnt/synology/BWVs/fourth_900_videos/evidence.com_evidence_package_1_of_2_created_2024-05-09T21_02_46Z/evidence.com_evidence_package_1_of_2_created_2024-05-09T21_02_46Z/H207688.mp4
5JHTLL,/mnt/synology/BWVs/fourth_900_videos/evidence.com_evidence_package_1_of_2_created_2024-05-09T21_02_46Z/evidence.com_evidence_package_1_of_2_created_2024-05-09T21_02_46Z/H207687.mp4
5JHPQL,/mnt/synology/BWVs/fourth_900_videos/evidence.com_evidence_package_1_of_2_created_2024-05-09T21_02_46Z/evidence.com_evidence_package_1_of_2_created_2024-05-09T21_02_46Z/H207686.mp4
5JAZK1,/mnt/synology/BWVs/fourth_900_videos/evidence.com_evidence_package_1_of_2_created_2024-05-09T21_02_46Z/evidence.com_evidence_package_1_of_2_created_2024-05-09T21_02_46Z/Ts-12.mp4
5IU88V,/mnt/synology/BWVs/fourth_900_videos/evidence.com_evidence_package_2_of_2_created_2024-05-09T21_02_46Z/evidence.com_evidence_package_2_of_2_created_2024-05-09T21_02_46Z/Traffic_Stop-3.mp4
5IU12R,/mnt/synology/BWVs/fourth_900_videos/evidence.com_evidence_package_2_of_2_created_2024-05-09T21_02_46Z/evidence.com_evidence_package_2_of_2_created_2024-05-09T21_02_46Z/Ts-2.mp4
5IQY6Y,/mnt/synology/BWVs/fourth_900_videos/evidence.com_evidence_package_1_of_2_created_2024-05-09T21_02_46Z/evidence.com_evidence_package_1_of_2_created_2024-05-09T21_02_46Z/Traffic_Stop-3.mp4
5IL6TL,/mnt/synology/BWVs/fourth_900_videos/evidence.com_evidence_package_2_of_2_created_2024-05-09T21_02_46Z/evidence.com_evidence_package_2_of_2_created_2024-05-09T21_02_46Z/H066125.mp4
5HNW0E,/mnt/synology/BWVs/fourth_900_videos/evidence.com_evidence_package_1_of_2_created_2024-05-09T21_02_46Z/evidence.com_evidence_package_1_of_2_created_2024-05-09T21_02_46Z/Ts-3.mp4
5HNXHK,/mnt/synology/BWVs/fourth_900_videos/evidence.com_evidence_package_1_of_2_created_2024-05-09T21_02_46Z/evidence.com_evidence_package_1_of_2_created_2024-05-09T21_02_46Z/T_stop-2.mp4
5H46EE,/mnt/synology/BWVs/fourth_900_videos/evidence.com_evidence_package_1_of_2_created_2024-05-09T21_02_46Z/evidence.com_evidence_package_1_of_2_created_2024-05-09T21_02_46Z/Exp._Reg.mp4
5GSLAL,/mnt/synology/BWVs/fourth_900_videos/evidence.com_evidence_package_1_of_2_created_2024-05-09T21_02_46Z/evidence.com_evidence_package_1_of_2_created_2024-05-09T21_02_46Z/92_normandie.mp4
5GSWX9,/mnt/synology/BWVs/fourth_900_videos/evidence.com_evidence_package_1_of_2_created_2024-05-09T21_02_46Z/evidence.com_evidence_package_1_of_2_created_2024-05-09T21_02_46Z/Tint.mp4
5GT7WB,/mnt/synology/BWVs/fourth_900_videos/evidence.com_evidence_package_2_of_2_created_2024-05-09T21_02_46Z/evidence.com_evidence_package_2_of_2_created_2024-05-09T21_02_46Z/Arrest.mp4
5G4BDJ,/mnt/synology/BWVs/fourth_900_videos/evidence.com_evidence_package_1_of_2_created_2024-05-09T21_02_46Z/evidence.com_evidence_package_1_of_2_created_2024-05-09T21_02_46Z/Axon_Body_3_Video_2021-11-05_1822_X6039BEMZ.mp4
5G45EK,/mnt/synology/BWVs/fourth_900_videos/evidence.com_evidence_package_1_of_2_created_2024-05-09T21_02_46Z/evidence.com_evidence_package_1_of_2_created_2024-05-09T21_02_46Z/Axon_Body_3_Video_2021-11-05_1816_X6039BEMZ.mp4
5G3YKT,/mnt/synology/BWVs/fourth_900_videos/evidence.com_evidence_package_1_of_2_created_2024-05-09T21_02_46Z/evidence.com_evidence_package_1_of_2_created_2024-05-09T21_02_46Z/Axon_Body_3_Video_2021-11-05_1808_X6039BEMZ.mp4
5G4939,/mnt/synology/BWVs/fourth_900_videos/evidence.com_evidence_package_1_of_2_created_2024-05-09T21_02_46Z/evidence.com_evidence_package_1_of_2_created_2024-05-09T21_02_46Z/Axon_Body_3_Video_2021-11-05_1803_X6039BEMZ.mp4
5G4AYC,/mnt/synology/BWVs/fourth_900_videos/evidence.com_evidence_package_1_of_2_created_2024-05-09T21_02_46Z/evidence.com_evidence_package_1_of_2_created_2024-05-09T21_02_46Z/Axon_Body_3_Video_2021-11-05_1755_X6039BEMZ.mp4
5G3ZPH,/mnt/synology/BWVs/fourth_900_videos/evidence.com_evidence_package_1_of_2_created_2024-05-09T21_02_46Z/evidence.com_evidence_package_1_of_2_created_2024-05-09T21_02_46Z/Axon_Body_3_Video_2021-11-05_1747_X6039BEMZ.mp4
5G6MEW,/mnt/synology/BWVs/fourth_900_videos/evidence.com_evidence_package_1_of_2_created_2024-05-09T21_02_46Z/evidence.com_evidence_package_1_of_2_created_2024-05-09T21_02_46Z/Tstop_Exp_Reg.mp4
5G6S46,/mnt/synology/BWVs/fourth_900_videos/evidence.com_evidence_package_1_of_2_created_2024-05-09T21_02_46Z/evidence.com_evidence_package_1_of_2_created_2024-05-09T21_02_46Z/T_Stop.mp4
5G432A,/mnt/synology/BWVs/fourth_900_videos/evidence.com_evidence_package_1_of_2_created_2024-05-09T21_02_46Z/evidence.com_evidence_package_1_of_2_created_2024-05-09T21_02_46Z/Axon_Body_3_Video_2021-11-05_1736_X6039BEMZ.mp4
5G475U,/mnt/synology/BWVs/fourth_900_videos/evidence.com_evidence_package_1_of_2_created_2024-05-09T21_02_46Z/evidence.com_evidence_package_1_of_2_created_2024-05-09T21_02_46Z/Axon_Body_3_Video_2021-11-05_1725_X6039BEMZ.mp4
5G47WZ,/mnt/synology/BWVs/fourth_900_videos/evidence.com_evidence_package_1_of_2_created_2024-05-09T21_02_46Z/evidence.com_evidence_package_1_of_2_created_2024-05-09T21_02_46Z/Axon_Body_3_Video_2021-11-05_1721_X6039BEMZ.mp4
5G431A,/mnt/synology/BWVs/fourth_900_videos/evidence.com_evidence_package_1_of_2_created_2024-05-09T21_02_46Z/evidence.com_evidence_package_1_of_2_created_2024-05-09T21_02_46Z/Axon_Body_3_Video_2021-11-05_1717_X6039BEMZ.mp4
5G47WI,/mnt/synology/BWVs/fourth_900_videos/evidence.com_evidence_package_1_of_2_created_2024-05-09T21_02_46Z/evidence.com_evidence_package_1_of_2_created_2024-05-09T21_02_46Z/Axon_Body_3_Video_2021-11-05_1711_X6039BEMZ.mp4
5G44WP,/mnt/synology/BWVs/fourth_900_videos/evidence.com_evidence_package_1_of_2_created_2024-05-09T21_02_46Z/evidence.com_evidence_package_1_of_2_created_2024-05-09T21_02_46Z/Axon_Body_3_Video_2021-11-05_1707_X6039BEMZ.mp4
5G430E,/mnt/synology/BWVs/fourth_900_videos/evidence.com_evidence_package_1_of_2_created_2024-05-09T21_02_46Z/evidence.com_evidence_package_1_of_2_created_2024-05-09T21_02_46Z/Axon_Body_3_Video_2021-11-05_1701_X6039BEMZ.mp4
5G3Z9S,/mnt/synology/BWVs/fourth_900_videos/evidence.com_evidence_package_1_of_2_created_2024-05-09T21_02_46Z/evidence.com_evidence_package_1_of_2_created_2024-05-09T21_02_46Z/Axon_Body_3_Video_2021-11-05_1651_X6039BEMZ.mp4
5G428T,/mnt/synology/BWVs/fourth_900_videos/evidence.com_evidence_package_1_of_2_created_2024-05-09T21_02_46Z/evidence.com_evidence_package_1_of_2_created_2024-05-09T21_02_46Z/Axon_Body_3_Video_2021-11-05_1636_X6039BEMZ.mp4
5HWZS0,/mnt/synology/BWVs/fourth_900_videos/evidence.com_evidence_package_1_of_2_created_2024-05-09T21_02_46Z/evidence.com_evidence_package_1_of_2_created_2024-05-09T21_02_46Z/Axon_Body_3_Video_2021-11-05_1128_X6039BHP4.mp4
5FTJ4I,/mnt/synology/BWVs/fourth_900_videos/evidence.com_evidence_package_2_of_2_created_2024-05-09T21_02_46Z/evidence.com_evidence_package_2_of_2_created_2024-05-09T21_02_46Z/T_S_Blythe_St_Gang_Member_aka_Loonz.mp4
5FO6IE,/mnt/synology/BWVs/fourth_900_videos/evidence.com_evidence_package_1_of_2_created_2024-05-09T21_02_46Z/evidence.com_evidence_package_1_of_2_created_2024-05-09T21_02_46Z/G063003.mp4
5HR2KK,/mnt/synology/BWVs/fourth_900_videos/evidence.com_evidence_package_1_of_2_created_2024-05-09T21_02_46Z/evidence.com_evidence_package_1_of_2_created_2024-05-09T21_02_46Z/Cellphone.mp4
5FDAW1,/mnt/synology/BWVs/fourth_900_videos/evidence.com_evidence_package_1_of_2_created_2024-05-09T21_02_46Z/evidence.com_evidence_package_1_of_2_created_2024-05-09T21_02_46Z/Expired_Registration.mp4
5EKIZT,/mnt/synology/BWVs/fourth_900_videos/evidence.com_evidence_package_1_of_2_created_2024-05-09T21_02_46Z/evidence.com_evidence_package_1_of_2_created_2024-05-09T21_02_46Z/Axon_Body_3_Video_2021-11-01_1534_X6039A4PA.mp4
5EEUSP,/mnt/synology/BWVs/fourth_900_videos/evidence.com_evidence_package_2_of_2_created_2024-05-09T21_02_46Z/evidence.com_evidence_package_2_of_2_created_2024-05-09T21_02_46Z/Mc_Plt.mp4
5DMMW2,/mnt/synology/BWVs/fourth_900_videos/evidence.com_evidence_package_1_of_2_created_2024-05-09T21_02_46Z/evidence.com_evidence_package_1_of_2_created_2024-05-09T21_02_46Z/Ts-5.mp4
5DMEZX,/mnt/synology/BWVs/fourth_900_videos/evidence.com_evidence_package_1_of_2_created_2024-05-09T21_02_46Z/evidence.com_evidence_package_1_of_2_created_2024-05-09T21_02_46Z/Ts-9.mp4
5DMELX,/mnt/synology/BWVs/fourth_900_videos/evidence.com_evidence_package_1_of_2_created_2024-05-09T21_02_46Z/evidence.com_evidence_package_1_of_2_created_2024-05-09T21_02_46Z/Ta.mp4
5DMELL,/mnt/synology/BWVs/fourth_900_videos/evidence.com_evidence_package_1_of_2_created_2024-05-09T21_02_46Z/evidence.com_evidence_package_1_of_2_created_2024-05-09T21_02_46Z/Ts-4.mp4
5DMJFV,/mnt/synology/BWVs/fourth_900_videos/evidence.com_evidence_package_1_of_2_created_2024-05-09T21_02_46Z/evidence.com_evidence_package_1_of_2_created_2024-05-09T21_02_46Z/Ts-8.mp4
5DMGFW,/mnt/synology/BWVs/fourth_900_videos/evidence.com_evidence_package_1_of_2_created_2024-05-09T21_02_46Z/evidence.com_evidence_package_1_of_2_created_2024-05-09T21_02_46Z/Ts-7.mp4
5DMADP,/mnt/synology/BWVs/fourth_900_videos/evidence.com_evidence_package_1_of_2_created_2024-05-09T21_02_46Z/evidence.com_evidence_package_1_of_2_created_2024-05-09T21_02_46Z/Ts-10.mp4
5D9MLG,/mnt/synology/BWVs/fourth_900_videos/evidence.com_evidence_package_2_of_2_created_2024-05-09T21_02_46Z/evidence.com_evidence_package_2_of_2_created_2024-05-09T21_02_46Z/ts.mp4
5CZQSC,/mnt/synology/BWVs/fourth_900_videos/evidence.com_evidence_package_1_of_2_created_2024-05-09T21_02_46Z/evidence.com_evidence_package_1_of_2_created_2024-05-09T21_02_46Z/Ts_Wrong_Plates.mp4
5CZKP8,/mnt/synology/BWVs/fourth_900_videos/evidence.com_evidence_package_1_of_2_created_2024-05-09T21_02_46Z/evidence.com_evidence_package_1_of_2_created_2024-05-09T21_02_46Z/TS-2.mp4
5CP54F,/mnt/synology/BWVs/fourth_900_videos/evidence.com_evidence_package_1_of_2_created_2024-05-09T21_02_46Z/evidence.com_evidence_package_1_of_2_created_2024-05-09T21_02_46Z/Axon_Body_3_Video_2021-10-27_0956_X6039BHE1.mp4
5CPAEN,/mnt/synology/BWVs/fourth_900_videos/evidence.com_evidence_package_1_of_2_created_2024-05-09T21_02_46Z/evidence.com_evidence_package_1_of_2_created_2024-05-09T21_02_46Z/Axon_Body_3_Video_2021-10-27_0949_X6039BHE1.mp4
5C6URU,/mnt/synology/BWVs/fourth_900_videos/evidence.com_evidence_package_1_of_2_created_2024-05-09T21_02_46Z/evidence.com_evidence_package_1_of_2_created_2024-05-09T21_02_46Z/Traffic_Stop-2.mp4
5BDUM4,/mnt/synology/BWVs/fourth_900_videos/evidence.com_evidence_package_1_of_2_created_2024-05-09T21_02_46Z/evidence.com_evidence_package_1_of_2_created_2024-05-09T21_02_46Z/Axon_Body_3_Video_2021-10-23_2144_X6039A4PA.mp4
5BCDT1,/mnt/synology/BWVs/fourth_900_videos/evidence.com_evidence_package_1_of_2_created_2024-05-09T21_02_46Z/evidence.com_evidence_package_1_of_2_created_2024-05-09T21_02_46Z/Traffic_Stop_Bo_Lamp.mp4
5B6TJN,/mnt/synology/BWVs/fourth_900_videos/evidence.com_evidence_package_1_of_2_created_2024-05-09T21_02_46Z/evidence.com_evidence_package_1_of_2_created_2024-05-09T21_02_46Z/Traffic_Stop_Warned_For_Required_Lighting.mp4
5B1OPS,/mnt/synology/BWVs/fourth_900_videos/evidence.com_evidence_package_2_of_2_created_2024-05-09T21_02_46Z/evidence.com_evidence_package_2_of_2_created_2024-05-09T21_02_46Z/Axon_Body_3_Video_2021-10-22_1626_X6039A3Y0.mp4
5BDMEY,/mnt/synology/BWVs/fourth_900_videos/evidence.com_evidence_package_2_of_2_created_2024-05-09T21_02_46Z/evidence.com_evidence_package_2_of_2_created_2024-05-09T21_02_46Z/Axon_Body_3_Video_2021-10-22_1625_X6039BEE2.mp4
5AYZRP,/mnt/synology/BWVs/fourth_900_videos/evidence.com_evidence_package_1_of_2_created_2024-05-09T21_02_46Z/evidence.com_evidence_package_1_of_2_created_2024-05-09T21_02_46Z/Axon_Body_3_Video_2021-10-22_0857_X6039BAV9.mp4
5AZA1U,/mnt/synology/BWVs/fourth_900_videos/evidence.com_evidence_package_1_of_2_created_2024-05-09T21_02_46Z/evidence.com_evidence_package_1_of_2_created_2024-05-09T21_02_46Z/Ts_No_Plates_Lopez.mp4
5APYAE,/mnt/synology/BWVs/fourth_900_videos/evidence.com_evidence_package_2_of_2_created_2024-05-09T21_02_46Z/evidence.com_evidence_package_2_of_2_created_2024-05-09T21_02_46Z/Warned.mp4
5AC80K,/mnt/synology/BWVs/fourth_900_videos/evidence.com_evidence_package_2_of_2_created_2024-05-09T21_02_46Z/evidence.com_evidence_package_2_of_2_created_2024-05-09T21_02_46Z/T_S_EXPIRED_REG.mp4
5ACDNU,/mnt/synology/BWVs/fourth_900_videos/evidence.com_evidence_package_2_of_2_created_2024-05-09T21_02_46Z/evidence.com_evidence_package_2_of_2_created_2024-05-09T21_02_46Z/T-2.mp4
5AC8CK,/mnt/synology/BWVs/fourth_900_videos/evidence.com_evidence_package_2_of_2_created_2024-05-09T21_02_46Z/evidence.com_evidence_package_2_of_2_created_2024-05-09T21_02_46Z/T.mp4
5AC9HL,/mnt/synology/BWVs/fourth_900_videos/evidence.com_evidence_package_2_of_2_created_2024-05-09T21_02_46Z/evidence.com_evidence_package_2_of_2_created_2024-05-09T21_02_46Z/T_S_EXPIRED_REG-2.mp4
5A3RMU,/mnt/synology/BWVs/fourth_900_videos/evidence.com_evidence_package_1_of_2_created_2024-05-09T21_02_46Z/evidence.com_evidence_package_1_of_2_created_2024-05-09T21_02_46Z/Axon_Body_3_Video_2021-10-20_0715_X6039B9P4.mp4
59WXPW,/mnt/synology/BWVs/fourth_900_videos/evidence.com_evidence_package_1_of_2_created_2024-05-09T21_02_46Z/evidence.com_evidence_package_1_of_2_created_2024-05-09T21_02_46Z/5200a.mp4
599J6T,/mnt/synology/BWVs/fourth_900_videos/evidence.com_evidence_package_1_of_3_created_2024-05-09T21_03_16Z/evidence.com_evidence_package_1_of_3_created_2024-05-09T21_03_16Z/TS-3.mp4
595MBP,/mnt/synology/BWVs/fifth_45_videos/evidence.com_evidence_package_2_of_3_created_2024-06-06T15_24_24Z/Axon_Body_3_Video_2021-10-17_1855_X6039BJGA.mp4
58TGAJ,/mnt/synology/BWVs/fourth_900_videos/evidence.com_evidence_package_1_of_3_created_2024-05-09T21_03_16Z/evidence.com_evidence_package_1_of_3_created_2024-05-09T21_03_16Z/Prcs.mp4
58TC6N,/mnt/synology/BWVs/fifth_45_videos/evidence.com_evidence_package_2_of_3_created_2024-06-06T15_24_24Z/Prcs.mp4
58TC5A,/mnt/synology/BWVs/fourth_900_videos/evidence.com_evidence_package_2_of_3_created_2024-05-09T21_03_16Z/evidence.com_evidence_package_2_of_3_created_2024-05-09T21_03_16Z/Prcs.mp4
58T9GZ,/mnt/synology/BWVs/fifth_45_videos/evidence.com_evidence_package_2_of_3_created_2024-06-06T15_24_24Z/Ts_Unsafe_Turn.mp4
58TJIO,/mnt/synology/BWVs/fourth_900_videos/evidence.com_evidence_package_1_of_3_created_2024-05-09T21_03_16Z/evidence.com_evidence_package_1_of_3_created_2024-05-09T21_03_16Z/Traffic_Stop-10.mp4
58RV6X,/mnt/synology/BWVs/fifth_45_videos/Ts.mp4
58LKDU,/mnt/synology/BWVs/fifth_45_videos/evidence.com_evidence_package_1_of_3_created_2024-06-06T15_24_24Z/Axon_Body_3_Video_2021-10-16_0218_X6039BBVQ.mp4
58G842,/mnt/synology/BWVs/fifth_45_videos/evidence.com_evidence_package_1_of_3_created_2024-06-06T15_24_24Z/23123a_12500a_G061314.mp4
5873Y7,/mnt/synology/BWVs/fourth_900_videos/evidence.com_evidence_package_1_of_3_created_2024-05-09T21_03_16Z/evidence.com_evidence_package_1_of_3_created_2024-05-09T21_03_16Z/Traffic_STOP.mp4
583OMC,/mnt/synology/BWVs/fourth_900_videos/evidence.com_evidence_package_1_of_3_created_2024-05-09T21_03_16Z/evidence.com_evidence_package_1_of_3_created_2024-05-09T21_03_16Z/Traffic_Stop-6.mp4
58KK0R,/mnt/synology/BWVs/fifth_45_videos/evidence.com_evidence_package_1_of_3_created_2024-06-06T15_24_24Z/Axon_Body_3_Video_2021-10-14_2004_X6039BHUG.mp4
57IO75,/mnt/synology/BWVs/fifth_45_videos/evidence.com_evidence_package_1_of_3_created_2024-06-06T15_24_24Z/Axon_Body_3_Video_2021-10-13_1319_X6039B9H7.mp4
57IW3J,/mnt/synology/BWVs/fourth_900_videos/evidence.com_evidence_package_1_of_3_created_2024-05-09T21_03_16Z/evidence.com_evidence_package_1_of_3_created_2024-05-09T21_03_16Z/Axon_Body_3_Video_2021-10-13_1303_X6039B9H7.mp4
57IN09,/mnt/synology/BWVs/fifth_45_videos/evidence.com_evidence_package_1_of_3_created_2024-06-06T15_24_24Z/Axon_Body_3_Video_2021-10-13_1247_X6039B9H7.mp4
57IWT6,/mnt/synology/BWVs/fourth_900_videos/evidence.com_evidence_package_1_of_3_created_2024-05-09T21_03_16Z/evidence.com_evidence_package_1_of_3_created_2024-05-09T21_03_16Z/Axon_Body_3_Video_2021-10-13_1237_X6039B9H7.mp4
57B8IC,/mnt/synology/BWVs/fourth_900_videos/Temp/evidence.com_evidence_package_3_of_3_created_2024-05-09T21_03_16Z/evidence.com_evidence_package_3_of_3_created_2024-05-09T21_03_16Z/Axon_Body_3_Video_2021-10-12_2011_X6039A713.mp4
57KKNZ,/mnt/synology/BWVs/fourth_900_videos/evidence.com_evidence_package_1_of_3_created_2024-05-09T21_03_16Z/evidence.com_evidence_package_1_of_3_created_2024-05-09T21_03_16Z/Traffic_Stop-2.mp4
57KT2N,/mnt/synology/BWVs/fourth_900_videos/evidence.com_evidence_package_1_of_3_created_2024-05-09T21_03_16Z/evidence.com_evidence_package_1_of_3_created_2024-05-09T21_03_16Z/Axon_Body_3_Video_2021-10-12_1749_X6039A3Y0.mp4
57B6E9,/mnt/synology/BWVs/fourth_900_videos/evidence.com_evidence_package_1_of_3_created_2024-05-09T21_03_16Z/evidence.com_evidence_package_1_of_3_created_2024-05-09T21_03_16Z/Ts-2.mp4
577NZ7,/mnt/synology/BWVs/fourth_900_videos/evidence.com_evidence_package_2_of_3_created_2024-05-09T21_03_16Z/evidence.com_evidence_package_2_of_3_created_2024-05-09T21_03_16Z/Shots_Fired_Suspect_QNR.mp4
577RBK,/mnt/synology/BWVs/fourth_900_videos/evidence.com_evidence_package_2_of_3_created_2024-05-09T21_03_16Z/evidence.com_evidence_package_2_of_3_created_2024-05-09T21_03_16Z/Traffic_Stop_Poss_Ada_Susp.mp4
5734QB,/mnt/synology/BWVs/fourth_900_videos/evidence.com_evidence_package_2_of_3_created_2024-05-09T21_03_16Z/evidence.com_evidence_package_2_of_3_created_2024-05-09T21_03_16Z/Axon_Body_3_Video_2021-10-12_0946_X6039B9P4.mp4
572S6M,/mnt/synology/BWVs/fourth_900_videos/evidence.com_evidence_package_1_of_3_created_2024-05-09T21_03_16Z/evidence.com_evidence_package_1_of_3_created_2024-05-09T21_03_16Z/Axon_Body_3_Video_2021-10-12_0932_X6039B9P4.mp4
572ZRH,/mnt/synology/BWVs/fourth_900_videos/evidence.com_evidence_package_1_of_3_created_2024-05-09T21_03_16Z/evidence.com_evidence_package_1_of_3_created_2024-05-09T21_03_16Z/Axon_Body_3_Video_2021-10-12_0916_X6039B9P4.mp4
5734C1,/mnt/synology/BWVs/fourth_900_videos/evidence.com_evidence_package_1_of_3_created_2024-05-09T21_03_16Z/evidence.com_evidence_package_1_of_3_created_2024-05-09T21_03_16Z/Axon_Body_3_Video_2021-10-12_0854_X6039B9P4.mp4
572ZQD,/mnt/synology/BWVs/fourth_900_videos/evidence.com_evidence_package_1_of_3_created_2024-05-09T21_03_16Z/evidence.com_evidence_package_1_of_3_created_2024-05-09T21_03_16Z/Axon_Body_3_Video_2021-10-12_0842_X6039B9P4.mp4
572X1Q,/mnt/synology/BWVs/fourth_900_videos/evidence.com_evidence_package_1_of_3_created_2024-05-09T21_03_16Z/evidence.com_evidence_package_1_of_3_created_2024-05-09T21_03_16Z/Axon_Body_3_Video_2021-10-12_0833_X6039B9P4.mp4
572SIT,/mnt/synology/BWVs/fourth_900_videos/evidence.com_evidence_package_1_of_3_created_2024-05-09T21_03_16Z/evidence.com_evidence_package_1_of_3_created_2024-05-09T21_03_16Z/Axon_Body_3_Video_2021-10-12_0811_X6039B9P4.mp4
572YKF,/mnt/synology/BWVs/fourth_900_videos/evidence.com_evidence_package_1_of_3_created_2024-05-09T21_03_16Z/evidence.com_evidence_package_1_of_3_created_2024-05-09T21_03_16Z/Axon_Body_3_Video_2021-10-12_0754_X6039B9P4.mp4
572PDL,/mnt/synology/BWVs/fourth_900_videos/evidence.com_evidence_package_1_of_3_created_2024-05-09T21_03_16Z/evidence.com_evidence_package_1_of_3_created_2024-05-09T21_03_16Z/Axon_Body_3_Video_2021-10-12_0743_X6039B9P4.mp4
572WZV,/mnt/synology/BWVs/fourth_900_videos/evidence.com_evidence_package_1_of_3_created_2024-05-09T21_03_16Z/evidence.com_evidence_package_1_of_3_created_2024-05-09T21_03_16Z/Axon_Body_3_Video_2021-10-12_0734_X6039B9P4.mp4
572RB2,/mnt/synology/BWVs/fourth_900_videos/evidence.com_evidence_package_1_of_3_created_2024-05-09T21_03_16Z/evidence.com_evidence_package_1_of_3_created_2024-05-09T21_03_16Z/Axon_Body_3_Video_2021-10-12_0724_X6039B9P4.mp4
572S1Q,/mnt/synology/BWVs/fourth_900_videos/evidence.com_evidence_package_1_of_3_created_2024-05-09T21_03_16Z/evidence.com_evidence_package_1_of_3_created_2024-05-09T21_03_16Z/Axon_Body_3_Video_2021-10-12_0712_X6039B9P4.mp4
572PBL,/mnt/synology/BWVs/fourth_900_videos/evidence.com_evidence_package_1_of_3_created_2024-05-09T21_03_16Z/evidence.com_evidence_package_1_of_3_created_2024-05-09T21_03_16Z/Axon_Body_3_Video_2021-10-12_0700_X6039B9P4.mp4
572QGQ,/mnt/synology/BWVs/fourth_900_videos/evidence.com_evidence_package_1_of_3_created_2024-05-09T21_03_16Z/evidence.com_evidence_package_1_of_3_created_2024-05-09T21_03_16Z/Axon_Body_3_Video_2021-10-12_0648_X6039B9P4.mp4
572WXC,/mnt/synology/BWVs/fourth_900_videos/evidence.com_evidence_package_1_of_3_created_2024-05-09T21_03_16Z/evidence.com_evidence_package_1_of_3_created_2024-05-09T21_03_16Z/Axon_Body_3_Video_2021-10-12_0638_X6039B9P4.mp4
572UA1,/mnt/synology/BWVs/fourth_900_videos/evidence.com_evidence_package_1_of_3_created_2024-05-09T21_03_16Z/evidence.com_evidence_package_1_of_3_created_2024-05-09T21_03_16Z/Axon_Body_3_Video_2021-10-12_0618_X6039B9P4.mp4
572SDW,/mnt/synology/BWVs/fourth_900_videos/evidence.com_evidence_package_1_of_3_created_2024-05-09T21_03_16Z/evidence.com_evidence_package_1_of_3_created_2024-05-09T21_03_16Z/Axon_Body_3_Video_2021-10-12_0605_X6039B9P4.mp4
572N0M,/mnt/synology/BWVs/fourth_900_videos/evidence.com_evidence_package_1_of_3_created_2024-05-09T21_03_16Z/evidence.com_evidence_package_1_of_3_created_2024-05-09T21_03_16Z/Axon_Body_3_Video_2021-10-12_0551_X6039B9P4.mp4
572VSK,/mnt/synology/BWVs/fourth_900_videos/evidence.com_evidence_package_1_of_3_created_2024-05-09T21_03_16Z/evidence.com_evidence_package_1_of_3_created_2024-05-09T21_03_16Z/Axon_Body_3_Video_2021-10-12_0543_X6039B9P4.mp4
572U8O,/mnt/synology/BWVs/fourth_900_videos/evidence.com_evidence_package_1_of_3_created_2024-05-09T21_03_16Z/evidence.com_evidence_package_1_of_3_created_2024-05-09T21_03_16Z/Axon_Body_3_Video_2021-10-12_0528_X6039B9P4.mp4
56XFLL,/mnt/synology/BWVs/fourth_900_videos/evidence.com_evidence_package_1_of_3_created_2024-05-09T21_03_16Z/evidence.com_evidence_package_1_of_3_created_2024-05-09T21_03_16Z/Axon_Body_3_Video_2021-10-11_2327_X6039BKNJ.mp4
56XC53,/mnt/synology/BWVs/fourth_900_videos/evidence.com_evidence_package_1_of_3_created_2024-05-09T21_03_16Z/evidence.com_evidence_package_1_of_3_created_2024-05-09T21_03_16Z/tinted_wondows.mp4
56IKYF,/mnt/synology/BWVs/fourth_900_videos/evidence.com_evidence_package_1_of_3_created_2024-05-09T21_03_16Z/evidence.com_evidence_package_1_of_3_created_2024-05-09T21_03_16Z/Axon_Body_3_Video_2021-10-10_1811_X6039BBV1.mp4
56IXDC,/mnt/synology/BWVs/fourth_900_videos/evidence.com_evidence_package_1_of_3_created_2024-05-09T21_03_16Z/evidence.com_evidence_package_1_of_3_created_2024-05-09T21_03_16Z/Axon_Body_3_Video_2021-10-10_1811_X6039BBP0.mp4
562MRH,/mnt/synology/BWVs/fourth_900_videos/evidence.com_evidence_package_1_of_3_created_2024-05-09T21_03_16Z/evidence.com_evidence_package_1_of_3_created_2024-05-09T21_03_16Z/Kaneda.mp4
55HOJ0,/mnt/synology/BWVs/fourth_900_videos/evidence.com_evidence_package_2_of_3_created_2024-05-09T21_03_16Z/evidence.com_evidence_package_2_of_3_created_2024-05-09T21_03_16Z/ts.mp4
55HYTW,/mnt/synology/BWVs/fourth_900_videos/evidence.com_evidence_package_1_of_3_created_2024-05-09T21_03_16Z/evidence.com_evidence_package_1_of_3_created_2024-05-09T21_03_16Z/Main_24th_2021-10-07_1903_X6039B9KX.mp4
5537TR,/mnt/synology/BWVs/fifth_45_videos/evidence.com_evidence_package_1_of_3_created_2024-06-06T15_24_24Z/Ts-10.mp4
54S861,/mnt/synology/BWVs/fourth_900_videos/evidence.com_evidence_package_1_of_3_created_2024-05-09T21_03_16Z/evidence.com_evidence_package_1_of_3_created_2024-05-09T21_03_16Z/Display_Of_Wrong_Plates.mp4
54OFC3,/mnt/synology/BWVs/fourth_900_videos/evidence.com_evidence_package_1_of_3_created_2024-05-09T21_03_16Z/evidence.com_evidence_package_1_of_3_created_2024-05-09T21_03_16Z/Axon_Body_3_Video_2021-10-05_2305_X6039BCM4.mp4
54KOTC,/mnt/synology/BWVs/fourth_900_videos/evidence.com_evidence_package_2_of_3_created_2024-05-09T21_03_16Z/evidence.com_evidence_package_2_of_3_created_2024-05-09T21_03_16Z/13158_Sherman_Wy_T_S_Cite_For_Exp_Reg_&_Adv_On_Reg.mp4
54KO2W,/mnt/synology/BWVs/fourth_900_videos/evidence.com_evidence_package_2_of_3_created_2024-05-09T21_03_16Z/evidence.com_evidence_package_2_of_3_created_2024-05-09T21_03_16Z/Traffic_Stop_Row_Truck.mp4
53WGWV,/mnt/synology/BWVs/fourth_900_videos/evidence.com_evidence_package_1_of_3_created_2024-05-09T21_03_16Z/evidence.com_evidence_package_1_of_3_created_2024-05-09T21_03_16Z/Merging_Lanes.mp4
53WKO2,/mnt/synology/BWVs/fourth_900_videos/evidence.com_evidence_package_1_of_3_created_2024-05-09T21_03_16Z/evidence.com_evidence_package_1_of_3_created_2024-05-09T21_03_16Z/Axon_Body_3_Video_2021-10-03_1833_X6039BCM4.mp4
53P4SF,/mnt/synology/BWVs/fourth_900_videos/evidence.com_evidence_package_1_of_3_created_2024-05-09T21_03_16Z/evidence.com_evidence_package_1_of_3_created_2024-05-09T21_03_16Z/Traffic_Stop-4.mp4
53DW4R,/mnt/synology/BWVs/fourth_900_videos/evidence.com_evidence_package_1_of_3_created_2024-05-09T21_03_16Z/evidence.com_evidence_package_1_of_3_created_2024-05-09T21_03_16Z/Traffic_Stop-9.mp4
53AIOS,/mnt/synology/BWVs/fourth_900_videos/evidence.com_evidence_package_2_of_3_created_2024-05-09T21_03_16Z/evidence.com_evidence_package_2_of_3_created_2024-05-09T21_03_16Z/Traffic_Stop-3.mp4
53AK8U,/mnt/synology/BWVs/fourth_900_videos/evidence.com_evidence_package_2_of_3_created_2024-05-09T21_03_16Z/evidence.com_evidence_package_2_of_3_created_2024-05-09T21_03_16Z/Traffic_Stop-4.mp4
53EBZ5,/mnt/synology/BWVs/fifth_45_videos/evidence.com_evidence_package_1_of_3_created_2024-06-06T15_24_24Z/Ts-7.mp4
53E5YJ,/mnt/synology/BWVs/fourth_900_videos/evidence.com_evidence_package_1_of_3_created_2024-05-09T21_03_16Z/evidence.com_evidence_package_1_of_3_created_2024-05-09T21_03_16Z/902.mp4
530844,/mnt/synology/BWVs/fourth_900_videos/evidence.com_evidence_package_1_of_3_created_2024-05-09T21_03_16Z/evidence.com_evidence_package_1_of_3_created_2024-05-09T21_03_16Z/TRAFFIC_STOP_.mp4
52LAG1,/mnt/synology/BWVs/fourth_900_videos/evidence.com_evidence_package_1_of_3_created_2024-05-09T21_03_16Z/evidence.com_evidence_package_1_of_3_created_2024-05-09T21_03_16Z/Tstop.mp4
51OKP6,/mnt/synology/BWVs/fourth_900_videos/evidence.com_evidence_package_1_of_3_created_2024-05-09T21_03_16Z/evidence.com_evidence_package_1_of_3_created_2024-05-09T21_03_16Z/Axon_Body_3_Video_2021-09-27_1625_X6039BA1X.mp4
51OJYE,/mnt/synology/BWVs/fourth_900_videos/evidence.com_evidence_package_1_of_3_created_2024-05-09T21_03_16Z/evidence.com_evidence_package_1_of_3_created_2024-05-09T21_03_16Z/Axon_Body_3_Video_2021-09-27_1617_X6039BA1X.mp4
51GPYU,/mnt/synology/BWVs/fourth_900_videos/evidence.com_evidence_package_1_of_3_created_2024-05-09T21_03_16Z/evidence.com_evidence_package_1_of_3_created_2024-05-09T21_03_16Z/TRAFFIC_STOP-11.mp4
51GYNO,/mnt/synology/BWVs/fifth_45_videos/evidence.com_evidence_package_1_of_3_created_2024-06-06T15_24_24Z/Traffic_Stop_Window_Tint.mp4
50TXAH,/mnt/synology/BWVs/fourth_900_videos/evidence.com_evidence_package_1_of_3_created_2024-05-09T21_03_16Z/evidence.com_evidence_package_1_of_3_created_2024-05-09T21_03_16Z/Ts.mp4
50TY2G,/mnt/synology/BWVs/fourth_900_videos/evidence.com_evidence_package_1_of_3_created_2024-05-09T21_03_16Z/evidence.com_evidence_package_1_of_3_created_2024-05-09T21_03_16Z/Traffic_Stop-5.mp4
4ZZDNE,/mnt/synology/BWVs/fourth_900_videos/evidence.com_evidence_package_1_of_3_created_2024-05-09T21_03_16Z/evidence.com_evidence_package_1_of_3_created_2024-05-09T21_03_16Z/Axon_Body_3_Video_2021-09-22_1941_X6039B9WP.mp4
4ZQ8B5,/mnt/synology/BWVs/fourth_900_videos/evidence.com_evidence_package_2_of_3_created_2024-05-09T21_03_16Z/evidence.com_evidence_package_2_of_3_created_2024-05-09T21_03_16Z/Traffic_Stop-2.mp4
4ZPYTL,/mnt/synology/BWVs/fourth_900_videos/evidence.com_evidence_package_2_of_3_created_2024-05-09T21_03_16Z/evidence.com_evidence_package_2_of_3_created_2024-05-09T21_03_16Z/No_front_Plate.mp4
4ZKBW7,/mnt/synology/BWVs/fifth_45_videos/evidence.com_evidence_package_2_of_3_created_2024-06-06T15_24_24Z/006-3.mp4
4ZKC8U,/mnt/synology/BWVs/fifth_45_videos/evidence.com_evidence_package_2_of_3_created_2024-06-06T15_24_24Z/Exp_Reg_Marijuana.mp4
4ZB6K2,/mnt/synology/BWVs/fourth_900_videos/evidence.com_evidence_package_2_of_3_created_2024-05-09T21_03_16Z/evidence.com_evidence_package_2_of_3_created_2024-05-09T21_03_16Z/Warned.mp4
4ZB8WC,/mnt/synology/BWVs/fourth_900_videos/evidence.com_evidence_package_2_of_3_created_2024-05-09T21_03_16Z/evidence.com_evidence_package_2_of_3_created_2024-05-09T21_03_16Z/006.mp4
4Z8C2H,/mnt/synology/BWVs/fourth_900_videos/evidence.com_evidence_package_1_of_3_created_2024-05-09T21_03_16Z/evidence.com_evidence_package_1_of_3_created_2024-05-09T21_03_16Z/Traffic_Stop-3.mp4
4YA64D,/mnt/synology/BWVs/fourth_900_videos/evidence.com_evidence_package_1_of_3_created_2024-05-09T21_03_16Z/evidence.com_evidence_package_1_of_3_created_2024-05-09T21_03_16Z/T_S_WINDOW_TINT.mp4
4YBR6G,/mnt/synology/BWVs/fourth_900_videos/evidence.com_evidence_package_1_of_3_created_2024-05-09T21_03_16Z/evidence.com_evidence_package_1_of_3_created_2024-05-09T21_03_16Z/Traffic_Stop-7.mp4
4YBQUI,/mnt/synology/BWVs/fourth_900_videos/evidence.com_evidence_package_1_of_3_created_2024-05-09T21_03_16Z/evidence.com_evidence_package_1_of_3_created_2024-05-09T21_03_16Z/Traffic_Stop-8.mp4
4XT4OA,/mnt/synology/BWVs/fourth_900_videos/evidence.com_evidence_package_1_of_3_created_2024-05-09T21_03_16Z/evidence.com_evidence_package_1_of_3_created_2024-05-09T21_03_16Z/Axon_Body_3_Video_2021-09-16_1544_X6039BCHZ.mp4
4XSY3Q,/mnt/synology/BWVs/fourth_900_videos/evidence.com_evidence_package_1_of_3_created_2024-05-09T21_03_16Z/evidence.com_evidence_package_1_of_3_created_2024-05-09T21_03_16Z/_mp4.mp4
4XGWKU,/mnt/synology/BWVs/fourth_900_videos/evidence.com_evidence_package_2_of_3_created_2024-05-09T21_03_16Z/evidence.com_evidence_package_2_of_3_created_2024-05-09T21_03_16Z/T_Stop.mp4
4XGZJW,/mnt/synology/BWVs/fourth_900_videos/evidence.com_evidence_package_2_of_3_created_2024-05-09T21_03_16Z/evidence.com_evidence_package_2_of_3_created_2024-05-09T21_03_16Z/T_s.mp4
4X46D1,/mnt/synology/BWVs/fifth_45_videos/evidence.com_evidence_package_1_of_3_created_2024-06-06T15_24_24Z/Axon_Body_3_Video_2021-09-14_2224_X6039BGXX.mp4
4WBYPA,/mnt/synology/BWVs/fourth_900_videos/evidence.com_evidence_package_2_of_3_created_2024-05-09T21_03_16Z/evidence.com_evidence_package_2_of_3_created_2024-05-09T21_03_16Z/Axon_Body_3_Video_2021-09-12_2113_X6039BJGA.mp4
4WC3FR,/mnt/synology/BWVs/fourth_900_videos/evidence.com_evidence_package_2_of_3_created_2024-05-09T21_03_16Z/evidence.com_evidence_package_2_of_3_created_2024-05-09T21_03_16Z/Cited_For_Tint.mp4
4WCK12,/mnt/synology/BWVs/fifth_45_videos/evidence.com_evidence_package_1_of_3_created_2024-06-06T15_24_24Z/Ts-9.mp4
4WCEU2,/mnt/synology/BWVs/fifth_45_videos/evidence.com_evidence_package_1_of_3_created_2024-06-06T15_24_24Z/traffic_stop_-2.mp4
4WBF16,/mnt/synology/BWVs/fourth_900_videos/evidence.com_evidence_package_1_of_3_created_2024-05-09T21_03_16Z/evidence.com_evidence_package_1_of_3_created_2024-05-09T21_03_16Z/Sepulveda_and_Valerio_.mp4
4WBHK2,/mnt/synology/BWVs/fourth_900_videos/evidence.com_evidence_package_1_of_3_created_2024-05-09T21_03_16Z/evidence.com_evidence_package_1_of_3_created_2024-05-09T21_03_16Z/SEPULVEDA_VALERIO.mp4
4XOEH7,/mnt/synology/BWVs/fourth_900_videos/evidence.com_evidence_package_2_of_3_created_2024-05-09T21_03_16Z/evidence.com_evidence_package_2_of_3_created_2024-05-09T21_03_16Z/Warned-2.mp4
4W3ZE1,/mnt/synology/BWVs/fourth_900_videos/evidence.com_evidence_package_1_of_3_created_2024-05-09T21_03_16Z/evidence.com_evidence_package_1_of_3_created_2024-05-09T21_03_16Z/Tints.mp4
4VYL5D,/mnt/synology/BWVs/fifth_45_videos/evidence.com_evidence_package_1_of_3_created_2024-06-06T15_24_24Z/22450a_Vc.mp4
4VF6YQ,/mnt/synology/BWVs/fourth_900_videos/evidence.com_evidence_package_2_of_3_created_2024-05-09T21_03_16Z/evidence.com_evidence_package_2_of_3_created_2024-05-09T21_03_16Z/Axon_Body_3_Video_2021-09-10_0354_X6039B65N.mp4
4VFD47,/mnt/synology/BWVs/fourth_900_videos/evidence.com_evidence_package_2_of_3_created_2024-05-09T21_03_16Z/evidence.com_evidence_package_2_of_3_created_2024-05-09T21_03_16Z/Traffic_Stop.mp4
4VETO8,/mnt/synology/BWVs/fifth_45_videos/evidence.com_evidence_package_1_of_3_created_2024-06-06T15_24_24Z/Ts-11.mp4
4VEIOE,/mnt/synology/BWVs/fourth_900_videos/evidence.com_evidence_package_1_of_3_created_2024-05-09T21_03_16Z/evidence.com_evidence_package_1_of_3_created_2024-05-09T21_03_16Z/Axon_Body_3_Video_2021-09-09_1949_X6039BAWZ.mp4
4VA2H1,/mnt/synology/BWVs/fourth_900_videos/evidence.com_evidence_package_1_of_1_created_2024-05-09T21_04_09Z/evidence.com_evidence_package_1_of_1_created_2024-05-09T21_04_09Z/Tint.mp4
4VAK7Z,/mnt/synology/BWVs/fourth_900_videos/evidence.com_evidence_package_1_of_1_created_2024-05-09T21_04_09Z/evidence.com_evidence_package_1_of_1_created_2024-05-09T21_04_09Z/38_Assct.mp4
4UXDEN,/mnt/synology/BWVs/fourth_900_videos/evidence.com_evidence_package_1_of_1_created_2024-05-09T21_04_09Z/evidence.com_evidence_package_1_of_1_created_2024-05-09T21_04_09Z/Traffic_Stpp.mp4
4UXEUJ,/mnt/synology/BWVs/fourth_900_videos/evidence.com_evidence_package_1_of_1_created_2024-05-09T21_04_09Z/evidence.com_evidence_package_1_of_1_created_2024-05-09T21_04_09Z/Ts.mp4
4UUVCD,/mnt/synology/BWVs/fourth_900_videos/evidence.com_evidence_package_1_of_1_created_2024-05-09T21_04_09Z/evidence.com_evidence_package_1_of_1_created_2024-05-09T21_04_09Z/_mp4.mp4
4UUVOI,/mnt/synology/BWVs/fourth_900_videos/evidence.com_evidence_package_1_of_1_created_2024-05-09T21_04_09Z/evidence.com_evidence_package_1_of_1_created_2024-05-09T21_04_09Z/Axon_Body_3_Video_2021-09-08_2054_X6039BJ20.mp4
4WRM4G,/mnt/synology/BWVs/fourth_900_videos/evidence.com_evidence_package_1_of_1_created_2024-05-09T21_04_09Z/evidence.com_evidence_package_1_of_1_created_2024-05-09T21_04_09Z/T_s-2.mp4
4USL2L,/mnt/synology/BWVs/fourth_900_videos/evidence.com_evidence_package_1_of_1_created_2024-05-09T21_04_09Z/evidence.com_evidence_package_1_of_1_created_2024-05-09T21_04_09Z/Traffic_Stop-2.mp4
4UP748,/mnt/synology/BWVs/fourth_900_videos/evidence.com_evidence_package_1_of_1_created_2024-05-09T21_04_09Z/evidence.com_evidence_package_1_of_1_created_2024-05-09T21_04_09Z/Montgomery.mp4
4UGO3O,/mnt/synology/BWVs/fourth_900_videos/evidence.com_evidence_package_1_of_1_created_2024-05-09T21_04_09Z/evidence.com_evidence_package_1_of_1_created_2024-05-09T21_04_09Z/Ts-3.mp4
4UGK0P,/mnt/synology/BWVs/fourth_900_videos/evidence.com_evidence_package_1_of_1_created_2024-05-09T21_04_09Z/evidence.com_evidence_package_1_of_1_created_2024-05-09T21_04_09Z/TS-2.mp4
4UJPGL,/mnt/synology/BWVs/fourth_900_videos/evidence.com_evidence_package_1_of_1_created_2024-05-09T21_04_09Z/evidence.com_evidence_package_1_of_1_created_2024-05-09T21_04_09Z/TRAFFIC_STOP.mp4
4U30N2,/mnt/synology/BWVs/fourth_900_videos/evidence.com_evidence_package_1_of_1_created_2024-05-09T21_04_09Z/evidence.com_evidence_package_1_of_1_created_2024-05-09T21_04_09Z/Axon_Body_3_Video_2021-09-06_1638_X6039BBV1.mp4
4U2VXH,/mnt/synology/BWVs/fourth_900_videos/evidence.com_evidence_package_1_of_1_created_2024-05-09T21_04_09Z/evidence.com_evidence_package_1_of_1_created_2024-05-09T21_04_09Z/Axon_Body_3_Video_2021-09-06_1637_X6039BBP0.mp4
4TZH80,/mnt/synology/BWVs/fourth_900_videos/evidence.com_evidence_package_1_of_1_created_2024-05-09T21_04_09Z/evidence.com_evidence_package_1_of_1_created_2024-05-09T21_04_09Z/Traffic_Stop-4.mp4
4TZC7M,/mnt/synology/BWVs/fourth_900_videos/evidence.com_evidence_package_1_of_1_created_2024-05-09T21_04_09Z/evidence.com_evidence_package_1_of_1_created_2024-05-09T21_04_09Z/006.mp4
4TZAHZ,/mnt/synology/BWVs/fourth_900_videos/evidence.com_evidence_package_1_of_1_created_2024-05-09T21_04_09Z/evidence.com_evidence_package_1_of_1_created_2024-05-09T21_04_09Z/Traffic_Stop-3.mp4
4TV8NW,/mnt/synology/BWVs/fourth_900_videos/evidence.com_evidence_package_1_of_1_created_2024-05-09T21_04_09Z/evidence.com_evidence_package_1_of_1_created_2024-05-09T21_04_09Z/21-19-12918.mp4
4TQV1V,/mnt/synology/BWVs/fourth_900_videos/evidence.com_evidence_package_1_of_1_created_2024-05-09T21_04_09Z/evidence.com_evidence_package_1_of_1_created_2024-05-09T21_04_09Z/No_Headlights.mp4
4TQKL8,/mnt/synology/BWVs/fourth_900_videos/evidence.com_evidence_package_1_of_1_created_2024-05-09T21_04_09Z/evidence.com_evidence_package_1_of_1_created_2024-05-09T21_04_09Z/T_S.mp4
4TNOU8,/mnt/synology/BWVs/fourth_900_videos/evidence.com_evidence_package_1_of_1_created_2024-05-09T21_04_09Z/evidence.com_evidence_package_1_of_1_created_2024-05-09T21_04_09Z/Traffic_Stop-5.mp4
4TAC1C,/mnt/synology/BWVs/fourth_900_videos/evidence.com_evidence_package_1_of_1_created_2024-05-09T21_04_09Z/evidence.com_evidence_package_1_of_1_created_2024-05-09T21_04_09Z/Axon_Body_3_Video_2021-09-04_1442_X6039BGQE.mp4
4TA9W0,/mnt/synology/BWVs/fourth_900_videos/evidence.com_evidence_package_1_of_1_created_2024-05-09T21_04_09Z/evidence.com_evidence_package_1_of_1_created_2024-05-09T21_04_09Z/Axon_Body_3_Video_2021-09-04_1430_X6039BGQE.mp4
4TA8E2,/mnt/synology/BWVs/fourth_900_videos/evidence.com_evidence_package_1_of_1_created_2024-05-09T21_04_09Z/evidence.com_evidence_package_1_of_1_created_2024-05-09T21_04_09Z/Axon_Body_3_Video_2021-09-04_1421_X6039BGQE.mp4
4TA8D8,/mnt/synology/BWVs/fourth_900_videos/evidence.com_evidence_package_1_of_1_created_2024-05-09T21_04_09Z/evidence.com_evidence_package_1_of_1_created_2024-05-09T21_04_09Z/Axon_Body_3_Video_2021-09-04_1416_X6039BGQE.mp4
4T8ZZJ,/mnt/synology/BWVs/fourth_900_videos/evidence.com_evidence_package_1_of_1_created_2024-05-09T21_04_09Z/evidence.com_evidence_package_1_of_1_created_2024-05-09T21_04_09Z/Axon_Body_3_Video_2021-09-04_1037_X6039BGQE.mp4
4T90CP,/mnt/synology/BWVs/fourth_900_videos/evidence.com_evidence_package_1_of_1_created_2024-05-09T21_04_09Z/evidence.com_evidence_package_1_of_1_created_2024-05-09T21_04_09Z/Axon_Body_3_Video_2021-09-04_1029_X6039BGQE.mp4
4T91GS,/mnt/synology/BWVs/fourth_900_videos/evidence.com_evidence_package_1_of_1_created_2024-05-09T21_04_09Z/evidence.com_evidence_package_1_of_1_created_2024-05-09T21_04_09Z/Axon_Body_3_Video_2021-09-04_1018_X6039BGQE.mp4
4T8ZK5,/mnt/synology/BWVs/fourth_900_videos/evidence.com_evidence_package_1_of_1_created_2024-05-09T21_04_09Z/evidence.com_evidence_package_1_of_1_created_2024-05-09T21_04_09Z/Axon_Body_3_Video_2021-09-04_1007_X6039BGQE.mp4
4T8WZ2,/mnt/synology/BWVs/fourth_900_videos/evidence.com_evidence_package_1_of_1_created_2024-05-09T21_04_09Z/evidence.com_evidence_package_1_of_1_created_2024-05-09T21_04_09Z/Axon_Body_3_Video_2021-09-04_0956_X6039BGQE.mp4
4T8WYI,/mnt/synology/BWVs/fourth_900_videos/evidence.com_evidence_package_1_of_1_created_2024-05-09T21_04_09Z/evidence.com_evidence_package_1_of_1_created_2024-05-09T21_04_09Z/Axon_Body_3_Video_2021-09-04_0946_X6039BGQE.mp4
4T941U,/mnt/synology/BWVs/fourth_900_videos/evidence.com_evidence_package_1_of_1_created_2024-05-09T21_04_09Z/evidence.com_evidence_package_1_of_1_created_2024-05-09T21_04_09Z/Axon_Body_3_Video_2021-09-04_0927_X6039BGQE.mp4
4T9391,/mnt/synology/BWVs/fourth_900_videos/evidence.com_evidence_package_1_of_1_created_2024-05-09T21_04_09Z/evidence.com_evidence_package_1_of_1_created_2024-05-09T21_04_09Z/Axon_Body_3_Video_2021-09-04_0916_X6039BGQE.mp4
4T92VJ,/mnt/synology/BWVs/fourth_900_videos/evidence.com_evidence_package_1_of_1_created_2024-05-09T21_04_09Z/evidence.com_evidence_package_1_of_1_created_2024-05-09T21_04_09Z/Axon_Body_3_Video_2021-09-04_0854_X6039BGQE.mp4
4T91OP,/mnt/synology/BWVs/fourth_900_videos/evidence.com_evidence_package_1_of_1_created_2024-05-09T21_04_09Z/evidence.com_evidence_package_1_of_1_created_2024-05-09T21_04_09Z/Axon_Body_3_Video_2021-09-04_0844_X6039BGQE.mp4
4T8YY3,/mnt/synology/BWVs/fourth_900_videos/evidence.com_evidence_package_1_of_1_created_2024-05-09T21_04_09Z/evidence.com_evidence_package_1_of_1_created_2024-05-09T21_04_09Z/Axon_Body_3_Video_2021-09-04_0720_X6039BGQE.mp4
4T8YXT,/mnt/synology/BWVs/fourth_900_videos/evidence.com_evidence_package_1_of_1_created_2024-05-09T21_04_09Z/evidence.com_evidence_package_1_of_1_created_2024-05-09T21_04_09Z/Axon_Body_3_Video_2021-09-04_0711_X6039BGQE.mp4
4T8T0Z,/mnt/synology/BWVs/fourth_900_videos/evidence.com_evidence_package_1_of_1_created_2024-05-09T21_04_09Z/evidence.com_evidence_package_1_of_1_created_2024-05-09T21_04_09Z/Axon_Body_3_Video_2021-09-04_0704_X6039BGQE.mp4
4T8QE4,/mnt/synology/BWVs/fourth_900_videos/evidence.com_evidence_package_1_of_1_created_2024-05-09T21_04_09Z/evidence.com_evidence_package_1_of_1_created_2024-05-09T21_04_09Z/Axon_Body_3_Video_2021-09-04_0656_X6039BGQE.mp4
7EUNRG,/mnt/synology/BWVs/sixth_709_videos/241-300/evidence.com_evidence_package_1_of_2_created_2024-08-23T17_21_15Z/Vehicle_Pursuit.mp4
7EVRTI,/mnt/synology/BWVs/sixth_709_videos/241-300/evidence.com_evidence_package_1_of_2_created_2024-08-23T17_21_15Z/Vehicle_Pursuit-2.mp4
7ENWEB,/mnt/synology/BWVs/sixth_709_videos/241-300/evidence.com_evidence_package_1_of_2_created_2024-08-23T17_21_15Z/Axon_Body_3_Video_2022-04-18_0735_X6039B923.mp4
7EQKKW,/mnt/synology/BWVs/sixth_709_videos/241-300/evidence.com_evidence_package_1_of_2_created_2024-08-23T17_21_15Z/Axon_Body_3_Video_2022-04-18_0658_X6039BGJ7.mp4
7EAAXV,/mnt/synology/BWVs/sixth_709_videos/241-300/evidence.com_evidence_package_1_of_2_created_2024-08-23T17_21_15Z/Axon_Body_3_Video_2022-04-17_0949_X6039BJ60.mp4
7DZA2A,/mnt/synology/BWVs/sixth_709_videos/241-300/evidence.com_evidence_package_1_of_2_created_2024-08-23T17_21_15Z/TS_AFDR.mp4
7DDIUQ,/mnt/synology/BWVs/sixth_709_videos/241-300/evidence.com_evidence_package_1_of_2_created_2024-08-23T17_21_15Z/Axon_Body_3_Video_2022-04-14_2246_X6039BC8V.mp4
7DDQUF,/mnt/synology/BWVs/sixth_709_videos/241-300/evidence.com_evidence_package_1_of_2_created_2024-08-23T17_21_15Z/Axon_Body_3_Video_2022-04-14_2246_X6039BAVG.mp4
7CSZ4Q,/mnt/synology/BWVs/sixth_709_videos/241-300/evidence.com_evidence_package_1_of_2_created_2024-08-23T17_21_15Z/211_Susp.mp4
7CT5ZU,/mnt/synology/BWVs/sixth_709_videos/241-300/evidence.com_evidence_package_1_of_2_created_2024-08-23T17_21_15Z/211_Susp-2.mp4
7CSJX8,/mnt/synology/BWVs/sixth_709_videos/241-300/evidence.com_evidence_package_2_of_2_created_2024-08-23T17_21_15Z/Axon_Body_3_Video_2022-04-13_0808_X6033314E.mp4
7CB4C7,/mnt/synology/BWVs/sixth_709_videos/241-300/evidence.com_evidence_package_1_of_2_created_2024-08-23T17_21_15Z/Money_Count.mp4
7CBJYH,/mnt/synology/BWVs/sixth_709_videos/241-300/evidence.com_evidence_package_2_of_2_created_2024-08-23T17_21_15Z/Reseda_Lemarsh_Arrest.mp4
7BFJIR,/mnt/synology/BWVs/sixth_709_videos/241-300/evidence.com_evidence_package_1_of_2_created_2024-08-23T17_21_15Z/Ts.mp4
7BEVR3,/mnt/synology/BWVs/sixth_709_videos/241-300/evidence.com_evidence_package_1_of_2_created_2024-08-23T17_21_15Z/Axon_Body_3_Video_2022-04-10_2006_X6039BBP0.mp4
7BEWW9,/mnt/synology/BWVs/sixth_709_videos/241-300/evidence.com_evidence_package_1_of_2_created_2024-08-23T17_21_15Z/ts-2.mp4
7B9KCW,/mnt/synology/BWVs/sixth_709_videos/241-300/evidence.com_evidence_package_1_of_2_created_2024-08-23T17_21_15Z/Axon_Body_3_Video_2022-04-10_0815_X6039BAV5.mp4
7B7XM2,/mnt/synology/BWVs/sixth_709_videos/241-300/evidence.com_evidence_package_2_of_2_created_2024-08-23T17_21_15Z/Axon_Body_3_Video_2022-04-09_2214_X6039BJ74.mp4
7B8MFB,/mnt/synology/BWVs/sixth_709_videos/241-300/evidence.com_evidence_package_2_of_2_created_2024-08-23T17_21_15Z/DUI_Arrest.mp4
7B88ZH,/mnt/synology/BWVs/sixth_709_videos/241-300/evidence.com_evidence_package_1_of_2_created_2024-08-23T17_21_15Z/Axon_Body_3_Video_2022-04-09_2208_X6039BJ74.mp4
7B8EB2,/mnt/synology/BWVs/sixth_709_videos/241-300/evidence.com_evidence_package_1_of_2_created_2024-08-23T17_21_15Z/Axon_Body_3_Video_2022-04-09_2208_X6039BJM3.mp4
7AOAG8,/mnt/synology/BWVs/sixth_709_videos/241-300/evidence.com_evidence_package_1_of_2_created_2024-08-23T17_21_15Z/t_s.mp4
7AA8IR,/mnt/synology/BWVs/sixth_709_videos/241-300/evidence.com_evidence_package_1_of_2_created_2024-08-23T17_21_15Z/TRAFFIC_STOP.mp4
79TS4A,/mnt/synology/BWVs/sixth_709_videos/241-300/evidence.com_evidence_package_1_of_2_created_2024-08-23T17_21_15Z/Axon_Body_3_Video_2022-04-06_1547_X6039BGL9.mp4
79JU1I,/mnt/synology/BWVs/sixth_709_videos/241-300/evidence.com_evidence_package_1_of_2_created_2024-08-23T17_21_15Z/Axon_Body_3_Video_2022-04-05_2339_X6039A2YN.mp4
79K81Y,/mnt/synology/BWVs/sixth_709_videos/241-300/evidence.com_evidence_package_2_of_2_created_2024-08-23T17_21_15Z/Axon_Body_3_Video_2022-04-05_2102_X6039A2YN.mp4
79EUHY,/mnt/synology/BWVs/sixth_709_videos/241-300/evidence.com_evidence_package_1_of_2_created_2024-08-23T17_21_15Z/Axon_Body_3_Video_2022-04-05_1746_X6039BKNJ.mp4
79FD8T,/mnt/synology/BWVs/sixth_709_videos/241-300/evidence.com_evidence_package_1_of_2_created_2024-08-23T17_21_15Z/Axon_Body_3_Video_2022-04-05_1735_X6039BAU1.mp4
79EDP5,/mnt/synology/BWVs/sixth_709_videos/241-300/evidence.com_evidence_package_1_of_2_created_2024-08-23T17_21_15Z/Axon_Body_3_Video_2022-04-05_1735_X6039BKNJ.mp4
79F3A8,/mnt/synology/BWVs/sixth_709_videos/241-300/evidence.com_evidence_package_1_of_2_created_2024-08-23T17_21_15Z/Axon_Body_3_Video_2022-04-05_1657_X6039BAU1.mp4
7ENDWJ,/mnt/synology/BWVs/sixth_709_videos/241-300/evidence.com_evidence_package_1_of_2_created_2024-08-23T17_21_15Z/Axon_Body_3_Video_2022-04-05_1519_X6039A3VX.mp4
78NYYR,/mnt/synology/BWVs/sixth_709_videos/241-300/evidence.com_evidence_package_1_of_2_created_2024-08-23T17_21_15Z/006.mp4
78O6SV,/mnt/synology/BWVs/sixth_709_videos/241-300/evidence.com_evidence_package_1_of_2_created_2024-08-23T17_21_15Z/Joe_Salas_Jr._1_3.mp4
78O2YS,/mnt/synology/BWVs/sixth_709_videos/241-300/evidence.com_evidence_package_1_of_2_created_2024-08-23T17_21_15Z/Axon_Body_3_Video_2022-04-04_0036_X6039BCHW.mp4
78JGP7,/mnt/synology/BWVs/sixth_709_videos/241-300/evidence.com_evidence_package_1_of_2_created_2024-08-23T17_21_15Z/Axon_Body_3_Video_2022-04-03_1840_X6039A4PA.mp4
78JU7F,/mnt/synology/BWVs/sixth_709_videos/241-300/evidence.com_evidence_package_1_of_2_created_2024-08-23T17_21_15Z/Axon_Body_3_Video_2022-04-03_1840_X6039A3M3.mp4
77X1AV,/mnt/synology/BWVs/sixth_709_videos/241-300/evidence.com_evidence_package_1_of_2_created_2024-08-23T17_21_15Z/Axon_Body_3_Video_2022-04-01_2300_X6039BFY2.mp4
773UQ6,/mnt/synology/BWVs/sixth_709_videos/241-300/evidence.com_evidence_package_1_of_2_created_2024-08-23T17_21_15Z/Axon_Body_3_Video_2022-03-31_0837_X6039BBNG.mp4
774FW6,/mnt/synology/BWVs/sixth_709_videos/241-300/evidence.com_evidence_package_1_of_2_created_2024-08-23T17_21_15Z/Axon_Body_3_Video_2022-03-31_0822_X6039BBNG.mp4
773RMZ,/mnt/synology/BWVs/sixth_709_videos/241-300/evidence.com_evidence_package_1_of_2_created_2024-08-23T17_21_15Z/Axon_Body_3_Video_2022-03-31_0813_X6039BBNG.mp4
774FIK,/mnt/synology/BWVs/sixth_709_videos/241-300/evidence.com_evidence_package_1_of_2_created_2024-08-23T17_21_15Z/Axon_Body_3_Video_2022-03-31_0802_X6039BBNG.mp4
76DCT9,/mnt/synology/BWVs/sixth_709_videos/241-300/evidence.com_evidence_package_1_of_2_created_2024-08-23T17_21_15Z/Axon_Body_3_Video_2022-03-29_1232_X6039BJNJ.mp4
76D22C,/mnt/synology/BWVs/sixth_709_videos/241-300/evidence.com_evidence_package_1_of_2_created_2024-08-23T17_21_15Z/Axon_Body_3_Video_2022-03-29_1119_X6039BJNJ.mp4
75QPOT,/mnt/synology/BWVs/sixth_709_videos/241-300/evidence.com_evidence_package_1_of_2_created_2024-08-23T17_21_15Z/902.mp4
75QO3K,/mnt/synology/BWVs/sixth_709_videos/241-300/evidence.com_evidence_package_1_of_2_created_2024-08-23T17_21_15Z/Axon_Body_3_Video_2022-03-28_0002_X6039BHML.mp4
75QQPT,/mnt/synology/BWVs/sixth_709_videos/241-300/evidence.com_evidence_package_1_of_2_created_2024-08-23T17_21_15Z/Axon_Body_3_Video_2022-03-27_2237_X6039BCHW.mp4
75Q70S,/mnt/synology/BWVs/sixth_709_videos/241-300/evidence.com_evidence_package_1_of_2_created_2024-08-23T17_21_15Z/Ts_Lights_Off.mp4
750LKA,/mnt/synology/BWVs/sixth_709_videos/241-300/evidence.com_evidence_package_1_of_2_created_2024-08-23T17_21_15Z/Axon_Body_3_Video_2022-03-26_0030_X6039A22X.mp4
750OLI,/mnt/synology/BWVs/sixth_709_videos/241-300/evidence.com_evidence_package_1_of_2_created_2024-08-23T17_21_15Z/Axon_Body_3_Video_2022-03-26_0030_X6039A25K.mp4
73XFLM,/mnt/synology/BWVs/sixth_709_videos/241-300/evidence.com_evidence_package_1_of_2_created_2024-08-23T17_21_15Z/Axon_Body_3_Video_2022-03-23_1702_X6039BGL9.mp4
72PI56,/mnt/synology/BWVs/sixth_709_videos/241-300/evidence.com_evidence_package_1_of_2_created_2024-08-23T17_21_15Z/Misdemeanor_Arrest_For_Reckless_Driving.mp4
72PPCW,/mnt/synology/BWVs/sixth_709_videos/241-300/evidence.com_evidence_package_1_of_2_created_2024-08-23T17_21_15Z/Responded_To_Takeover.mp4
70P1YS,/mnt/synology/BWVs/sixth_709_videos/241-300/evidence.com_evidence_package_1_of_2_created_2024-08-23T17_21_15Z/front_door.mp4
70P67B,/mnt/synology/BWVs/sixth_709_videos/241-300/evidence.com_evidence_package_1_of_2_created_2024-08-23T17_21_15Z/Bar_camera.mp4
70PL7U,/mnt/synology/BWVs/sixth_709_videos/241-300/evidence.com_evidence_package_1_of_2_created_2024-08-23T17_21_15Z/Bar_camera_1.mp4
70PIW7,/mnt/synology/BWVs/sixth_709_videos/241-300/evidence.com_evidence_package_1_of_2_created_2024-08-23T17_21_15Z/bar_2.mp4
70P52N,/mnt/synology/BWVs/sixth_709_videos/241-300/evidence.com_evidence_package_1_of_2_created_2024-08-23T17_21_15Z/Pool_area_.mp4
70PNIE,/mnt/synology/BWVs/sixth_709_videos/241-300/evidence.com_evidence_package_1_of_2_created_2024-08-23T17_21_15Z/Pool_area_2.mp4
70P7CX,/mnt/synology/BWVs/sixth_709_videos/241-300/evidence.com_evidence_package_1_of_2_created_2024-08-23T17_21_15Z/Pool_area_3.mp4
6Q0RX8,/mnt/synology/BWVs/sixth_709_videos/361-420/evidence.com_evidence_package_1_of_2_created_2024-08-23T18_13_06Z/Traffic_Stop-5.mp4
6PUHFJ,/mnt/synology/BWVs/sixth_709_videos/361-420/evidence.com_evidence_package_1_of_2_created_2024-08-23T18_13_06Z/VEH_THEFT-3.mp4
6PUKUW,/mnt/synology/BWVs/sixth_709_videos/361-420/evidence.com_evidence_package_1_of_2_created_2024-08-23T18_13_06Z/VEH_THEFT.mp4
6PU91N,/mnt/synology/BWVs/sixth_709_videos/361-420/evidence.com_evidence_package_1_of_2_created_2024-08-23T18_13_06Z/VEH_THEFT-2.mp4
6PUTKR,/mnt/synology/BWVs/sixth_709_videos/361-420/evidence.com_evidence_package_1_of_2_created_2024-08-23T18_13_06Z/VEH_THEFT-4.mp4
6SFT03,/mnt/synology/BWVs/sixth_709_videos/361-420/evidence.com_evidence_package_1_of_2_created_2024-08-23T18_13_06Z/Traffic_Stop-2.mp4
6NY8H1,/mnt/synology/BWVs/sixth_709_videos/361-420/evidence.com_evidence_package_1_of_2_created_2024-08-23T18_13_06Z/Traffic_Stop.mp4
6NOJ9D,/mnt/synology/BWVs/sixth_709_videos/361-420/evidence.com_evidence_package_2_of_2_created_2024-08-23T18_13_06Z/Axon_Body_3_Video_2022-02-13_2008_X6039BEVU.mp4
6NOK1K,/mnt/synology/BWVs/sixth_709_videos/361-420/evidence.com_evidence_package_2_of_2_created_2024-08-23T18_13_06Z/Axon_Body_3_Video_2022-02-13_2008_X6039BA30.mp4
6NNDE5,/mnt/synology/BWVs/sixth_709_videos/361-420/evidence.com_evidence_package_1_of_2_created_2024-08-23T18_13_06Z/Axon_Body_3_Video_2022-02-13_1937_X6039BEVU.mp4
6NNLFH,/mnt/synology/BWVs/sixth_709_videos/361-420/evidence.com_evidence_package_1_of_2_created_2024-08-23T18_13_06Z/Axon_Body_3_Video_2022-02-13_1936_X6039BA30.mp4
6NWT8E,/mnt/synology/BWVs/sixth_709_videos/361-420/evidence.com_evidence_package_1_of_2_created_2024-08-23T18_13_06Z/Axon_Body_3_Video_2022-02-12_2320_X6039BFKY.mp4
6MRN91,/mnt/synology/BWVs/sixth_709_videos/361-420/evidence.com_evidence_package_1_of_2_created_2024-08-23T18_13_06Z/Axon_Body_3_Video_2022-02-11_1608_X6039BBW6.mp4
6MR0BI,/mnt/synology/BWVs/sixth_709_videos/361-420/evidence.com_evidence_package_1_of_2_created_2024-08-23T18_13_06Z/Axon_Body_3_Video_2022-02-11_1608_X6039BHEL.mp4
6MRSL2,/mnt/synology/BWVs/sixth_709_videos/361-420/evidence.com_evidence_package_1_of_2_created_2024-08-23T18_13_06Z/Axon_Body_3_Video_2022-02-11_1557_X6039BBW6.mp4
6MRMU8,/mnt/synology/BWVs/sixth_709_videos/361-420/evidence.com_evidence_package_1_of_2_created_2024-08-23T18_13_06Z/Axon_Body_3_Video_2022-02-11_1428_X6039BBW6.mp4
6MRU3T,/mnt/synology/BWVs/sixth_709_videos/361-420/evidence.com_evidence_package_2_of_2_created_2024-08-23T18_13_06Z/Axon_Body_3_Video_2022-02-11_1341_X6039BBW6.mp4
6MR5PD,/mnt/synology/BWVs/sixth_709_videos/361-420/evidence.com_evidence_package_2_of_2_created_2024-08-23T18_13_06Z/Axon_Body_3_Video_2022-02-11_1341_X6039BHEL.mp4
6MRFJ5,/mnt/synology/BWVs/sixth_709_videos/361-420/evidence.com_evidence_package_2_of_2_created_2024-08-23T18_13_06Z/Axon_Body_3_Video_2022-02-11_1252_X6039BBW6.mp4
6MRZGP,/mnt/synology/BWVs/sixth_709_videos/361-420/evidence.com_evidence_package_1_of_2_created_2024-08-23T18_13_06Z/Axon_Body_3_Video_2022-02-11_1252_X6039BHEL.mp4
6MR7HU,/mnt/synology/BWVs/sixth_709_videos/361-420/evidence.com_evidence_package_1_of_2_created_2024-08-23T18_13_06Z/Axon_Body_3_Video_2022-02-11_1214_X6039BHEL.mp4
6MR9VR,/mnt/synology/BWVs/sixth_709_videos/361-420/evidence.com_evidence_package_1_of_2_created_2024-08-23T18_13_06Z/Axon_Body_3_Video_2022-02-11_1214_X6039BBW6.mp4
6MROOK,/mnt/synology/BWVs/sixth_709_videos/361-420/evidence.com_evidence_package_1_of_2_created_2024-08-23T18_13_06Z/Axon_Body_3_Video_2022-02-11_1124_X6039BHEL.mp4
6MRA3W,/mnt/synology/BWVs/sixth_709_videos/361-420/evidence.com_evidence_package_1_of_2_created_2024-08-23T18_13_06Z/Axon_Body_3_Video_2022-02-11_0736_X6039BHEL.mp4
6MRRQL,/mnt/synology/BWVs/sixth_709_videos/361-420/evidence.com_evidence_package_1_of_2_created_2024-08-23T18_13_06Z/Axon_Body_3_Video_2022-02-11_0717_X6039BBW6.mp4
6MNKLG,/mnt/synology/BWVs/sixth_709_videos/361-420/evidence.com_evidence_package_1_of_2_created_2024-08-23T18_13_06Z/Test.mp4
6M4WKQ,/mnt/synology/BWVs/sixth_709_videos/361-420/evidence.com_evidence_package_1_of_2_created_2024-08-23T18_13_06Z/Axon_Body_3_Video_2022-02-10_0853_X6039BB5P.mp4
6LX0MZ,/mnt/synology/BWVs/sixth_709_videos/361-420/evidence.com_evidence_package_1_of_2_created_2024-08-23T18_13_06Z/Axon_Body_3_Video_2022-02-09_1611_X6039BGJ7.mp4
6L89QA,/mnt/synology/BWVs/sixth_709_videos/361-420/evidence.com_evidence_package_1_of_2_created_2024-08-23T18_13_06Z/211.mp4
6L83VW,/mnt/synology/BWVs/sixth_709_videos/361-420/evidence.com_evidence_package_1_of_2_created_2024-08-23T18_13_06Z/TC_Investigation.mp4
6L867S,/mnt/synology/BWVs/sixth_709_videos/361-420/evidence.com_evidence_package_1_of_2_created_2024-08-23T18_13_06Z/904AO.mp4
6L8A4Q,/mnt/synology/BWVs/sixth_709_videos/361-420/evidence.com_evidence_package_2_of_2_created_2024-08-23T18_13_06Z/904AO.mp4
6L82BR,/mnt/synology/BWVs/sixth_709_videos/361-420/evidence.com_evidence_package_2_of_2_created_2024-08-23T18_13_06Z/Ambulance_TC.mp4
6K8USQ,/mnt/synology/BWVs/sixth_709_videos/361-420/evidence.com_evidence_package_1_of_2_created_2024-08-23T18_13_06Z/Traffic_Stop_No_Plates.mp4
6K95VI,/mnt/synology/BWVs/sixth_709_videos/361-420/evidence.com_evidence_package_1_of_2_created_2024-08-23T18_13_06Z/Traffic_Stop-4.mp4
6JIBEB,/mnt/synology/BWVs/sixth_709_videos/361-420/evidence.com_evidence_package_1_of_2_created_2024-08-23T18_13_06Z/TS_Tinted_Windows.mp4
6JHJ5B,/mnt/synology/BWVs/sixth_709_videos/361-420/evidence.com_evidence_package_1_of_2_created_2024-08-23T18_13_06Z/Axon_Body_3_Video_2022-02-03_1846_X6039A4R8.mp4
6J9T5U,/mnt/synology/BWVs/sixth_709_videos/361-420/evidence.com_evidence_package_1_of_2_created_2024-08-23T18_13_06Z/Axon_Body_3_Video_2022-02-02_1611_X6039BGL9.mp4
6J1ECK,/mnt/synology/BWVs/sixth_709_videos/361-420/evidence.com_evidence_package_1_of_2_created_2024-08-23T18_13_06Z/Axon_Body_3_Video_2022-02-02_0648_X6039A684.mp4
6IJTJF,/mnt/synology/BWVs/sixth_709_videos/361-420/evidence.com_evidence_package_1_of_2_created_2024-08-23T18_13_06Z/Axon_Body_3_Video_2022-02-01_1257_X6039BBWB.mp4
6I89NI,/mnt/synology/BWVs/sixth_709_videos/361-420/evidence.com_evidence_package_1_of_2_created_2024-08-23T18_13_06Z/Lazy_Gun_Arrest.mp4
6I89MJ,/mnt/synology/BWVs/sixth_709_videos/361-420/evidence.com_evidence_package_1_of_2_created_2024-08-23T18_13_06Z/Thrown_Gun_Arrest_.mp4
6HPJUQ,/mnt/synology/BWVs/sixth_709_videos/361-420/evidence.com_evidence_package_1_of_2_created_2024-08-23T18_13_06Z/GTA_Arrest_San_Pedro_8th_St-2.mp4
6HOSE3,/mnt/synology/BWVs/sixth_709_videos/361-420/evidence.com_evidence_package_1_of_2_created_2024-08-23T18_13_06Z/Gta_Arrest_San_Pedro_8th_St.mp4
6HPIPL,/mnt/synology/BWVs/sixth_709_videos/361-420/evidence.com_evidence_package_1_of_2_created_2024-08-23T18_13_06Z/Code_37_Vehicle_Arrest.mp4
6H7BEI,/mnt/synology/BWVs/sixth_709_videos/361-420/evidence.com_evidence_package_1_of_2_created_2024-08-23T18_13_06Z/Axon_Body_3_Video_2022-01-29_2145_X6039B923.mp4
6H72KZ,/mnt/synology/BWVs/sixth_709_videos/361-420/evidence.com_evidence_package_1_of_2_created_2024-08-23T18_13_06Z/Axon_Body_3_Video_2022-01-29_2141_X6039B923.mp4
6GSKX4,/mnt/synology/BWVs/sixth_709_videos/361-420/evidence.com_evidence_package_1_of_2_created_2024-08-23T18_13_06Z/T_S_VISTA_ST_MELROSE_AVE.mp4
6FWEZU,/mnt/synology/BWVs/sixth_709_videos/361-420/evidence.com_evidence_package_1_of_2_created_2024-08-23T18_13_06Z/Philippi_Remington.mp4
6FWIFU,/mnt/synology/BWVs/sixth_709_videos/361-420/evidence.com_evidence_package_1_of_2_created_2024-08-23T18_13_06Z/Traffic_Stop_@_Phillipi_and_Remington.mp4
6FE8VV,/mnt/synology/BWVs/sixth_709_videos/361-420/evidence.com_evidence_package_1_of_2_created_2024-08-23T18_13_06Z/Axon_Body_3_Video_2022-01-25_1643_X6039BBCD.mp4
6FEVTJ,/mnt/synology/BWVs/sixth_709_videos/361-420/evidence.com_evidence_package_1_of_2_created_2024-08-23T18_13_06Z/Axon_Body_3_Video_2022-01-25_1643_X6039B80Y.mp4
6F91PL,/mnt/synology/BWVs/sixth_709_videos/361-420/evidence.com_evidence_package_1_of_2_created_2024-08-23T18_13_06Z/Axon_Body_3_Video_2022-01-25_0832_X6039BBNG.mp4
6FG8K1,/mnt/synology/BWVs/sixth_709_videos/361-420/evidence.com_evidence_package_1_of_2_created_2024-08-23T18_13_06Z/Tint_Window_No_Plates.mp4
6FG71P,/mnt/synology/BWVs/sixth_709_videos/361-420/evidence.com_evidence_package_1_of_2_created_2024-08-23T18_13_06Z/Traffic_Stop-3.mp4
6F63CM,/mnt/synology/BWVs/sixth_709_videos/361-420/evidence.com_evidence_package_1_of_2_created_2024-08-23T18_13_06Z/T_S.mp4
6F5S8L,/mnt/synology/BWVs/sixth_709_videos/361-420/evidence.com_evidence_package_1_of_2_created_2024-08-23T18_13_06Z/Traffic_Stop-6.mp4
6F3RZ9,/mnt/synology/BWVs/sixth_709_videos/361-420/evidence.com_evidence_package_2_of_2_created_2024-08-23T18_13_06Z/Narcotics_Arrest.mp4
6F5AK2,/mnt/synology/BWVs/sixth_709_videos/361-420/evidence.com_evidence_package_1_of_2_created_2024-08-23T18_13_06Z/Traffic_Stop-7.mp4
6EMBCN,/mnt/synology/BWVs/sixth_709_videos/361-420/evidence.com_evidence_package_1_of_2_created_2024-08-23T18_13_06Z/Hoover_58.mp4
70PGL8,/mnt/synology/BWVs/sixth_709_videos/301-360/evidence.com_evidence_package_1_of_2_created_2024-08-23T18_04_03Z/outside_2.mp4
70PASU,/mnt/synology/BWVs/sixth_709_videos/301-360/evidence.com_evidence_package_1_of_2_created_2024-08-23T18_04_03Z/Outside_bar.mp4
70P6Z4,/mnt/synology/BWVs/sixth_709_videos/301-360/evidence.com_evidence_package_1_of_2_created_2024-08-23T18_04_03Z/Side_bar.mp4
70PN5F,/mnt/synology/BWVs/sixth_709_videos/301-360/evidence.com_evidence_package_1_of_2_created_2024-08-23T18_04_03Z/Side_bar_2.mp4
70PG6Q,/mnt/synology/BWVs/sixth_709_videos/301-360/evidence.com_evidence_package_1_of_2_created_2024-08-23T18_04_03Z/Backroom.mp4
70OYI8,/mnt/synology/BWVs/sixth_709_videos/301-360/evidence.com_evidence_package_1_of_2_created_2024-08-23T18_04_03Z/front_door_2.mp4
70PFT3,/mnt/synology/BWVs/sixth_709_videos/301-360/evidence.com_evidence_package_1_of_2_created_2024-08-23T18_04_03Z/front_door.mp4
70SMKW,/mnt/synology/BWVs/sixth_709_videos/301-360/evidence.com_evidence_package_1_of_2_created_2024-08-23T18_04_03Z/Axon_Body_3_Video_2022-03-16_0821_X6039BJZ2.mp4
70H9HF,/mnt/synology/BWVs/sixth_709_videos/301-360/evidence.com_evidence_package_1_of_2_created_2024-08-23T18_04_03Z/Axon_Body_3_Video_2022-03-15_1634_X6039A3DP.mp4
70H8PG,/mnt/synology/BWVs/sixth_709_videos/301-360/evidence.com_evidence_package_1_of_2_created_2024-08-23T18_04_03Z/Axon_Body_3_Video_2022-03-15_1633_X6039BETJ.mp4
7088XF,/mnt/synology/BWVs/sixth_709_videos/301-360/evidence.com_evidence_package_1_of_2_created_2024-08-23T18_04_03Z/Axon_Body_3_Video_2022-03-14_2133_X6039BK1M.mp4
6Z28QA,/mnt/synology/BWVs/sixth_709_videos/301-360/evidence.com_evidence_package_2_of_2_created_2024-08-23T18_04_03Z/006_Burbank_PD_Arrest_1_3.mp4
6Z1JJ1,/mnt/synology/BWVs/sixth_709_videos/301-360/evidence.com_evidence_package_1_of_2_created_2024-08-23T18_04_03Z/006-2.mp4
6YVGGS,/mnt/synology/BWVs/sixth_709_videos/301-360/evidence.com_evidence_package_1_of_2_created_2024-08-23T18_04_03Z/Ts.mp4
6YZG8J,/mnt/synology/BWVs/sixth_709_videos/301-360/evidence.com_evidence_package_2_of_2_created_2024-08-23T18_04_03Z/990F.mp4
6Y79MP,/mnt/synology/BWVs/sixth_709_videos/301-360/evidence.com_evidence_package_2_of_2_created_2024-08-23T18_04_03Z/Axon_Body_3_Video_2022-03-10_1440_X6039BA3B.mp4
6X4E8Y,/mnt/synology/BWVs/sixth_709_videos/301-360/evidence.com_evidence_package_1_of_2_created_2024-08-23T18_04_03Z/Axon_Body_3_Video_2022-03-08_1554_X6039A4NZ.mp4
6WGEH1,/mnt/synology/BWVs/sixth_709_videos/301-360/evidence.com_evidence_package_1_of_2_created_2024-08-23T18_04_03Z/Axon_Body_3_Video_2022-03-05_1455_X6039BCPU.mp4
6WGVYC,/mnt/synology/BWVs/sixth_709_videos/301-360/evidence.com_evidence_package_1_of_2_created_2024-08-23T18_04_03Z/Axon_Body_3_Video_2022-03-05_1255_X6039BJGX.mp4
6VR236,/mnt/synology/BWVs/sixth_709_videos/301-360/evidence.com_evidence_package_1_of_2_created_2024-08-23T18_04_03Z/Axon_Body_3_Video_2022-03-05_1152_X6039BCPU.mp4
6VR9DG,/mnt/synology/BWVs/sixth_709_videos/301-360/evidence.com_evidence_package_1_of_2_created_2024-08-23T18_04_03Z/Axon_Body_3_Video_2022-03-05_1142_X6039BCPU.mp4
6VQFW9,/mnt/synology/BWVs/sixth_709_videos/301-360/evidence.com_evidence_package_1_of_2_created_2024-08-23T18_04_03Z/Axon_Body_3_Video_2022-03-05_1127_X6039BCPU.mp4
6VQZT2,/mnt/synology/BWVs/sixth_709_videos/301-360/evidence.com_evidence_package_1_of_2_created_2024-08-23T18_04_03Z/Axon_Body_3_Video_2022-03-05_1116_X6039BCPU.mp4
6VR71F,/mnt/synology/BWVs/sixth_709_videos/301-360/evidence.com_evidence_package_1_of_2_created_2024-08-23T18_04_03Z/Axon_Body_3_Video_2022-03-05_1106_X6039BCPU.mp4
6VQYZO,/mnt/synology/BWVs/sixth_709_videos/301-360/evidence.com_evidence_package_1_of_2_created_2024-08-23T18_04_03Z/Axon_Body_3_Video_2022-03-05_1052_X6039BCPU.mp4
6VQQMA,/mnt/synology/BWVs/sixth_709_videos/301-360/evidence.com_evidence_package_1_of_2_created_2024-08-23T18_04_03Z/Axon_Body_3_Video_2022-03-05_1039_X6039BCPU.mp4
6VQY8V,/mnt/synology/BWVs/sixth_709_videos/301-360/evidence.com_evidence_package_1_of_2_created_2024-08-23T18_04_03Z/Axon_Body_3_Video_2022-03-05_0933_X6039BCPU.mp4
6VQZDI,/mnt/synology/BWVs/sixth_709_videos/301-360/evidence.com_evidence_package_1_of_2_created_2024-08-23T18_04_03Z/Axon_Body_3_Video_2022-03-05_0922_X6039BCPU.mp4
6VQIWZ,/mnt/synology/BWVs/sixth_709_videos/301-360/evidence.com_evidence_package_1_of_2_created_2024-08-23T18_04_03Z/Axon_Body_3_Video_2022-03-05_0915_X6039BCPU.mp4
6VQK1K,/mnt/synology/BWVs/sixth_709_videos/301-360/evidence.com_evidence_package_1_of_2_created_2024-08-23T18_04_03Z/Axon_Body_3_Video_2022-03-05_0900_X6039BCPU.mp4
6VQAVB,/mnt/synology/BWVs/sixth_709_videos/301-360/evidence.com_evidence_package_1_of_2_created_2024-08-23T18_04_03Z/Axon_Body_3_Video_2022-03-05_0850_X6039BCPU.mp4
6VQCS8,/mnt/synology/BWVs/sixth_709_videos/301-360/evidence.com_evidence_package_1_of_2_created_2024-08-23T18_04_03Z/Axon_Body_3_Video_2022-03-05_0839_X6039BCPU.mp4
6VQVW4,/mnt/synology/BWVs/sixth_709_videos/301-360/evidence.com_evidence_package_1_of_2_created_2024-08-23T18_04_03Z/Axon_Body_3_Video_2022-03-05_0831_X6039BCPU.mp4
6VQFTT,/mnt/synology/BWVs/sixth_709_videos/301-360/evidence.com_evidence_package_1_of_2_created_2024-08-23T18_04_03Z/Axon_Body_3_Video_2022-03-05_0823_X6039BCPU.mp4
6VR4BB,/mnt/synology/BWVs/sixth_709_videos/301-360/evidence.com_evidence_package_1_of_2_created_2024-08-23T18_04_03Z/Axon_Body_3_Video_2022-03-05_0803_X6039BCPU.mp4
6VQI4P,/mnt/synology/BWVs/sixth_709_videos/301-360/evidence.com_evidence_package_1_of_2_created_2024-08-23T18_04_03Z/Axon_Body_3_Video_2022-03-05_0752_X6039BCPU.mp4
6VQUBS,/mnt/synology/BWVs/sixth_709_videos/301-360/evidence.com_evidence_package_1_of_2_created_2024-08-23T18_04_03Z/Axon_Body_3_Video_2022-03-05_0715_X6039BCPU.mp4
6VQVVF,/mnt/synology/BWVs/sixth_709_videos/301-360/evidence.com_evidence_package_1_of_2_created_2024-08-23T18_04_03Z/Axon_Body_3_Video_2022-03-05_0704_X6039BCPU.mp4
6VQZPK,/mnt/synology/BWVs/sixth_709_videos/301-360/evidence.com_evidence_package_1_of_2_created_2024-08-23T18_04_03Z/Axon_Body_3_Video_2022-03-05_0653_X6039BCPU.mp4
6VP5DR,/mnt/synology/BWVs/sixth_709_videos/301-360/evidence.com_evidence_package_1_of_2_created_2024-08-23T18_04_03Z/Gun_Arrest-2.mp4
6VP4K8,/mnt/synology/BWVs/sixth_709_videos/301-360/evidence.com_evidence_package_1_of_2_created_2024-08-23T18_04_03Z/Gun_Arrest.mp4
6VPICH,/mnt/synology/BWVs/sixth_709_videos/301-360/evidence.com_evidence_package_1_of_2_created_2024-08-23T18_04_03Z/Gun_Arrest-3.mp4
6V4572,/mnt/synology/BWVs/sixth_709_videos/301-360/evidence.com_evidence_package_1_of_2_created_2024-08-23T18_04_03Z/Traffic_Stop_Citation.mp4
6UX2C3,/mnt/synology/BWVs/sixth_709_videos/301-360/evidence.com_evidence_package_1_of_2_created_2024-08-23T18_04_03Z/Traffic_Stop_Expired_Reg.mp4
6UWNPA,/mnt/synology/BWVs/sixth_709_videos/301-360/evidence.com_evidence_package_1_of_2_created_2024-08-23T18_04_03Z/Axon_Body_3_Video_2022-03-03_1111_X6039BJVR.mp4
6URQJL,/mnt/synology/BWVs/sixth_709_videos/301-360/evidence.com_evidence_package_1_of_2_created_2024-08-23T18_04_03Z/Axon_Body_3_Video_2022-03-03_0036_X6039BJN7.mp4
6UH779,/mnt/synology/BWVs/sixth_709_videos/301-360/evidence.com_evidence_package_1_of_2_created_2024-08-23T18_04_03Z/Axon_Body_3_Video_2022-03-02_1049_X6039BJNJ.mp4
6VVP2S,/mnt/synology/BWVs/sixth_709_videos/301-360/evidence.com_evidence_package_1_of_2_created_2024-08-23T18_04_03Z/Axon_Body_3_Video_2022-03-01_1511_X6039BA28.mp4
6TITCL,/mnt/synology/BWVs/sixth_709_videos/301-360/evidence.com_evidence_package_1_of_2_created_2024-08-23T18_04_03Z/22022800001253.mp4
6TAJGV,/mnt/synology/BWVs/sixth_709_videos/301-360/evidence.com_evidence_package_1_of_2_created_2024-08-23T18_04_03Z/Axon_Body_3_Video_2022-02-27_2225_X6039BGHJ.mp4
6V85N0,/mnt/synology/BWVs/sixth_709_videos/301-360/evidence.com_evidence_package_1_of_2_created_2024-08-23T18_04_03Z/006.mp4
6SYM7B,/mnt/synology/BWVs/sixth_709_videos/301-360/evidence.com_evidence_package_1_of_2_created_2024-08-23T18_04_03Z/902.mp4
6SYFBO,/mnt/synology/BWVs/sixth_709_videos/301-360/evidence.com_evidence_package_1_of_2_created_2024-08-23T18_04_03Z/902-2.mp4
6S5UY7,/mnt/synology/BWVs/sixth_709_videos/301-360/evidence.com_evidence_package_1_of_2_created_2024-08-23T18_04_03Z/Illegal_Parking.mp4
6S5CZY,/mnt/synology/BWVs/sixth_709_videos/301-360/evidence.com_evidence_package_1_of_2_created_2024-08-23T18_04_03Z/Axon_Body_3_Video_2022-02-24_1557_X60A1266K.mp4
6S4NGA,/mnt/synology/BWVs/sixth_709_videos/301-360/evidence.com_evidence_package_1_of_2_created_2024-08-23T18_04_03Z/Axon_Body_3_Video_2022-02-24_1528_X6039A4NZ.mp4
6RYYWI,/mnt/synology/BWVs/sixth_709_videos/301-360/evidence.com_evidence_package_1_of_2_created_2024-08-23T18_04_03Z/Axon_Body_3_Video_2022-02-24_0917_X6039BGXY.mp4
6QVO2D,/mnt/synology/BWVs/sixth_709_videos/301-360/evidence.com_evidence_package_1_of_2_created_2024-08-23T18_04_03Z/TS_Verb_Warning.mp4
6QW3OB,/mnt/synology/BWVs/sixth_709_videos/301-360/evidence.com_evidence_package_1_of_2_created_2024-08-23T18_04_03Z/220221004818.mp4
6QS6NZ,/mnt/synology/BWVs/sixth_709_videos/301-360/evidence.com_evidence_package_1_of_2_created_2024-08-23T18_04_03Z/Axon_Body_3_Video_2022-02-21_1555_X6039BGQE.mp4
8769C5,/mnt/synology/BWVs/sixth_709_videos/121-180/evidence.com_evidence_package_1_of_2_created_2024-08-23T17_00_29Z/Axon_Body_3_Video_2022-06-22_1010_X6039BGJ7.mp4
86RWNC,/mnt/synology/BWVs/sixth_709_videos/121-180/evidence.com_evidence_package_1_of_2_created_2024-08-23T17_00_29Z/Axon_Body_3_Video_2022-06-21_1423_X6039BCPU.mp4
86N782,/mnt/synology/BWVs/sixth_709_videos/121-180/evidence.com_evidence_package_1_of_2_created_2024-08-23T17_00_29Z/Axon_Body_3_Video_2022-06-21_1231_X6039BCPU.mp4
85MIS1,/mnt/synology/BWVs/sixth_709_videos/121-180/evidence.com_evidence_package_1_of_2_created_2024-08-23T17_00_29Z/Axon_Body_3_Video_2022-06-18_2149_X6039BHA9.mp4
85MADD,/mnt/synology/BWVs/sixth_709_videos/121-180/evidence.com_evidence_package_2_of_2_created_2024-08-23T17_00_29Z/Axon_Body_3_Video_2022-06-18_2057_X6039BHA9.mp4
85MHXI,/mnt/synology/BWVs/sixth_709_videos/121-180/evidence.com_evidence_package_1_of_2_created_2024-08-23T17_00_29Z/Axon_Body_3_Video_2022-06-18_1813_X6039BHA9.mp4
85LV2D,/mnt/synology/BWVs/sixth_709_videos/121-180/evidence.com_evidence_package_1_of_2_created_2024-08-23T17_00_29Z/Axon_Body_3_Video_2022-06-18_1726_X6039BHA9.mp4
85LN1R,/mnt/synology/BWVs/sixth_709_videos/121-180/evidence.com_evidence_package_1_of_2_created_2024-08-23T17_00_29Z/Axon_Body_3_Video_2022-06-18_1706_X6039BHA9.mp4
85B4UE,/mnt/synology/BWVs/sixth_709_videos/121-180/evidence.com_evidence_package_1_of_2_created_2024-08-23T17_00_29Z/Ts.mp4
855Y8T,/mnt/synology/BWVs/sixth_709_videos/121-180/evidence.com_evidence_package_1_of_2_created_2024-08-23T17_00_29Z/TS_Erhardt.mp4
84NZB5,/mnt/synology/BWVs/sixth_709_videos/121-180/evidence.com_evidence_package_1_of_2_created_2024-08-23T17_00_29Z/Traffic_Stop_Hernandez.mp4
84B97Y,/mnt/synology/BWVs/sixth_709_videos/121-180/evidence.com_evidence_package_1_of_2_created_2024-08-23T17_00_29Z/220615003954.mp4
86ERFO,/mnt/synology/BWVs/sixth_709_videos/121-180/evidence.com_evidence_package_2_of_2_created_2024-08-23T17_00_29Z/TS_Verb_Warning_.mp4
847FD6,/mnt/synology/BWVs/sixth_709_videos/121-180/evidence.com_evidence_package_1_of_2_created_2024-08-23T17_00_29Z/Traffic_Stop-2.mp4
83HML3,/mnt/synology/BWVs/sixth_709_videos/121-180/evidence.com_evidence_package_1_of_2_created_2024-08-23T17_00_29Z/G071298.mp4
83ZPLE,/mnt/synology/BWVs/sixth_709_videos/121-180/evidence.com_evidence_package_1_of_2_created_2024-08-23T17_00_29Z/Axon_Body_3_Video_2022-06-14_0818_X6039BJPJ.mp4
82R09H,/mnt/synology/BWVs/sixth_709_videos/121-180/evidence.com_evidence_package_1_of_2_created_2024-08-23T17_00_29Z/Pico_And_Albany_2nd_Video.mp4
82QZUO,/mnt/synology/BWVs/sixth_709_videos/121-180/evidence.com_evidence_package_1_of_2_created_2024-08-23T17_00_29Z/Albany_And_PICO_5101_Car_Backed_2a91.mp4
82QC84,"/mnt/synology/BWVs/sixth_709_videos/121-180/evidence.com_evidence_package_1_of_2_created_2024-08-23T17_00_29Z/Pico_And_Albany,_Off_Road_Veg_Street_Takeover.mp4"
82IVCG,/mnt/synology/BWVs/sixth_709_videos/121-180/evidence.com_evidence_package_1_of_2_created_2024-08-23T17_00_29Z/Traffic_Stop.mp4
82IVQU,/mnt/synology/BWVs/sixth_709_videos/121-180/evidence.com_evidence_package_1_of_2_created_2024-08-23T17_00_29Z/Axon_Body_3_Video_2022-06-11_2240_X6039B82K.mp4
81S0QG,/mnt/synology/BWVs/sixth_709_videos/121-180/evidence.com_evidence_package_1_of_2_created_2024-08-23T17_00_29Z/Narco_Arrest_-2.mp4
81RG0I,/mnt/synology/BWVs/sixth_709_videos/121-180/evidence.com_evidence_package_1_of_2_created_2024-08-23T17_00_29Z/Narco_Arrest_.mp4
81RMIQ,/mnt/synology/BWVs/sixth_709_videos/121-180/evidence.com_evidence_package_2_of_2_created_2024-08-23T17_00_29Z/T_S_NARCO_ARREST.mp4
81S4JH,/mnt/synology/BWVs/sixth_709_videos/121-180/evidence.com_evidence_package_2_of_2_created_2024-08-23T17_00_29Z/Narco_Arrest_.mp4
81KU2E,/mnt/synology/BWVs/sixth_709_videos/121-180/evidence.com_evidence_package_1_of_2_created_2024-08-23T17_00_29Z/Axon_Body_3_Video_2022-06-09_1202_X6033987D.mp4
81L7ST,/mnt/synology/BWVs/sixth_709_videos/121-180/evidence.com_evidence_package_2_of_2_created_2024-08-23T17_00_29Z/Axon_Body_3_Video_2022-06-09_1037_X6033987D.mp4
81KSV8,/mnt/synology/BWVs/sixth_709_videos/121-180/evidence.com_evidence_package_1_of_2_created_2024-08-23T17_00_29Z/Axon_Body_3_Video_2022-06-09_1001_X6033987D.mp4
819N4Q,/mnt/synology/BWVs/sixth_709_videos/121-180/evidence.com_evidence_package_1_of_2_created_2024-08-23T17_00_29Z/c37_transport.mp4
819P3E,/mnt/synology/BWVs/sixth_709_videos/121-180/evidence.com_evidence_package_1_of_2_created_2024-08-23T17_00_29Z/006.mp4
7ZOFXR,/mnt/synology/BWVs/sixth_709_videos/121-180/evidence.com_evidence_package_1_of_2_created_2024-08-23T17_00_29Z/TS_BO_Taillight.mp4
7ZE32Z,/mnt/synology/BWVs/sixth_709_videos/121-180/evidence.com_evidence_package_1_of_2_created_2024-08-23T17_00_29Z/Axon_Body_3_Video_2022-06-04_2202_X6039B7RA.mp4
7ZEFQG,/mnt/synology/BWVs/sixth_709_videos/121-180/evidence.com_evidence_package_1_of_2_created_2024-08-23T17_00_29Z/Axon_Body_3_Video_2022-06-04_2137_X6039B7RA.mp4
7ZAPUT,/mnt/synology/BWVs/sixth_709_videos/121-180/evidence.com_evidence_package_1_of_2_created_2024-08-23T17_00_29Z/Kidnapping_Inv.mp4
7ZBDXQ,/mnt/synology/BWVs/sixth_709_videos/121-180/evidence.com_evidence_package_1_of_2_created_2024-08-23T17_00_29Z/Axon_Body_3_Video_2022-06-04_1223_X6039BC8V.mp4
7ZB3JR,/mnt/synology/BWVs/sixth_709_videos/121-180/evidence.com_evidence_package_1_of_2_created_2024-08-23T17_00_29Z/Arrest.mp4
7Z1TBN,/mnt/synology/BWVs/sixth_709_videos/121-180/evidence.com_evidence_package_1_of_2_created_2024-08-23T17_00_29Z/Axon_Body_3_Video_2022-06-03_2149_X6039BH83.mp4
7YSBOA,/mnt/synology/BWVs/sixth_709_videos/121-180/evidence.com_evidence_package_1_of_2_created_2024-08-23T17_00_29Z/Axon_Body_3_Video_2022-06-03_1046_X6039BBNG.mp4
7YP885,/mnt/synology/BWVs/sixth_709_videos/121-180/evidence.com_evidence_package_2_of_2_created_2024-08-23T17_00_29Z/Axon_Body_3_Video_2022-06-02_2152_X6039B7NJ.mp4
7XK3QA,/mnt/synology/BWVs/sixth_709_videos/121-180/evidence.com_evidence_package_2_of_2_created_2024-08-23T17_00_29Z/Pursuit_.mp4
7XIYAB,/mnt/synology/BWVs/sixth_709_videos/121-180/evidence.com_evidence_package_1_of_2_created_2024-08-23T17_00_29Z/Axon_Body_3_Video_2022-05-31_1608_X6039BADM.mp4
7XJUYK,/mnt/synology/BWVs/sixth_709_videos/121-180/evidence.com_evidence_package_1_of_2_created_2024-08-23T17_00_29Z/Pursuit.mp4
7XJU6L,/mnt/synology/BWVs/sixth_709_videos/121-180/evidence.com_evidence_package_1_of_2_created_2024-08-23T17_00_29Z/Pursuit-2.mp4
7XJ0YD,/mnt/synology/BWVs/sixth_709_videos/121-180/evidence.com_evidence_package_1_of_2_created_2024-08-23T17_00_29Z/Axon_Body_3_Video_2022-05-31_1538_X6039BADM.mp4
7X9B2Z,/mnt/synology/BWVs/sixth_709_videos/121-180/evidence.com_evidence_package_1_of_2_created_2024-08-23T17_00_29Z/c37_arrest.mp4
7X9M7T,/mnt/synology/BWVs/sixth_709_videos/121-180/evidence.com_evidence_package_1_of_2_created_2024-08-23T17_00_29Z/GTA_Arrest.mp4
7X0MAH,/mnt/synology/BWVs/sixth_709_videos/121-180/evidence.com_evidence_package_1_of_2_created_2024-08-23T17_00_29Z/Axon_Body_3_Video_2022-05-30_1100_X6039B9ZU.mp4
7X0S04,/mnt/synology/BWVs/sixth_709_videos/121-180/evidence.com_evidence_package_1_of_2_created_2024-08-23T17_00_29Z/Stolen_Veh.mp4
7X0SSU,/mnt/synology/BWVs/sixth_709_videos/121-180/evidence.com_evidence_package_1_of_2_created_2024-08-23T17_00_29Z/Axon_Body_3_Video_2022-05-30_1053_X6039B9ZU.mp4
7WQLLT,/mnt/synology/BWVs/sixth_709_videos/121-180/evidence.com_evidence_package_2_of_2_created_2024-08-23T17_00_29Z/Axon_Body_3_Video_2022-05-29_2150_X6039B83N.mp4
7VXKYH,/mnt/synology/BWVs/sixth_709_videos/121-180/evidence.com_evidence_package_1_of_2_created_2024-08-23T17_00_29Z/Axon_Body_3_Video_2022-05-27_2212_X6039BEK0.mp4
7VIPFZ,/mnt/synology/BWVs/sixth_709_videos/121-180/evidence.com_evidence_package_1_of_2_created_2024-08-23T17_00_29Z/Santa_Fe_And_25th.mp4
7WG2TJ,/mnt/synology/BWVs/sixth_709_videos/121-180/evidence.com_evidence_package_1_of_2_created_2024-08-23T17_00_29Z/Axon_Body_3_Video_2022-05-25_0607_X6039B81Z.mp4
7UOBXM,/mnt/synology/BWVs/sixth_709_videos/121-180/evidence.com_evidence_package_1_of_2_created_2024-08-23T17_00_29Z/Axon_Body_3_Video_2022-05-25_0607_X6039BG58.mp4
7UO39K,/mnt/synology/BWVs/sixth_709_videos/121-180/evidence.com_evidence_package_1_of_2_created_2024-08-23T17_00_29Z/c37.mp4
7T9JRX,/mnt/synology/BWVs/sixth_709_videos/121-180/evidence.com_evidence_package_1_of_2_created_2024-08-23T17_00_29Z/Axon_Body_3_Video_2022-05-21_2317_X6039B80R.mp4
7T77OF,/mnt/synology/BWVs/sixth_709_videos/121-180/evidence.com_evidence_package_2_of_2_created_2024-08-23T17_00_29Z/Tc_Investigation.mp4
7SZ7S6,/mnt/synology/BWVs/sixth_709_videos/121-180/evidence.com_evidence_package_1_of_2_created_2024-08-23T17_00_29Z/Pursuit-3.mp4
7SXGYR,/mnt/synology/BWVs/sixth_709_videos/121-180/evidence.com_evidence_package_1_of_2_created_2024-08-23T17_00_29Z/uhaul.mp4
7SVHPG,/mnt/synology/BWVs/sixth_709_videos/121-180/evidence.com_evidence_package_1_of_2_created_2024-08-23T17_00_29Z/Axon_Body_3_Video_2022-05-20_2253_X6032584Y.mp4
5KKJYN,/mnt/synology/BWVs/sixth_709_videos/541-600/evidence.com_evidence_package_1_of_2_created_2024-08-23T22_33_53Z/Trick_Operation_7.mp4
5KKKCV,/mnt/synology/BWVs/sixth_709_videos/541-600/evidence.com_evidence_package_1_of_2_created_2024-08-23T22_33_53Z/Trick_Operation_6.mp4
5KKHBL,/mnt/synology/BWVs/sixth_709_videos/541-600/evidence.com_evidence_package_1_of_2_created_2024-08-23T22_33_53Z/Trick_Operation_5.mp4
5KK75G,/mnt/synology/BWVs/sixth_709_videos/541-600/evidence.com_evidence_package_1_of_2_created_2024-08-23T22_33_53Z/Trick_Operation_4.mp4
5KKCEI,/mnt/synology/BWVs/sixth_709_videos/541-600/evidence.com_evidence_package_1_of_2_created_2024-08-23T22_33_53Z/Trick_Operation_3.mp4
5KK6E7,/mnt/synology/BWVs/sixth_709_videos/541-600/evidence.com_evidence_package_1_of_2_created_2024-08-23T22_33_53Z/Trick_Operation_2.mp4
5KK6DX,/mnt/synology/BWVs/sixth_709_videos/541-600/evidence.com_evidence_package_1_of_2_created_2024-08-23T22_33_53Z/Trick_Operation_1.mp4
5KP60B,/mnt/synology/BWVs/sixth_709_videos/541-600/evidence.com_evidence_package_1_of_2_created_2024-08-23T22_33_53Z/Axon_Body_3_Video_2021-11-17_1624_X6039BCZY.mp4
5JXCC8,/mnt/synology/BWVs/sixth_709_videos/541-600/evidence.com_evidence_package_1_of_2_created_2024-08-23T22_33_53Z/Axon_Body_3_Video_2021-11-16_1113_X6039B923.mp4
5JMG15,/mnt/synology/BWVs/sixth_709_videos/541-600/evidence.com_evidence_package_1_of_2_created_2024-08-23T22_33_53Z/Axon_Body_3_Video_2021-11-15_1310_X6039B9NE.mp4
5J35MZ,/mnt/synology/BWVs/sixth_709_videos/541-600/evidence.com_evidence_package_1_of_2_created_2024-08-23T22_33_53Z/Transport.mp4
5J1N42,/mnt/synology/BWVs/sixth_709_videos/541-600/evidence.com_evidence_package_1_of_2_created_2024-08-23T22_33_53Z/Axon_Body_3_Video_2021-11-13_2116_X6039A713.mp4
5J2Z5G,/mnt/synology/BWVs/sixth_709_videos/541-600/evidence.com_evidence_package_1_of_2_created_2024-08-23T22_33_53Z/Miranda_.mp4
5J24GH,/mnt/synology/BWVs/sixth_709_videos/541-600/evidence.com_evidence_package_1_of_2_created_2024-08-23T22_33_53Z/Axon_Body_3_Video_2021-11-13_1904_X6039B80D.mp4
5J23AQ,/mnt/synology/BWVs/sixth_709_videos/541-600/evidence.com_evidence_package_1_of_2_created_2024-08-23T22_33_53Z/Axon_Body_3_Video_2021-11-13_1904_X6039BH83.mp4
5J1ZXA,/mnt/synology/BWVs/sixth_709_videos/541-600/evidence.com_evidence_package_1_of_2_created_2024-08-23T22_33_53Z/Axon_Body_3_Video_2021-11-13_1840_X6039B80D.mp4
5J1ZW0,/mnt/synology/BWVs/sixth_709_videos/541-600/evidence.com_evidence_package_1_of_2_created_2024-08-23T22_33_53Z/Axon_Body_3_Video_2021-11-13_1840_X6039BH83.mp4
5J1ZV1,/mnt/synology/BWVs/sixth_709_videos/541-600/evidence.com_evidence_package_1_of_2_created_2024-08-23T22_33_53Z/Axon_Body_3_Video_2021-11-13_1820_X6039BH83.mp4
5INORO,/mnt/synology/BWVs/sixth_709_videos/541-600/evidence.com_evidence_package_1_of_2_created_2024-08-23T22_33_53Z/Traffic_Stop-3.mp4
5I3QOY,/mnt/synology/BWVs/sixth_709_videos/541-600/evidence.com_evidence_package_2_of_2_created_2024-08-23T22_33_53Z/felony_dui.mp4
5I2E8F,/mnt/synology/BWVs/sixth_709_videos/541-600/evidence.com_evidence_package_2_of_2_created_2024-08-23T22_33_53Z/Axon_Body_3_Video_2021-11-10_2220_X6039BHCH.mp4
5H6WCO,/mnt/synology/BWVs/sixth_709_videos/541-600/evidence.com_evidence_package_1_of_2_created_2024-08-23T22_33_53Z/Axon_Body_3_Video_2021-11-08_2258_X60A0422X.mp4
5GT1HQ,/mnt/synology/BWVs/sixth_709_videos/541-600/evidence.com_evidence_package_1_of_2_created_2024-08-23T22_33_53Z/Axon_Body_3_Video_2021-11-07_1729_X6039B8WG.mp4
5GTDKL,/mnt/synology/BWVs/sixth_709_videos/541-600/evidence.com_evidence_package_1_of_2_created_2024-08-23T22_33_53Z/Arrest.mp4
5GT3TF,/mnt/synology/BWVs/sixth_709_videos/541-600/evidence.com_evidence_package_1_of_2_created_2024-08-23T22_33_53Z/Firearm_Arrest.mp4
5G3GB2,/mnt/synology/BWVs/sixth_709_videos/541-600/evidence.com_evidence_package_1_of_2_created_2024-08-23T22_33_53Z/Axon_Body_3_Video_2021-11-05_1127_X6039BGHJ.mp4
5FCPQF,/mnt/synology/BWVs/sixth_709_videos/541-600/evidence.com_evidence_package_1_of_2_created_2024-08-23T22_33_53Z/Traffic_Stop-2.mp4
5EQZ71,/mnt/synology/BWVs/sixth_709_videos/541-600/evidence.com_evidence_package_1_of_2_created_2024-08-23T22_33_53Z/Axon_Body_3_Video_2021-11-02_0248_X6039BHC2.mp4
5DYS6I,/mnt/synology/BWVs/sixth_709_videos/541-600/evidence.com_evidence_package_1_of_2_created_2024-08-23T22_33_53Z/pursuit_female_transport.mp4
5DYJ63,/mnt/synology/BWVs/sixth_709_videos/541-600/evidence.com_evidence_package_1_of_2_created_2024-08-23T22_33_53Z/pursuit_admonish.mp4
5DZ04W,/mnt/synology/BWVs/sixth_709_videos/541-600/evidence.com_evidence_package_1_of_2_created_2024-08-23T22_33_53Z/R_O_Viol_Arr.mp4
5DYHM2,/mnt/synology/BWVs/sixth_709_videos/541-600/evidence.com_evidence_package_1_of_2_created_2024-08-23T22_33_53Z/back_up_.mp4
5DYLEB,/mnt/synology/BWVs/sixth_709_videos/541-600/evidence.com_evidence_package_1_of_2_created_2024-08-23T22_33_53Z/pursuit_back_up_req_mazda.mp4
5DYORY,/mnt/synology/BWVs/sixth_709_videos/541-600/evidence.com_evidence_package_1_of_2_created_2024-08-23T22_33_53Z/pursuit_mazda.mp4
5CP321,/mnt/synology/BWVs/sixth_709_videos/541-600/evidence.com_evidence_package_1_of_2_created_2024-08-23T22_33_53Z/Axon_Body_3_Video_2021-10-27_0645_X6039BHE1.mp4
5C6HQU,/mnt/synology/BWVs/sixth_709_videos/541-600/evidence.com_evidence_package_1_of_2_created_2024-08-23T22_33_53Z/Axon_Body_3_Video_2021-10-26_0316_X6039BK1M.mp4
5ATM58,/mnt/synology/BWVs/sixth_709_videos/541-600/evidence.com_evidence_package_1_of_2_created_2024-08-23T22_33_53Z/Axon_Body_3_Video_2021-10-22_0508_X6039BGQE.mp4
5AQCKR,/mnt/synology/BWVs/sixth_709_videos/541-600/evidence.com_evidence_package_1_of_2_created_2024-08-23T22_33_53Z/Axon_Body_3_Video_2021-10-21_1800_X6039BA2F.mp4
5AL37P,/mnt/synology/BWVs/sixth_709_videos/541-600/evidence.com_evidence_package_1_of_2_created_2024-08-23T22_33_53Z/Code_6.mp4
5ALBLO,/mnt/synology/BWVs/sixth_709_videos/541-600/evidence.com_evidence_package_2_of_2_created_2024-08-23T22_33_53Z/Code_6.mp4
5A3SLP,/mnt/synology/BWVs/sixth_709_videos/541-600/evidence.com_evidence_package_1_of_2_created_2024-08-23T22_33_53Z/Axon_Body_3_Video_2021-10-20_0652_X6039BJV7.mp4
5A3HDD,/mnt/synology/BWVs/sixth_709_videos/541-600/evidence.com_evidence_package_1_of_2_created_2024-08-23T22_33_53Z/Axon_Body_3_Video_2021-10-20_0528_X6039B80S.mp4
595FXD,/mnt/synology/BWVs/sixth_709_videos/541-600/evidence.com_evidence_package_1_of_2_created_2024-08-23T22_33_53Z/T_Stop.mp4
595K1N,/mnt/synology/BWVs/sixth_709_videos/541-600/evidence.com_evidence_package_1_of_2_created_2024-08-23T22_33_53Z/T_S_GENESEE_AVE_PACKARD_ST.mp4
590LMX,/mnt/synology/BWVs/sixth_709_videos/541-600/evidence.com_evidence_package_1_of_2_created_2024-08-23T22_33_53Z/Axon_Body_3_Video_2021-10-17_0557_X6039BBPQ.mp4
58XL70,/mnt/synology/BWVs/sixth_709_videos/541-600/evidence.com_evidence_package_1_of_2_created_2024-08-23T22_33_53Z/Axon_Body_3_Video_2021-10-16_2313_X6039A1P8.mp4
58Q5IG,/mnt/synology/BWVs/sixth_709_videos/541-600/evidence.com_evidence_package_2_of_2_created_2024-08-23T22_33_53Z/Code_37_Vehicle.mp4
58Q8PR,/mnt/synology/BWVs/sixth_709_videos/541-600/evidence.com_evidence_package_1_of_2_created_2024-08-23T22_33_53Z/Axon_Body_3_Video_2021-10-16_0804_X6039BH5D.mp4
57MROZ,/mnt/synology/BWVs/sixth_709_videos/541-600/evidence.com_evidence_package_1_of_2_created_2024-08-23T22_33_53Z/RELEASE_OF_SUSPECT.mp4
57MLAU,/mnt/synology/BWVs/sixth_709_videos/541-600/evidence.com_evidence_package_1_of_2_created_2024-08-23T22_33_53Z/RELEASE_OF_VEHICLE_TO_RO.mp4
57MJDS,/mnt/synology/BWVs/sixth_709_videos/541-600/evidence.com_evidence_package_1_of_2_created_2024-08-23T22_33_53Z/CODE_37.mp4
56XJWS,/mnt/synology/BWVs/sixth_709_videos/541-600/evidence.com_evidence_package_1_of_2_created_2024-08-23T22_33_53Z/Traffic_Stop.mp4
5703OO,/mnt/synology/BWVs/sixth_709_videos/541-600/evidence.com_evidence_package_1_of_2_created_2024-08-23T22_33_53Z/Axon_Body_3_Video_2021-10-11_1040_X6039BGXY.mp4
56HETA,/mnt/synology/BWVs/sixth_709_videos/541-600/evidence.com_evidence_package_1_of_2_created_2024-08-23T22_33_53Z/902-2.mp4
55Z5I3,/mnt/synology/BWVs/sixth_709_videos/541-600/evidence.com_evidence_package_1_of_2_created_2024-08-23T22_33_53Z/T_S.mp4
55ZBJ8,/mnt/synology/BWVs/sixth_709_videos/541-600/evidence.com_evidence_package_1_of_2_created_2024-08-23T22_33_53Z/902.mp4
55HMAV,/mnt/synology/BWVs/sixth_709_videos/541-600/evidence.com_evidence_package_1_of_2_created_2024-08-23T22_33_53Z/Expired.mp4
5C8HR8,/mnt/synology/BWVs/sixth_709_videos/541-600/evidence.com_evidence_package_1_of_2_created_2024-08-23T22_33_53Z/Axon_Body_3_Video_2021-10-06_1449_X6039B9WH.mp4
54STYE,/mnt/synology/BWVs/sixth_709_videos/541-600/evidence.com_evidence_package_1_of_2_created_2024-08-23T22_33_53Z/Axon_Body_3_Video_2021-10-06_0749_X6039BJPJ.mp4
54V0QO,/mnt/synology/BWVs/sixth_709_videos/541-600/evidence.com_evidence_package_1_of_2_created_2024-08-23T22_33_53Z/Axon_Body_3_Video_2021-10-06_0532_X6039B9WH.mp4
6E8D2E,/mnt/synology/BWVs/sixth_709_videos/421-480/evidence.com_evidence_package_1_of_2_created_2024-08-23T22_25_50Z/Axon_Body_3_Video_2022-01-22_1734_X6039BA5K.mp4
6DOH0M,/mnt/synology/BWVs/sixth_709_videos/421-480/evidence.com_evidence_package_1_of_2_created_2024-08-23T22_25_50Z/Traffic_Stop.mp4
6DNPSQ,/mnt/synology/BWVs/sixth_709_videos/421-480/evidence.com_evidence_package_1_of_2_created_2024-08-23T22_25_50Z/Axon_Body_3_Video_2022-01-21_0255_X6039BJ7A.mp4
6DINQ4,/mnt/synology/BWVs/sixth_709_videos/421-480/evidence.com_evidence_package_1_of_2_created_2024-08-23T22_25_50Z/Driving_In_Wrong_Direction.mp4
6DG5FY,/mnt/synology/BWVs/sixth_709_videos/421-480/evidence.com_evidence_package_1_of_2_created_2024-08-23T22_25_50Z/LA_&_7th.mp4
6CKJRM,/mnt/synology/BWVs/sixth_709_videos/421-480/evidence.com_evidence_package_1_of_2_created_2024-08-23T22_25_50Z/Axon_Body_3_Video_2022-01-18_1732_X6039BA4A.mp4
6CKR7G,/mnt/synology/BWVs/sixth_709_videos/421-480/evidence.com_evidence_package_1_of_2_created_2024-08-23T22_25_50Z/Axon_Body_3_Video_2022-01-18_1719_X6039B859.mp4
6CKMR1,/mnt/synology/BWVs/sixth_709_videos/421-480/evidence.com_evidence_package_1_of_2_created_2024-08-23T22_25_50Z/Axon_Body_3_Video_2022-01-18_1709_X6039B859.mp4
6CKH3Y,/mnt/synology/BWVs/sixth_709_videos/421-480/evidence.com_evidence_package_1_of_2_created_2024-08-23T22_25_50Z/Axon_Body_3_Video_2022-01-18_1658_X6039B859.mp4
6CKNUV,/mnt/synology/BWVs/sixth_709_videos/421-480/evidence.com_evidence_package_1_of_2_created_2024-08-23T22_25_50Z/Axon_Body_3_Video_2022-01-18_1657_X6039BA4A.mp4
6CB66E,/mnt/synology/BWVs/sixth_709_videos/421-480/evidence.com_evidence_package_1_of_2_created_2024-08-23T22_25_50Z/Arrest-3.mp4
6CBW3P,/mnt/synology/BWVs/sixth_709_videos/421-480/evidence.com_evidence_package_1_of_2_created_2024-08-23T22_25_50Z/Arrest.mp4
6CAMG2,/mnt/synology/BWVs/sixth_709_videos/421-480/evidence.com_evidence_package_1_of_2_created_2024-08-23T22_25_50Z/Arrest-2.mp4
6CBT1P,/mnt/synology/BWVs/sixth_709_videos/421-480/evidence.com_evidence_package_1_of_2_created_2024-08-23T22_25_50Z/Fel_Arrest.mp4
6C2FBN,/mnt/synology/BWVs/sixth_709_videos/421-480/evidence.com_evidence_package_1_of_2_created_2024-08-23T22_25_50Z/Axon_Body_3_Video_2022-01-17_2246_X6039BKZG.mp4
6AZBAL,/mnt/synology/BWVs/sixth_709_videos/421-480/evidence.com_evidence_package_1_of_2_created_2024-08-23T22_25_50Z/figueroa_54th_.mp4
6AQF8Q,/mnt/synology/BWVs/sixth_709_videos/421-480/evidence.com_evidence_package_1_of_2_created_2024-08-23T22_25_50Z/Forgot_Code_6.mp4
6AOPXJ,/mnt/synology/BWVs/sixth_709_videos/421-480/evidence.com_evidence_package_1_of_2_created_2024-08-23T22_25_50Z/Warned.mp4
6AOR1C,/mnt/synology/BWVs/sixth_709_videos/421-480/evidence.com_evidence_package_1_of_2_created_2024-08-23T22_25_50Z/Axon_Body_3_Video_2022-01-14_0554_X6039BGJ7.mp4
6AEMSL,/mnt/synology/BWVs/sixth_709_videos/421-480/evidence.com_evidence_package_1_of_2_created_2024-08-23T22_25_50Z/firearm_inv.mp4
6AK1CP,/mnt/synology/BWVs/sixth_709_videos/421-480/evidence.com_evidence_package_1_of_2_created_2024-08-23T22_25_50Z/TS.mp4
6AEY4F,/mnt/synology/BWVs/sixth_709_videos/421-480/evidence.com_evidence_package_1_of_2_created_2024-08-23T22_25_50Z/firearm_inv-2.mp4
6B7T38,/mnt/synology/BWVs/sixth_709_videos/421-480/evidence.com_evidence_package_1_of_2_created_2024-08-23T22_25_50Z/Axon_Body_3_Video_2022-01-13_0543_X6039BHKA.mp4
69TIZU,/mnt/synology/BWVs/sixth_709_videos/421-480/evidence.com_evidence_package_1_of_2_created_2024-08-23T22_25_50Z/Axon_Body_3_Video_2022-01-12_2122_X6039B9E3.mp4
68329N,/mnt/synology/BWVs/sixth_709_videos/421-480/evidence.com_evidence_package_1_of_2_created_2024-08-23T22_25_50Z/Axon_Body_3_Video_2022-01-09_2000_X6039BBQD.mp4
684FCS,/mnt/synology/BWVs/sixth_709_videos/421-480/evidence.com_evidence_package_1_of_2_created_2024-08-23T22_25_50Z/Axon_Body_3_Video_2022-01-09_1958_X6039BBZS.mp4
67G4NV,/mnt/synology/BWVs/sixth_709_videos/421-480/evidence.com_evidence_package_1_of_2_created_2024-08-23T22_25_50Z/Axon_Body_3_Video_2022-01-07_1852_X6039BBNJ.mp4
67GBSD,/mnt/synology/BWVs/sixth_709_videos/421-480/evidence.com_evidence_package_1_of_2_created_2024-08-23T22_25_50Z/Axon_Body_3_Video_2022-01-07_1852_X6039BGPK.mp4
66WMGN,/mnt/synology/BWVs/sixth_709_videos/421-480/evidence.com_evidence_package_1_of_2_created_2024-08-23T22_25_50Z/Axon_Body_3_Video_2022-01-06_1727_X6039BJ60.mp4
66U6VC,/mnt/synology/BWVs/sixth_709_videos/421-480/evidence.com_evidence_package_1_of_2_created_2024-08-23T22_25_50Z/Traffic_Stop-3.mp4
64SNOA,/mnt/synology/BWVs/sixth_709_videos/421-480/evidence.com_evidence_package_1_of_2_created_2024-08-23T22_25_50Z/Axon_Body_3_Video_2022-01-02_2022_X6039A3TA.mp4
64R1ZF,/mnt/synology/BWVs/sixth_709_videos/421-480/evidence.com_evidence_package_1_of_2_created_2024-08-23T22_25_50Z/Axon_Body_3_Video_2022-01-02_1043_X6039BB9U.mp4
64MMCO,/mnt/synology/BWVs/sixth_709_videos/421-480/evidence.com_evidence_package_1_of_2_created_2024-08-23T22_25_50Z/Axon_Body_3_Video_2022-01-02_0830_X6039BGQE.mp4
64R1XX,/mnt/synology/BWVs/sixth_709_videos/421-480/evidence.com_evidence_package_1_of_2_created_2024-08-23T22_25_50Z/Axon_Body_3_Video_2022-01-02_0716_X6039BB9U.mp4
647IZA,/mnt/synology/BWVs/sixth_709_videos/421-480/evidence.com_evidence_package_1_of_2_created_2024-08-23T22_25_50Z/Traffic_Stop-2.mp4
647ZUS,/mnt/synology/BWVs/sixth_709_videos/421-480/evidence.com_evidence_package_1_of_2_created_2024-08-23T22_25_50Z/Traffic_Stop-4.mp4
643J6N,/mnt/synology/BWVs/sixth_709_videos/421-480/evidence.com_evidence_package_1_of_2_created_2024-08-23T22_25_50Z/Axon_Body_3_Video_2021-12-31_1450_X6039BK86.mp4
62SQ5Z,/mnt/synology/BWVs/sixth_709_videos/421-480/evidence.com_evidence_package_1_of_2_created_2024-08-23T22_25_50Z/Test-2.mp4
62OY3G,/mnt/synology/BWVs/sixth_709_videos/421-480/evidence.com_evidence_package_1_of_2_created_2024-08-23T22_25_50Z/Axon_Body_3_Video_2021-12-28_0937_X6039BBNG.mp4
62N28M,/mnt/synology/BWVs/sixth_709_videos/421-480/evidence.com_evidence_package_1_of_2_created_2024-08-23T22_25_50Z/Axon_Body_3_Video_2021-12-28_0925_X6039BBNG.mp4
62N0AF,/mnt/synology/BWVs/sixth_709_videos/421-480/evidence.com_evidence_package_1_of_2_created_2024-08-23T22_25_50Z/Axon_Body_3_Video_2021-12-28_0914_X6039BBNG.mp4
62N1UU,/mnt/synology/BWVs/sixth_709_videos/421-480/evidence.com_evidence_package_1_of_2_created_2024-08-23T22_25_50Z/Axon_Body_3_Video_2021-12-28_0904_X6039BBNG.mp4
62J9IM,/mnt/synology/BWVs/sixth_709_videos/421-480/evidence.com_evidence_package_1_of_2_created_2024-08-23T22_25_50Z/Axon_Body_3_Video_2021-12-28_0430_X6039A2KV.mp4
62J1CU,/mnt/synology/BWVs/sixth_709_videos/421-480/evidence.com_evidence_package_1_of_2_created_2024-08-23T22_25_50Z/Arr.mp4
625JXE,/mnt/synology/BWVs/sixth_709_videos/421-480/evidence.com_evidence_package_1_of_2_created_2024-08-23T22_25_50Z/Axon_Body_3_Video_2021-12-27_0255_X6039BGU0.mp4
625EYP,/mnt/synology/BWVs/sixth_709_videos/421-480/evidence.com_evidence_package_1_of_2_created_2024-08-23T22_25_50Z/Axon_Body_3_Video_2021-12-27_0217_X6039BGU0.mp4
625K9L,/mnt/synology/BWVs/sixth_709_videos/421-480/evidence.com_evidence_package_1_of_2_created_2024-08-23T22_25_50Z/Axon_Body_3_Video_2021-12-27_0200_X6039BGU0.mp4
625LI0,/mnt/synology/BWVs/sixth_709_videos/421-480/evidence.com_evidence_package_2_of_2_created_2024-08-23T22_25_50Z/DUI_Arrest.mp4
620KTQ,/mnt/synology/BWVs/sixth_709_videos/421-480/evidence.com_evidence_package_1_of_2_created_2024-08-23T22_25_50Z/Ts-2.mp4
61Y8QL,/mnt/synology/BWVs/sixth_709_videos/421-480/evidence.com_evidence_package_1_of_2_created_2024-08-23T22_25_50Z/Axon_Body_3_Video_2021-12-26_1259_X6039B9NE.mp4
61ZR6S,/mnt/synology/BWVs/sixth_709_videos/421-480/evidence.com_evidence_package_1_of_2_created_2024-08-23T22_25_50Z/back_up.mp4
61Q48T,/mnt/synology/BWVs/sixth_709_videos/421-480/evidence.com_evidence_package_1_of_2_created_2024-08-23T22_25_50Z/Trespass.mp4
61PXFN,/mnt/synology/BWVs/sixth_709_videos/421-480/evidence.com_evidence_package_1_of_2_created_2024-08-23T22_25_50Z/Axon_Body_3_Video_2021-12-25_1257_X6039B9WH.mp4
61DLCH,/mnt/synology/BWVs/sixth_709_videos/421-480/evidence.com_evidence_package_1_of_2_created_2024-08-23T22_25_50Z/Axon_Body_3_Video_2021-12-23_2319_X6039BJVK.mp4
61DEZW,/mnt/synology/BWVs/sixth_709_videos/421-480/evidence.com_evidence_package_1_of_2_created_2024-08-23T22_25_50Z/Axon_Body_3_Video_2021-12-23_2319_X6039BAXM.mp4
61A8I3,/mnt/synology/BWVs/sixth_709_videos/421-480/evidence.com_evidence_package_2_of_2_created_2024-08-23T22_25_50Z/Axon_Body_3_Video_2021-12-23_1844_X6039BHCL.mp4
619ZGF,/mnt/synology/BWVs/sixth_709_videos/421-480/evidence.com_evidence_package_2_of_2_created_2024-08-23T22_25_50Z/Ro_Violation.mp4
60E9B0,/mnt/synology/BWVs/sixth_709_videos/421-480/evidence.com_evidence_package_1_of_2_created_2024-08-23T22_25_50Z/warning.mp4
60EF5H,/mnt/synology/BWVs/sixth_709_videos/421-480/evidence.com_evidence_package_1_of_2_created_2024-08-23T22_25_50Z/test.mp4
5ZH9W6,/mnt/synology/BWVs/sixth_709_videos/421-480/evidence.com_evidence_package_1_of_2_created_2024-08-23T22_25_50Z/Axon_Body_3_Video_2021-12-20_0951_X6039BGXY.mp4
5YM2ZS,/mnt/synology/BWVs/sixth_709_videos/481-540/evidence.com_evidence_package_1_of_2_created_2024-08-23T22_28_11Z/Traffic_Stop._No_Front_Lic_Plate.mp4
5YDBTL,/mnt/synology/BWVs/sixth_709_videos/481-540/evidence.com_evidence_package_1_of_2_created_2024-08-23T22_28_11Z/Axon_Body_3_Video_2021-12-17_1348_X6039B9NE.mp4
5XZ17I,/mnt/synology/BWVs/sixth_709_videos/481-540/evidence.com_evidence_package_1_of_2_created_2024-08-23T22_28_11Z/Axon_Body_3_Video_2021-12-16_2010_X6039BEG7.mp4
5XMFYB,/mnt/synology/BWVs/sixth_709_videos/481-540/evidence.com_evidence_package_2_of_2_created_2024-08-23T22_28_11Z/Stolen_Vehicle_Arrest.mp4
5XMH3I,/mnt/synology/BWVs/sixth_709_videos/481-540/evidence.com_evidence_package_1_of_2_created_2024-08-23T22_28_11Z/Alcala_10851_Arrest.mp4
5XGJRC,/mnt/synology/BWVs/sixth_709_videos/481-540/evidence.com_evidence_package_1_of_2_created_2024-08-23T22_28_11Z/TS.mp4
5VWAX7,/mnt/synology/BWVs/sixth_709_videos/481-540/evidence.com_evidence_package_1_of_2_created_2024-08-23T22_28_11Z/Axon_Body_3_Video_2021-12-12_2349_X6039BA2F.mp4
5VWJ79,/mnt/synology/BWVs/sixth_709_videos/481-540/evidence.com_evidence_package_1_of_2_created_2024-08-23T22_28_11Z/Axon_Body_3_Video_2021-12-12_2236_X6039BA2F.mp4
5VW6LS,/mnt/synology/BWVs/sixth_709_videos/481-540/evidence.com_evidence_package_1_of_2_created_2024-08-23T22_28_11Z/Axon_Body_3_Video_2021-12-12_2224_X6039A4PA.mp4
5VWJ6F,/mnt/synology/BWVs/sixth_709_videos/481-540/evidence.com_evidence_package_1_of_2_created_2024-08-23T22_28_11Z/Axon_Body_3_Video_2021-12-12_2209_X6039BA2F.mp4
5VPIFK,/mnt/synology/BWVs/sixth_709_videos/481-540/evidence.com_evidence_package_2_of_2_created_2024-08-23T22_28_11Z/21-15-18552.mp4
5V6EAE,/mnt/synology/BWVs/sixth_709_videos/481-540/evidence.com_evidence_package_1_of_2_created_2024-08-23T22_28_11Z/Axon_Body_3_Video_2021-12-10_1939_X6039BB7U.mp4
5V8OTL,/mnt/synology/BWVs/sixth_709_videos/481-540/evidence.com_evidence_package_1_of_2_created_2024-08-23T22_28_11Z/Test.mp4
5TSPMH,/mnt/synology/BWVs/sixth_709_videos/481-540/evidence.com_evidence_package_1_of_2_created_2024-08-23T22_28_11Z/Axon_Body_3_Video_2021-12-08_1125_X6039BGXY.mp4
5TE6L8,/mnt/synology/BWVs/sixth_709_videos/481-540/evidence.com_evidence_package_1_of_2_created_2024-08-23T22_28_11Z/T_S_10TH_AVE_21ST_ST-4.mp4
5TFCOO,/mnt/synology/BWVs/sixth_709_videos/481-540/evidence.com_evidence_package_2_of_2_created_2024-08-23T22_28_11Z/No_Plates_Tint.mp4
5TEJEE,/mnt/synology/BWVs/sixth_709_videos/481-540/evidence.com_evidence_package_1_of_2_created_2024-08-23T22_28_11Z/T_S_10TH_AVE_21ST_ST.mp4
5TEOI0,/mnt/synology/BWVs/sixth_709_videos/481-540/evidence.com_evidence_package_1_of_2_created_2024-08-23T22_28_11Z/T_S_10TH_AVE_21ST_ST-2.mp4
5TFE5V,/mnt/synology/BWVs/sixth_709_videos/481-540/evidence.com_evidence_package_1_of_2_created_2024-08-23T22_28_11Z/No_Plates_Tint.mp4
5TEF67,/mnt/synology/BWVs/sixth_709_videos/481-540/evidence.com_evidence_package_1_of_2_created_2024-08-23T22_28_11Z/T_S_10TH_AVE_21ST_ST-3.mp4
5TGJAW,/mnt/synology/BWVs/sixth_709_videos/481-540/evidence.com_evidence_package_1_of_2_created_2024-08-23T22_28_11Z/Arresy.mp4
5TGPQY,/mnt/synology/BWVs/sixth_709_videos/481-540/evidence.com_evidence_package_1_of_2_created_2024-08-23T22_28_11Z/Fennelle_Arrest.mp4
5TGIYH,/mnt/synology/BWVs/sixth_709_videos/481-540/evidence.com_evidence_package_2_of_2_created_2024-08-23T22_28_11Z/Arrest.mp4
5TGH16,/mnt/synology/BWVs/sixth_709_videos/481-540/evidence.com_evidence_package_2_of_2_created_2024-08-23T22_28_11Z/Fennelle_Arrest.mp4
5VC7UZ,/mnt/synology/BWVs/sixth_709_videos/481-540/evidence.com_evidence_package_1_of_2_created_2024-08-23T22_28_11Z/Expired_Reg.mp4
5VCF9M,/mnt/synology/BWVs/sixth_709_videos/481-540/evidence.com_evidence_package_2_of_2_created_2024-08-23T22_28_11Z/Expired_Reg.mp4
5SLAV7,/mnt/synology/BWVs/sixth_709_videos/481-540/evidence.com_evidence_package_1_of_2_created_2024-08-23T22_28_11Z/Axon_Body_3_Video_2021-12-06_1147_X6039BJZ2.mp4
5SJINK,/mnt/synology/BWVs/sixth_709_videos/481-540/evidence.com_evidence_package_1_of_2_created_2024-08-23T22_28_11Z/Axon_Body_3_Video_2021-12-06_0448_X6039B9Q2.mp4
5RRX8J,/mnt/synology/BWVs/sixth_709_videos/481-540/evidence.com_evidence_package_1_of_2_created_2024-08-23T22_28_11Z/domestic_violence.mp4
5RRJKI,/mnt/synology/BWVs/sixth_709_videos/481-540/evidence.com_evidence_package_1_of_2_created_2024-08-23T22_28_11Z/T_S_RFC.mp4
5RR659,/mnt/synology/BWVs/sixth_709_videos/481-540/evidence.com_evidence_package_1_of_2_created_2024-08-23T22_28_11Z/Ts-3.mp4
5RK1W8,/mnt/synology/BWVs/sixth_709_videos/481-540/evidence.com_evidence_package_2_of_2_created_2024-08-23T22_28_11Z/Tc_Ref_Id.mp4
5RKF9L,/mnt/synology/BWVs/sixth_709_videos/481-540/evidence.com_evidence_package_2_of_2_created_2024-08-23T22_28_11Z/9049_Pkummer_And_Mason.mp4
5R2K53,/mnt/synology/BWVs/sixth_709_videos/481-540/evidence.com_evidence_package_1_of_2_created_2024-08-23T22_28_11Z/21120200003699-2.mp4
5R3K7V,/mnt/synology/BWVs/sixth_709_videos/481-540/evidence.com_evidence_package_1_of_2_created_2024-08-23T22_28_11Z/Axon_Body_3_Video_2021-12-02_1938_X6039BJGA.mp4
5R2JD8,/mnt/synology/BWVs/sixth_709_videos/481-540/evidence.com_evidence_package_1_of_2_created_2024-08-23T22_28_11Z/21120200003699-4.mp4
5R28JE,/mnt/synology/BWVs/sixth_709_videos/481-540/evidence.com_evidence_package_1_of_2_created_2024-08-23T22_28_11Z/21120200003699-3.mp4
5R2KHG,/mnt/synology/BWVs/sixth_709_videos/481-540/evidence.com_evidence_package_1_of_2_created_2024-08-23T22_28_11Z/21120200003699.mp4
5R3YC8,/mnt/synology/BWVs/sixth_709_videos/481-540/evidence.com_evidence_package_2_of_2_created_2024-08-23T22_28_11Z/Axon_Body_3_Video_2021-12-02_1852_X6039BJGA.mp4
5PUDC3,/mnt/synology/BWVs/sixth_709_videos/481-540/evidence.com_evidence_package_1_of_2_created_2024-08-23T22_28_11Z/10851.mp4
5PUCKX,/mnt/synology/BWVs/sixth_709_videos/481-540/evidence.com_evidence_package_1_of_2_created_2024-08-23T22_28_11Z/Axon_Body_3_Video_2021-11-30_1454_X6039BKC8.mp4
5PUCYQ,/mnt/synology/BWVs/sixth_709_videos/481-540/evidence.com_evidence_package_1_of_2_created_2024-08-23T22_28_11Z/Axon_Body_3_Video_2021-11-30_1447_X6039BKC8.mp4
5PUER2,/mnt/synology/BWVs/sixth_709_videos/481-540/evidence.com_evidence_package_1_of_2_created_2024-08-23T22_28_11Z/10851-2.mp4
5PUC6J,/mnt/synology/BWVs/sixth_709_videos/481-540/evidence.com_evidence_package_1_of_2_created_2024-08-23T22_28_11Z/Axon_Body_3_Video_2021-11-30_1419_X6039BKC8.mp4
5PUEOO,/mnt/synology/BWVs/sixth_709_videos/481-540/evidence.com_evidence_package_1_of_2_created_2024-08-23T22_28_11Z/Axon_Body_3_Video_2021-11-30_1314_X6039BHJD.mp4
5PU78L,/mnt/synology/BWVs/sixth_709_videos/481-540/evidence.com_evidence_package_1_of_2_created_2024-08-23T22_28_11Z/Axon_Body_3_Video_2021-11-30_1314_X6039BKC8.mp4
5OMYBH,/mnt/synology/BWVs/sixth_709_videos/481-540/evidence.com_evidence_package_1_of_2_created_2024-08-23T22_28_11Z/Axon_Body_3_Video_2021-11-28_1155_X6039BJZ2.mp4
5OL3MJ,/mnt/synology/BWVs/sixth_709_videos/481-540/evidence.com_evidence_package_1_of_2_created_2024-08-23T22_28_11Z/T_S_Western_42_no_plates.mp4
5ODCA8,/mnt/synology/BWVs/sixth_709_videos/481-540/evidence.com_evidence_package_1_of_2_created_2024-08-23T22_28_11Z/Axon_Body_3_Video_2021-11-27_1246_X6039BJTQ.mp4
5O0RI2,/mnt/synology/BWVs/sixth_709_videos/481-540/evidence.com_evidence_package_1_of_2_created_2024-08-23T22_28_11Z/Main_And_Vernon.mp4
5MXC8U,/mnt/synology/BWVs/sixth_709_videos/481-540/evidence.com_evidence_package_1_of_2_created_2024-08-23T22_28_11Z/Axon_Body_3_Video_2021-11-24_0117_X6033147G.mp4
5MXD26,/mnt/synology/BWVs/sixth_709_videos/481-540/evidence.com_evidence_package_1_of_2_created_2024-08-23T22_28_11Z/Figueroa_&_70th.mp4
5MMYZY,/mnt/synology/BWVs/sixth_709_videos/481-540/evidence.com_evidence_package_1_of_2_created_2024-08-23T22_28_11Z/Garcia.mp4
5LXPFY,/mnt/synology/BWVs/sixth_709_videos/481-540/evidence.com_evidence_package_1_of_2_created_2024-08-23T22_28_11Z/Ts-2.mp4
5LGEPY,/mnt/synology/BWVs/sixth_709_videos/481-540/evidence.com_evidence_package_1_of_2_created_2024-08-23T22_28_11Z/Axon_Body_3_Video_2021-11-20_0825_X6039BGL9.mp4
5LFV5F,/mnt/synology/BWVs/sixth_709_videos/481-540/evidence.com_evidence_package_1_of_2_created_2024-08-23T22_28_11Z/DUI_ARR-2.mp4
5LFV3Y,/mnt/synology/BWVs/sixth_709_videos/481-540/evidence.com_evidence_package_2_of_2_created_2024-08-23T22_28_11Z/DUI_ARR.mp4
5LFLXW,/mnt/synology/BWVs/sixth_709_videos/481-540/evidence.com_evidence_package_1_of_2_created_2024-08-23T22_28_11Z/DUI_ARR.mp4
5N3D73,/mnt/synology/BWVs/sixth_709_videos/481-540/evidence.com_evidence_package_1_of_2_created_2024-08-23T22_28_11Z/Axon_Body_3_Video_2021-11-18_1305_X6039B9QM.mp4
5KK935,/mnt/synology/BWVs/sixth_709_videos/481-540/evidence.com_evidence_package_1_of_2_created_2024-08-23T22_28_11Z/Trick_Operation_8.mp4
7TY91Q,/mnt/synology/BWVs/sixth_709_videos/181-240/evidence.com_evidence_package_1_of_2_created_2024-08-23T17_09_57Z/Traffic_Stop-2.mp4
7RQKST,/mnt/synology/BWVs/sixth_709_videos/181-240/evidence.com_evidence_package_1_of_2_created_2024-08-23T17_09_57Z/Axon_Body_3_Video_2022-05-18_1049_X6039BJNJ.mp4
7RHBH9,/mnt/synology/BWVs/sixth_709_videos/181-240/evidence.com_evidence_package_1_of_2_created_2024-08-23T17_09_57Z/Stolen_Vehicle.mp4
7RFQPN,/mnt/synology/BWVs/sixth_709_videos/181-240/evidence.com_evidence_package_1_of_2_created_2024-08-23T17_09_57Z/Axon_Body_3_Video_2022-05-17_1906_X6039A1LE.mp4
7RF647,/mnt/synology/BWVs/sixth_709_videos/181-240/evidence.com_evidence_package_1_of_2_created_2024-08-23T17_09_57Z/Axon_Body_3_Video_2022-05-17_1906_X6039BB2M.mp4
7QERU2,/mnt/synology/BWVs/sixth_709_videos/181-240/evidence.com_evidence_package_1_of_2_created_2024-08-23T17_09_57Z/Axon_Body_3_Video_2022-05-15_1350_X6039B9NE.mp4
7Q87VY,/mnt/synology/BWVs/sixth_709_videos/181-240/evidence.com_evidence_package_2_of_2_created_2024-08-23T17_09_57Z/Traffic_Stop.mp4
7Q35KC,/mnt/synology/BWVs/sixth_709_videos/181-240/evidence.com_evidence_package_1_of_2_created_2024-08-23T17_09_57Z/Axon_Body_3_Video_2022-05-14_0820_X6039B988.mp4
7Q33Z6,/mnt/synology/BWVs/sixth_709_videos/181-240/evidence.com_evidence_package_1_of_2_created_2024-08-23T17_09_57Z/Axon_Body_3_Video_2022-05-14_0819_X6039BJYM.mp4
7PTHPP,/mnt/synology/BWVs/sixth_709_videos/181-240/evidence.com_evidence_package_1_of_2_created_2024-08-23T17_09_57Z/Axon_Body_3_Video_2022-05-13_2021_X6039BBK5.mp4
7PQEGY,/mnt/synology/BWVs/sixth_709_videos/181-240/evidence.com_evidence_package_1_of_2_created_2024-08-23T17_09_57Z/Axon_Body_3_Video_2022-05-13_2020_X6039A3FP.mp4
7PJK50,/mnt/synology/BWVs/sixth_709_videos/181-240/evidence.com_evidence_package_1_of_2_created_2024-08-23T17_09_57Z/Axon_Body_3_Video_2022-05-13_1050_X6039B9NE.mp4
7OWHGH,/mnt/synology/BWVs/sixth_709_videos/181-240/evidence.com_evidence_package_1_of_2_created_2024-08-23T17_09_57Z/Axon_Body_3_Video_2022-05-11_2248_X6039A3MX.mp4
7PPAG4,/mnt/synology/BWVs/sixth_709_videos/181-240/evidence.com_evidence_package_1_of_2_created_2024-08-23T17_09_57Z/H339331.mp4
7OHR7P,/mnt/synology/BWVs/sixth_709_videos/181-240/evidence.com_evidence_package_2_of_2_created_2024-08-23T17_09_57Z/Axon_Body_3_Video_2022-05-11_0001_X6039BA4Q.mp4
7ODD29,/mnt/synology/BWVs/sixth_709_videos/181-240/evidence.com_evidence_package_1_of_2_created_2024-08-23T17_09_57Z/Ts.mp4
7ODT6C,/mnt/synology/BWVs/sixth_709_videos/181-240/evidence.com_evidence_package_1_of_2_created_2024-08-23T17_09_57Z/Occ.mp4
7O3C59,/mnt/synology/BWVs/sixth_709_videos/181-240/evidence.com_evidence_package_2_of_2_created_2024-08-23T17_09_57Z/T_C.mp4
7NBB8B,/mnt/synology/BWVs/sixth_709_videos/181-240/evidence.com_evidence_package_2_of_2_created_2024-08-23T17_09_57Z/Axon_Body_3_Video_2022-05-08_0542_X6039BDQW.mp4
7MIDGR,/mnt/synology/BWVs/sixth_709_videos/181-240/evidence.com_evidence_package_1_of_2_created_2024-08-23T17_09_57Z/Interview_Romero.mp4
7MIB54,/mnt/synology/BWVs/sixth_709_videos/181-240/evidence.com_evidence_package_1_of_2_created_2024-08-23T17_09_57Z/Search.mp4
7MHNCK,/mnt/synology/BWVs/sixth_709_videos/181-240/evidence.com_evidence_package_1_of_2_created_2024-08-23T17_09_57Z/Follow_Up.mp4
7MHNQ0,/mnt/synology/BWVs/sixth_709_videos/181-240/evidence.com_evidence_package_2_of_2_created_2024-08-23T17_09_57Z/Domestic_Violence.mp4
7M5FKR,/mnt/synology/BWVs/sixth_709_videos/181-240/evidence.com_evidence_package_1_of_2_created_2024-08-23T17_09_57Z/Axon_Body_3_Video_2022-05-05_0626_X6039BGJ7.mp4
7MJ4JE,/mnt/synology/BWVs/sixth_709_videos/181-240/evidence.com_evidence_package_1_of_2_created_2024-08-23T17_09_57Z/Ts_For_Speed_Cited.mp4
7LPN44,/mnt/synology/BWVs/sixth_709_videos/181-240/evidence.com_evidence_package_1_of_2_created_2024-08-23T17_09_57Z/Axon_Body_3_Video_2022-05-04_1210_X6039BBNG.mp4
7LOZM5,/mnt/synology/BWVs/sixth_709_videos/181-240/evidence.com_evidence_package_1_of_2_created_2024-08-23T17_09_57Z/Axon_Body_3_Video_2022-05-04_1200_X6039BBNG.mp4
7LPHOD,/mnt/synology/BWVs/sixth_709_videos/181-240/evidence.com_evidence_package_1_of_2_created_2024-08-23T17_09_57Z/Axon_Body_3_Video_2022-05-04_1139_X6039BBNG.mp4
7LPADN,/mnt/synology/BWVs/sixth_709_videos/181-240/evidence.com_evidence_package_1_of_2_created_2024-08-23T17_09_57Z/Axon_Body_3_Video_2022-05-04_1128_X6039BBNG.mp4
7LFWT7,/mnt/synology/BWVs/sixth_709_videos/181-240/evidence.com_evidence_package_1_of_2_created_2024-08-23T17_09_57Z/Rc.mp4
7KS08Y,/mnt/synology/BWVs/sixth_709_videos/181-240/evidence.com_evidence_package_1_of_2_created_2024-08-23T17_09_57Z/Axon_Body_3_Video_2022-05-02_0957_X6039BJTQ.mp4
7K74LL,/mnt/synology/BWVs/sixth_709_videos/181-240/evidence.com_evidence_package_1_of_2_created_2024-08-23T17_09_57Z/Traffic_Stop.mp4
7K6UDF,/mnt/synology/BWVs/sixth_709_videos/181-240/evidence.com_evidence_package_1_of_2_created_2024-08-23T17_09_57Z/Traffic_Stop_Warrant_Susp.mp4
7JXK8J,/mnt/synology/BWVs/sixth_709_videos/181-240/evidence.com_evidence_package_2_of_2_created_2024-08-23T17_09_57Z/Tc.mp4
7JAT4J,/mnt/synology/BWVs/sixth_709_videos/181-240/evidence.com_evidence_package_1_of_2_created_2024-08-23T17_09_57Z/code_6_charles_arrest.mp4
7JA96R,/mnt/synology/BWVs/sixth_709_videos/181-240/evidence.com_evidence_package_1_of_2_created_2024-08-23T17_09_57Z/back_up.mp4
7J9YYB,/mnt/synology/BWVs/sixth_709_videos/181-240/evidence.com_evidence_package_1_of_2_created_2024-08-23T17_09_57Z/code_6_charles_arrest-3.mp4
7JA3G1,/mnt/synology/BWVs/sixth_709_videos/181-240/evidence.com_evidence_package_1_of_2_created_2024-08-23T17_09_57Z/back_up-2.mp4
7J9UBI,/mnt/synology/BWVs/sixth_709_videos/181-240/evidence.com_evidence_package_1_of_2_created_2024-08-23T17_09_57Z/code_6_charles_arrest-2.mp4
7J6P8O,/mnt/synology/BWVs/sixth_709_videos/181-240/evidence.com_evidence_package_1_of_2_created_2024-08-23T17_09_57Z/Axon_Body_3_Video_2022-04-28_1046_X6039BJNJ.mp4
7I2O0N,/mnt/synology/BWVs/sixth_709_videos/181-240/evidence.com_evidence_package_1_of_2_created_2024-08-23T17_09_57Z/Code37.mp4
7I3DPG,/mnt/synology/BWVs/sixth_709_videos/181-240/evidence.com_evidence_package_1_of_2_created_2024-08-23T17_09_57Z/C37-2.mp4
7I2MT7,/mnt/synology/BWVs/sixth_709_videos/181-240/evidence.com_evidence_package_1_of_2_created_2024-08-23T17_09_57Z/C37.mp4
7I2S8R,/mnt/synology/BWVs/sixth_709_videos/181-240/evidence.com_evidence_package_2_of_2_created_2024-08-23T17_09_57Z/Pursuit.mp4
7I2Z5W,/mnt/synology/BWVs/sixth_709_videos/181-240/evidence.com_evidence_package_2_of_2_created_2024-08-23T17_09_57Z/Code37.mp4
7I25RD,/mnt/synology/BWVs/sixth_709_videos/181-240/evidence.com_evidence_package_2_of_2_created_2024-08-23T17_09_57Z/Axon_Body_3_Video_2022-04-25_2251_X6039BECK.mp4
7I2X01,/mnt/synology/BWVs/sixth_709_videos/181-240/evidence.com_evidence_package_2_of_2_created_2024-08-23T17_09_57Z/148.mp4
7HY3SY,/mnt/synology/BWVs/sixth_709_videos/181-240/evidence.com_evidence_package_1_of_2_created_2024-08-23T17_09_57Z/Axon_Body_3_Video_2022-04-25_2107_X6039B843.mp4
7HYOG0,/mnt/synology/BWVs/sixth_709_videos/181-240/evidence.com_evidence_package_1_of_2_created_2024-08-23T17_09_57Z/22042500003222.mp4
7HY9GV,/mnt/synology/BWVs/sixth_709_videos/181-240/evidence.com_evidence_package_1_of_2_created_2024-08-23T17_09_57Z/22042500003222-3.mp4
7HYKM3,/mnt/synology/BWVs/sixth_709_videos/181-240/evidence.com_evidence_package_1_of_2_created_2024-08-23T17_09_57Z/22042500003222-2.mp4
7HUA5B,/mnt/synology/BWVs/sixth_709_videos/181-240/evidence.com_evidence_package_1_of_2_created_2024-08-23T17_09_57Z/Axon_Body_3_Video_2022-04-25_1606_X6039BGQE.mp4
7GUK2O,/mnt/synology/BWVs/sixth_709_videos/181-240/evidence.com_evidence_package_1_of_2_created_2024-08-23T17_09_57Z/T_S-2.mp4
7GNI8U,/mnt/synology/BWVs/sixth_709_videos/181-240/evidence.com_evidence_package_1_of_2_created_2024-08-23T17_09_57Z/990.mp4
7GNBBI,/mnt/synology/BWVs/sixth_709_videos/181-240/evidence.com_evidence_package_1_of_2_created_2024-08-23T17_09_57Z/990_QNR.mp4
7FPV38,/mnt/synology/BWVs/sixth_709_videos/181-240/evidence.com_evidence_package_1_of_2_created_2024-08-23T17_09_57Z/Axon_Body_3_Video_2022-04-20_1243_X6039B9NE.mp4
7FCG0Y,/mnt/synology/BWVs/sixth_709_videos/181-240/evidence.com_evidence_package_2_of_2_created_2024-08-23T17_09_57Z/23247_e_CVC_IID_REQ_&_DUI_WARRANT_ARREST.mp4
7FCMGX,/mnt/synology/BWVs/sixth_709_videos/181-240/evidence.com_evidence_package_2_of_2_created_2024-08-23T17_09_57Z/Axon_Body_3_Video_2022-04-19_1925_X6039BJ20.mp4
7F90RQ,/mnt/synology/BWVs/sixth_709_videos/181-240/evidence.com_evidence_package_1_of_2_created_2024-08-23T17_09_57Z/T_S.mp4
7EVR1O,/mnt/synology/BWVs/sixth_709_videos/181-240/evidence.com_evidence_package_1_of_2_created_2024-08-23T17_09_57Z/4A12_still_at_High_risk_stop_Inventory_check_of_Susp_Veh.mp4
540XW7,/mnt/synology/BWVs/sixth_709_videos/601-660/evidence.com_evidence_package_2_of_2_created_2024-08-23T23_18_06Z/TS_Multi-3.mp4
53MGBD,/mnt/synology/BWVs/sixth_709_videos/601-660/evidence.com_evidence_package_1_of_2_created_2024-08-23T23_18_06Z/Axon_Body_3_Video_2021-10-02_2107_X6039BH83.mp4
53ACRX,/mnt/synology/BWVs/sixth_709_videos/601-660/evidence.com_evidence_package_2_of_2_created_2024-08-23T23_18_06Z/Sherman_Way_And_Allott.mp4
53A58W,/mnt/synology/BWVs/sixth_709_videos/601-660/evidence.com_evidence_package_2_of_2_created_2024-08-23T23_18_06Z/Probation.mp4
52Y047,/mnt/synology/BWVs/sixth_709_videos/601-660/evidence.com_evidence_package_1_of_2_created_2024-08-23T23_18_06Z/C37-4.mp4
52Y33J,/mnt/synology/BWVs/sixth_709_videos/601-660/evidence.com_evidence_package_1_of_2_created_2024-08-23T23_18_06Z/C37.mp4
52Y1LE,/mnt/synology/BWVs/sixth_709_videos/601-660/evidence.com_evidence_package_1_of_2_created_2024-08-23T23_18_06Z/C37-3.mp4
52XWP3,/mnt/synology/BWVs/sixth_709_videos/601-660/evidence.com_evidence_package_1_of_2_created_2024-08-23T23_18_06Z/C37-2.mp4
52V605,/mnt/synology/BWVs/sixth_709_videos/601-660/evidence.com_evidence_package_1_of_2_created_2024-08-23T23_18_06Z/C37_BACKUP.mp4
52L4FP,/mnt/synology/BWVs/sixth_709_videos/601-660/evidence.com_evidence_package_1_of_2_created_2024-08-23T23_18_06Z/006.mp4
52LH7L,/mnt/synology/BWVs/sixth_709_videos/601-660/evidence.com_evidence_package_1_of_2_created_2024-08-23T23_18_06Z/Axon_Body_3_Video_2021-09-29_2355_X6039BE1F.mp4
52LNNR,/mnt/synology/BWVs/sixth_709_videos/601-660/evidence.com_evidence_package_1_of_2_created_2024-08-23T23_18_06Z/Ps_ts.mp4
52IUBQ,/mnt/synology/BWVs/sixth_709_videos/601-660/evidence.com_evidence_package_1_of_2_created_2024-08-23T23_18_06Z/Axon_Body_3_Video_2021-09-29_2306_X6039BBV1.mp4
52J5UH,/mnt/synology/BWVs/sixth_709_videos/601-660/evidence.com_evidence_package_1_of_2_created_2024-08-23T23_18_06Z/Axon_Body_3_Video_2021-09-29_2306_X6039BBP0.mp4
526UJV,/mnt/synology/BWVs/sixth_709_videos/601-660/evidence.com_evidence_package_1_of_2_created_2024-08-23T23_18_06Z/Axon_Body_3_Video_2021-09-28_2103_X6039B9XF.mp4
51O2LR,/mnt/synology/BWVs/sixth_709_videos/601-660/evidence.com_evidence_package_1_of_2_created_2024-08-23T23_18_06Z/Axon_Body_3_Video_2021-09-24_2117_X6039A4R8.mp4
53ZFJ9,/mnt/synology/BWVs/sixth_709_videos/601-660/evidence.com_evidence_package_1_of_2_created_2024-08-23T23_18_06Z/Axon_Body_3_Video_2021-09-24_2117_X6039BHBC.mp4
53ZCUZ,/mnt/synology/BWVs/sixth_709_videos/601-660/evidence.com_evidence_package_1_of_2_created_2024-08-23T23_18_06Z/Axon_Body_3_Video_2021-09-24_2110_X6039BHBC.mp4
51O5JU,/mnt/synology/BWVs/sixth_709_videos/601-660/evidence.com_evidence_package_1_of_2_created_2024-08-23T23_18_06Z/Axon_Body_3_Video_2021-09-24_2110_X6039A4R8.mp4
50U7TR,/mnt/synology/BWVs/sixth_709_videos/601-660/evidence.com_evidence_package_1_of_2_created_2024-08-23T23_18_06Z/Warning.mp4
50FQWK,/mnt/synology/BWVs/sixth_709_videos/601-660/evidence.com_evidence_package_1_of_2_created_2024-08-23T23_18_06Z/Axon_Body_3_Video_2021-09-24_0025_X6039BCWB.mp4
50F7N3,/mnt/synology/BWVs/sixth_709_videos/601-660/evidence.com_evidence_package_1_of_2_created_2024-08-23T23_18_06Z/Dui_Tc.mp4
50HRXU,/mnt/synology/BWVs/sixth_709_videos/601-660/evidence.com_evidence_package_1_of_2_created_2024-08-23T23_18_06Z/Axon_Body_3_Video_2021-09-23_2349_X6039BHUB.mp4
50HRKV,/mnt/synology/BWVs/sixth_709_videos/601-660/evidence.com_evidence_package_1_of_2_created_2024-08-23T23_18_06Z/No_Turn_Sinal.mp4
4ZQN7Z,/mnt/synology/BWVs/sixth_709_videos/601-660/evidence.com_evidence_package_1_of_2_created_2024-08-23T23_18_06Z/Axon_Body_3_Video_2021-09-22_0646_X6039B9P4.mp4
4ZPQF2,/mnt/synology/BWVs/sixth_709_videos/601-660/evidence.com_evidence_package_1_of_2_created_2024-08-23T23_18_06Z/ave_26.mp4
4ZPQPG,/mnt/synology/BWVs/sixth_709_videos/601-660/evidence.com_evidence_package_1_of_2_created_2024-08-23T23_18_06Z/Barranca_Flag_Down.mp4
504K0L,/mnt/synology/BWVs/sixth_709_videos/601-660/evidence.com_evidence_package_1_of_2_created_2024-08-23T23_18_06Z/Axon_Body_3_Video_2021-09-21_1235_X6039B9WH.mp4
4ZIASW,/mnt/synology/BWVs/sixth_709_videos/601-660/evidence.com_evidence_package_1_of_2_created_2024-08-23T23_18_06Z/TS.mp4
4YV5XF,/mnt/synology/BWVs/sixth_709_videos/601-660/evidence.com_evidence_package_1_of_2_created_2024-08-23T23_18_06Z/245SN.mp4
4YV9Q7,/mnt/synology/BWVs/sixth_709_videos/601-660/evidence.com_evidence_package_1_of_2_created_2024-08-23T23_18_06Z/Armed_211_C3.mp4
4YSJJ2,/mnt/synology/BWVs/sixth_709_videos/601-660/evidence.com_evidence_package_1_of_2_created_2024-08-23T23_18_06Z/Pursuit.mp4
4YTWEZ,/mnt/synology/BWVs/sixth_709_videos/601-660/evidence.com_evidence_package_1_of_2_created_2024-08-23T23_18_06Z/Pursuit-2.mp4
4YJIL8,/mnt/synology/BWVs/sixth_709_videos/601-660/evidence.com_evidence_package_1_of_2_created_2024-08-23T23_18_06Z/Traffic_Stop.mp4
4YJ71B,/mnt/synology/BWVs/sixth_709_videos/601-660/evidence.com_evidence_package_1_of_2_created_2024-08-23T23_18_06Z/No_Front_Plate.mp4
4YCZYU,/mnt/synology/BWVs/sixth_709_videos/601-660/evidence.com_evidence_package_1_of_2_created_2024-08-23T23_18_06Z/Axon_Body_3_Video_2021-09-18_1103_X6039BAV5.mp4
4YCMDH,/mnt/synology/BWVs/sixth_709_videos/601-660/evidence.com_evidence_package_1_of_2_created_2024-08-23T23_18_06Z/Axon_Body_3_Video_2021-09-18_1051_X6039BAV5.mp4
4YD2N2,/mnt/synology/BWVs/sixth_709_videos/601-660/evidence.com_evidence_package_1_of_2_created_2024-08-23T23_18_06Z/Axon_Body_3_Video_2021-09-18_1032_X6039BAV5.mp4
4YCTX0,/mnt/synology/BWVs/sixth_709_videos/601-660/evidence.com_evidence_package_1_of_2_created_2024-08-23T23_18_06Z/Axon_Body_3_Video_2021-09-18_1025_X6039BAV5.mp4
4YCTWW,/mnt/synology/BWVs/sixth_709_videos/601-660/evidence.com_evidence_package_1_of_2_created_2024-08-23T23_18_06Z/Axon_Body_3_Video_2021-09-18_1010_X6039BAV5.mp4
4YD1W4,/mnt/synology/BWVs/sixth_709_videos/601-660/evidence.com_evidence_package_1_of_2_created_2024-08-23T23_18_06Z/Axon_Body_3_Video_2021-09-18_0955_X6039BAV5.mp4
4YCMQB,/mnt/synology/BWVs/sixth_709_videos/601-660/evidence.com_evidence_package_1_of_2_created_2024-08-23T23_18_06Z/Axon_Body_3_Video_2021-09-18_0939_X6039BAV5.mp4
4YCYTY,/mnt/synology/BWVs/sixth_709_videos/601-660/evidence.com_evidence_package_1_of_2_created_2024-08-23T23_18_06Z/Axon_Body_3_Video_2021-09-18_0930_X6039BAV5.mp4
4YCV19,/mnt/synology/BWVs/sixth_709_videos/601-660/evidence.com_evidence_package_1_of_2_created_2024-08-23T23_18_06Z/Axon_Body_3_Video_2021-09-18_0919_X6039BAV5.mp4
4YCV15,/mnt/synology/BWVs/sixth_709_videos/601-660/evidence.com_evidence_package_1_of_2_created_2024-08-23T23_18_06Z/Axon_Body_3_Video_2021-09-18_0910_X6039BAV5.mp4
4YCYTE,/mnt/synology/BWVs/sixth_709_videos/601-660/evidence.com_evidence_package_1_of_2_created_2024-08-23T23_18_06Z/Axon_Body_3_Video_2021-09-18_0859_X6039BAV5.mp4
4YD1V7,/mnt/synology/BWVs/sixth_709_videos/601-660/evidence.com_evidence_package_1_of_2_created_2024-08-23T23_18_06Z/Axon_Body_3_Video_2021-09-18_0846_X6039BAV5.mp4
4YCQ4E,/mnt/synology/BWVs/sixth_709_videos/601-660/evidence.com_evidence_package_1_of_2_created_2024-08-23T23_18_06Z/Axon_Body_3_Video_2021-09-18_0838_X6039BAV5.mp4
4XUYDO,/mnt/synology/BWVs/sixth_709_videos/601-660/evidence.com_evidence_package_1_of_2_created_2024-08-23T23_18_06Z/Axon_Body_3_Video_2021-09-16_2246_X6039A2K5.mp4
4XGHPP,/mnt/synology/BWVs/sixth_709_videos/601-660/evidence.com_evidence_package_1_of_2_created_2024-08-23T23_18_06Z/Axon_Body_3_Video_2021-09-15_1414_X6039A28Y.mp4
4XBZCY,/mnt/synology/BWVs/sixth_709_videos/601-660/evidence.com_evidence_package_1_of_2_created_2024-08-23T23_18_06Z/Axon_Body_3_Video_2021-09-15_1052_X6039BJNJ.mp4
4VTJZD,/mnt/synology/BWVs/sixth_709_videos/601-660/evidence.com_evidence_package_1_of_2_created_2024-08-23T23_18_06Z/Axon_Body_3_Video_2021-09-11_0051_X6039BGGU.mp4
4VTD7F,/mnt/synology/BWVs/sixth_709_videos/601-660/evidence.com_evidence_package_1_of_2_created_2024-08-23T23_18_06Z/Axon_Body_3_Video_2021-09-11_0030_X6039BGGU.mp4
4VFD5C,/mnt/synology/BWVs/sixth_709_videos/601-660/evidence.com_evidence_package_1_of_2_created_2024-08-23T23_18_06Z/T_S_Vernon_2nd_Ave_Tinted_Windows.mp4
4UZGB9,/mnt/synology/BWVs/sixth_709_videos/601-660/evidence.com_evidence_package_1_of_2_created_2024-08-23T23_18_06Z/Axon_Body_3_Video_2021-09-08_2327_X6039BK1M.mp4
4UZDQG,/mnt/synology/BWVs/sixth_709_videos/601-660/evidence.com_evidence_package_1_of_2_created_2024-08-23T23_18_06Z/Axon_Body_3_Video_2021-09-08_2254_X6039BK1M.mp4
4UZW6M,/mnt/synology/BWVs/sixth_709_videos/601-660/evidence.com_evidence_package_1_of_2_created_2024-08-23T23_18_06Z/Axon_Body_3_Video_2021-09-08_2212_X6039BHQP.mp4
4UZZ8V,/mnt/synology/BWVs/sixth_709_videos/601-660/evidence.com_evidence_package_1_of_2_created_2024-08-23T23_18_06Z/Axon_Body_3_Video_2021-09-08_2212_X6039BB8U.mp4
4UZ8U6,/mnt/synology/BWVs/sixth_709_videos/601-660/evidence.com_evidence_package_2_of_2_created_2024-08-23T23_18_06Z/Axon_Body_3_Video_2021-09-08_2150_X6039BK1M.mp4
4TXKZU,/mnt/synology/BWVs/sixth_709_videos/601-660/evidence.com_evidence_package_1_of_2_created_2024-08-23T23_18_06Z/Axon_Body_3_Video_2021-09-06_0737_X6039BJ7H.mp4
4TXL9P,/mnt/synology/BWVs/sixth_709_videos/661-709/evidence.com_evidence_package_1_of_2_created_2024-08-23T23_25_31Z/Axon_Body_3_Video_2021-09-06_0724_X6039BJ7H.mp4
4TXJUF,/mnt/synology/BWVs/sixth_709_videos/661-709/evidence.com_evidence_package_1_of_2_created_2024-08-23T23_25_31Z/Axon_Body_3_Video_2021-09-06_0708_X6039BJ7H.mp4
4TQKB5,/mnt/synology/BWVs/sixth_709_videos/661-709/evidence.com_evidence_package_1_of_2_created_2024-08-23T23_25_31Z/Narco_Inv_Narco_Search.mp4
4XDPWC,/mnt/synology/BWVs/sixth_709_videos/661-709/evidence.com_evidence_package_1_of_2_created_2024-08-23T23_25_31Z/23152avc-MISD_DUI.mp4
4T8Z1U,/mnt/synology/BWVs/sixth_709_videos/661-709/evidence.com_evidence_package_2_of_2_created_2024-08-23T23_25_31Z/Axon_Body_3_Video_2021-09-04_0734_X6039BGQE.mp4
4T8R5S,/mnt/synology/BWVs/sixth_709_videos/661-709/evidence.com_evidence_package_1_of_2_created_2024-08-23T23_25_31Z/Axon_Body_3_Video_2021-09-04_0614_X6039BGQE.mp4
4T2RFI,/mnt/synology/BWVs/sixth_709_videos/661-709/evidence.com_evidence_package_1_of_2_created_2024-08-23T23_25_31Z/traffic_stop.mp4
4T2Y03,/mnt/synology/BWVs/sixth_709_videos/661-709/evidence.com_evidence_package_1_of_2_created_2024-08-23T23_25_31Z/Traffic_Stop-2.mp4
4SUMKD,/mnt/synology/BWVs/sixth_709_videos/661-709/evidence.com_evidence_package_1_of_2_created_2024-08-23T23_25_31Z/Axon_Body_3_Video_2021-09-02_2118_X6039B9FH.mp4
4SUMJI,/mnt/synology/BWVs/sixth_709_videos/661-709/evidence.com_evidence_package_1_of_2_created_2024-08-23T23_25_31Z/Axon_Body_3_Video_2021-09-02_2103_X6039B9FH.mp4
4SUP3W,/mnt/synology/BWVs/sixth_709_videos/661-709/evidence.com_evidence_package_1_of_2_created_2024-08-23T23_25_31Z/Axon_Body_3_Video_2021-09-02_2056_X6039B9FH.mp4
4SUPUO,/mnt/synology/BWVs/sixth_709_videos/661-709/evidence.com_evidence_package_1_of_2_created_2024-08-23T23_25_31Z/Axon_Body_3_Video_2021-09-02_2049_X6032596Y.mp4
4SUNZ1,/mnt/synology/BWVs/sixth_709_videos/661-709/evidence.com_evidence_package_1_of_2_created_2024-08-23T23_25_31Z/Axon_Body_3_Video_2021-09-02_1952_X6039B9FH.mp4
4SUP0L,/mnt/synology/BWVs/sixth_709_videos/661-709/evidence.com_evidence_package_1_of_2_created_2024-08-23T23_25_31Z/Axon_Body_3_Video_2021-09-02_1949_X6032596Y.mp4
4SUKHE,/mnt/synology/BWVs/sixth_709_videos/661-709/evidence.com_evidence_package_1_of_2_created_2024-08-23T23_25_31Z/Axon_Body_3_Video_2021-09-02_1935_X6032596Y.mp4
4SUKLF,/mnt/synology/BWVs/sixth_709_videos/661-709/evidence.com_evidence_package_1_of_2_created_2024-08-23T23_25_31Z/Axon_Body_3_Video_2021-09-02_1935_X6039B9FH.mp4
4SUJC4,/mnt/synology/BWVs/sixth_709_videos/661-709/evidence.com_evidence_package_1_of_2_created_2024-08-23T23_25_31Z/Axon_Body_3_Video_2021-09-02_1924_X6032596Y.mp4
4SUKKY,/mnt/synology/BWVs/sixth_709_videos/661-709/evidence.com_evidence_package_1_of_2_created_2024-08-23T23_25_31Z/Axon_Body_3_Video_2021-09-02_1924_X6039B9FH.mp4
4SUSGZ,/mnt/synology/BWVs/sixth_709_videos/661-709/evidence.com_evidence_package_1_of_2_created_2024-08-23T23_25_31Z/Axon_Body_3_Video_2021-09-02_1907_X6039B9FH.mp4
4SUKU3,/mnt/synology/BWVs/sixth_709_videos/661-709/evidence.com_evidence_package_1_of_2_created_2024-08-23T23_25_31Z/Axon_Body_3_Video_2021-09-02_1907_X6032596Y.mp4
4SM2F3,/mnt/synology/BWVs/sixth_709_videos/661-709/evidence.com_evidence_package_1_of_2_created_2024-08-23T23_25_31Z/H057494.mp4
4SM0L2,/mnt/synology/BWVs/sixth_709_videos/661-709/evidence.com_evidence_package_1_of_2_created_2024-08-23T23_25_31Z/H057493.mp4
4SM07Z,/mnt/synology/BWVs/sixth_709_videos/661-709/evidence.com_evidence_package_1_of_2_created_2024-08-23T23_25_31Z/H057492.mp4
4SM5Q5,/mnt/synology/BWVs/sixth_709_videos/661-709/evidence.com_evidence_package_1_of_2_created_2024-08-23T23_25_31Z/H057491.mp4
4SM2BF,/mnt/synology/BWVs/sixth_709_videos/661-709/evidence.com_evidence_package_1_of_2_created_2024-08-23T23_25_31Z/H057490.mp4
4SLZFR,/mnt/synology/BWVs/sixth_709_videos/661-709/evidence.com_evidence_package_1_of_2_created_2024-08-23T23_25_31Z/H057489.mp4
4SLX4A,/mnt/synology/BWVs/sixth_709_videos/661-709/evidence.com_evidence_package_1_of_2_created_2024-08-23T23_25_31Z/H057488.mp4
4SM1IS,/mnt/synology/BWVs/sixth_709_videos/661-709/evidence.com_evidence_package_1_of_2_created_2024-08-23T23_25_31Z/H057487.mp4
4SM0R9,/mnt/synology/BWVs/sixth_709_videos/661-709/evidence.com_evidence_package_1_of_2_created_2024-08-23T23_25_31Z/H057486.mp4
4SM0PY,/mnt/synology/BWVs/sixth_709_videos/661-709/evidence.com_evidence_package_1_of_2_created_2024-08-23T23_25_31Z/H057485.mp4
4SLXCE,/mnt/synology/BWVs/sixth_709_videos/661-709/evidence.com_evidence_package_1_of_2_created_2024-08-23T23_25_31Z/H057484.mp4
4SLUQW,/mnt/synology/BWVs/sixth_709_videos/661-709/evidence.com_evidence_package_1_of_2_created_2024-08-23T23_25_31Z/H057483.mp4
4SLV2Y,/mnt/synology/BWVs/sixth_709_videos/661-709/evidence.com_evidence_package_1_of_2_created_2024-08-23T23_25_31Z/H057482.mp4
4SLV1Q,/mnt/synology/BWVs/sixth_709_videos/661-709/evidence.com_evidence_package_1_of_2_created_2024-08-23T23_25_31Z/H057481.mp4
4SLTM8,/mnt/synology/BWVs/sixth_709_videos/661-709/evidence.com_evidence_package_1_of_2_created_2024-08-23T23_25_31Z/H059900.mp4
4SLX7W,/mnt/synology/BWVs/sixth_709_videos/661-709/evidence.com_evidence_package_1_of_2_created_2024-08-23T23_25_31Z/H059899.mp4
4SLTJO,/mnt/synology/BWVs/sixth_709_videos/661-709/evidence.com_evidence_package_1_of_2_created_2024-08-23T23_25_31Z/H059898.mp4
4SLU91,/mnt/synology/BWVs/sixth_709_videos/661-709/evidence.com_evidence_package_1_of_2_created_2024-08-23T23_25_31Z/Verbal_Warning_ICU_DR_Enroute_To_Med_Emergency.mp4
4SLTHP,/mnt/synology/BWVs/sixth_709_videos/661-709/evidence.com_evidence_package_1_of_2_created_2024-08-23T23_25_31Z/H059897.mp4
4SLPRI,/mnt/synology/BWVs/sixth_709_videos/661-709/evidence.com_evidence_package_1_of_2_created_2024-08-23T23_25_31Z/H059896.mp4
4SHZYC,/mnt/synology/BWVs/sixth_709_videos/661-709/evidence.com_evidence_package_1_of_2_created_2024-08-23T23_25_31Z/Axon_Body_3_Video_2021-09-02_0949_X6039B923.mp4
4SI0BW,/mnt/synology/BWVs/sixth_709_videos/661-709/evidence.com_evidence_package_1_of_2_created_2024-08-23T23_25_31Z/Axon_Body_3_Video_2021-09-02_0917_X6039B923.mp4
4SI0AS,/mnt/synology/BWVs/sixth_709_videos/661-709/evidence.com_evidence_package_1_of_2_created_2024-08-23T23_25_31Z/Axon_Body_3_Video_2021-09-02_0900_X6039B923.mp4
4SHR6B,/mnt/synology/BWVs/sixth_709_videos/661-709/evidence.com_evidence_package_1_of_2_created_2024-08-23T23_25_31Z/Axon_Body_3_Video_2021-09-02_0846_X6039B923.mp4
4SHULA,/mnt/synology/BWVs/sixth_709_videos/661-709/evidence.com_evidence_package_1_of_2_created_2024-08-23T23_25_31Z/Axon_Body_3_Video_2021-09-02_0811_X6039B923.mp4
4SHW4D,/mnt/synology/BWVs/sixth_709_videos/661-709/evidence.com_evidence_package_1_of_2_created_2024-08-23T23_25_31Z/Axon_Body_3_Video_2021-09-02_0752_X6039B923.mp4
4SHW3B,/mnt/synology/BWVs/sixth_709_videos/661-709/evidence.com_evidence_package_1_of_2_created_2024-08-23T23_25_31Z/Axon_Body_3_Video_2021-09-02_0731_X6039B923.mp4
4SGJNQ,/mnt/synology/BWVs/sixth_709_videos/661-709/evidence.com_evidence_package_1_of_2_created_2024-08-23T23_25_31Z/Axon_Body_3_Video_2021-09-01_2213_X6039BGJ5.mp4
4SGLWD,/mnt/synology/BWVs/sixth_709_videos/661-709/evidence.com_evidence_package_1_of_2_created_2024-08-23T23_25_31Z/Axon_Body_3_Video_2021-09-01_2213_X6039B9FS.mp4
8KHE66,/mnt/synology/BWVs/sixth_709_videos/61-120/evidence.com_evidence_package_1_of_2_created_2024-08-23T16_40_13Z/C37.mp4
8KHFPW,/mnt/synology/BWVs/sixth_709_videos/61-120/evidence.com_evidence_package_1_of_2_created_2024-08-23T16_40_13Z/C37-2.mp4
8KHJHE,/mnt/synology/BWVs/sixth_709_videos/61-120/evidence.com_evidence_package_1_of_2_created_2024-08-23T16_40_13Z/C37-3.mp4
8IVJID,/mnt/synology/BWVs/sixth_709_videos/61-120/evidence.com_evidence_package_1_of_2_created_2024-08-23T16_40_13Z/Axon_Body_3_Video_2022-07-18_0545_X6039BBPQ.mp4
8ITZ98,/mnt/synology/BWVs/sixth_709_videos/61-120/evidence.com_evidence_package_2_of_2_created_2024-08-23T16_40_13Z/Traffic.mp4
8HEUSF,/mnt/synology/BWVs/sixth_709_videos/61-120/evidence.com_evidence_package_1_of_2_created_2024-08-23T16_40_13Z/Med_Emerg.mp4
8HEY8I,/mnt/synology/BWVs/sixth_709_videos/61-120/evidence.com_evidence_package_1_of_2_created_2024-08-23T16_40_13Z/Med_Emergency_.mp4
8JBMON,/mnt/synology/BWVs/sixth_709_videos/61-120/evidence.com_evidence_package_1_of_2_created_2024-08-23T16_40_13Z/Axon_Body_3_Video_2022-07-13_2039_X6039BCPU.mp4
8GOYS7,/mnt/synology/BWVs/sixth_709_videos/61-120/evidence.com_evidence_package_1_of_2_created_2024-08-23T16_40_13Z/Axon_Body_3_Video_2022-07-13_1039_X6039BCPU.mp4
8GVW3O,/mnt/synology/BWVs/sixth_709_videos/61-120/evidence.com_evidence_package_1_of_2_created_2024-08-23T16_40_13Z/Axon_Body_3_Video_2022-07-13_1038_X6039BKL5.mp4
8GW315,/mnt/synology/BWVs/sixth_709_videos/61-120/evidence.com_evidence_package_1_of_2_created_2024-08-23T16_40_13Z/Axon_Body_3_Video_2022-07-13_1038_X60A05691.mp4
8GDHZ0,/mnt/synology/BWVs/sixth_709_videos/61-120/evidence.com_evidence_package_1_of_2_created_2024-08-23T16_40_13Z/Axon_Body_3_Video_2022-07-12_1241_X6039B9NE.mp4
8GEAPF,/mnt/synology/BWVs/sixth_709_videos/61-120/evidence.com_evidence_package_1_of_2_created_2024-08-23T16_40_13Z/Axon_Body_3_Video_2022-07-12_0924_X6039A285.mp4
8GE5QS,/mnt/synology/BWVs/sixth_709_videos/61-120/evidence.com_evidence_package_1_of_2_created_2024-08-23T16_40_13Z/594_s.mp4
8G1A4R,/mnt/synology/BWVs/sixth_709_videos/61-120/evidence.com_evidence_package_1_of_2_created_2024-08-23T16_40_13Z/Axon_Body_3_Video_2022-07-11_2210_X6039A2K5.mp4
8G1SEE,/mnt/synology/BWVs/sixth_709_videos/61-120/evidence.com_evidence_package_2_of_2_created_2024-08-23T16_40_13Z/Axon_Body_3_Video_2022-07-11_2049_X6039A2K5.mp4
8G41HY,/mnt/synology/BWVs/sixth_709_videos/61-120/evidence.com_evidence_package_1_of_2_created_2024-08-23T16_40_13Z/Axon_Body_3_Video_2022-07-11_2017_X6039BJ3T.mp4
8G4BSN,/mnt/synology/BWVs/sixth_709_videos/61-120/evidence.com_evidence_package_1_of_2_created_2024-08-23T16_40_13Z/Axon_Body_3_Video_2022-07-11_2007_X6039BJ3T.mp4
8G1T8W,/mnt/synology/BWVs/sixth_709_videos/61-120/evidence.com_evidence_package_1_of_2_created_2024-08-23T16_40_13Z/220711003731.mp4
8G4A9M,/mnt/synology/BWVs/sixth_709_videos/61-120/evidence.com_evidence_package_1_of_2_created_2024-08-23T16_40_13Z/Axon_Body_3_Video_2022-07-11_2002_X6039BJ3T.mp4
8G3ZXV,/mnt/synology/BWVs/sixth_709_videos/61-120/evidence.com_evidence_package_1_of_2_created_2024-08-23T16_40_13Z/Axon_Body_3_Video_2022-07-11_1944_X6039BJ3T.mp4
8EM2HV,/mnt/synology/BWVs/sixth_709_videos/61-120/evidence.com_evidence_package_1_of_2_created_2024-08-23T16_40_13Z/Axon_Body_3_Video_2022-07-08_1153_X6039BGJ7.mp4
8EK0NS,/mnt/synology/BWVs/sixth_709_videos/61-120/evidence.com_evidence_package_1_of_2_created_2024-08-23T16_40_13Z/Axon_Body_3_Video_2022-07-08_1050_X6039BCPU.mp4
8DSGP3,/mnt/synology/BWVs/sixth_709_videos/61-120/evidence.com_evidence_package_1_of_2_created_2024-08-23T16_40_13Z/Axon_Body_3_Video_2022-07-06_2344_X6039B950.mp4
8DSP88,/mnt/synology/BWVs/sixth_709_videos/61-120/evidence.com_evidence_package_1_of_2_created_2024-08-23T16_40_13Z/Axon_Body_3_Video_2022-07-06_2331_X60A1390J.mp4
8DS7SN,/mnt/synology/BWVs/sixth_709_videos/61-120/evidence.com_evidence_package_1_of_2_created_2024-08-23T16_40_13Z/Axon_Body_3_Video_2022-07-06_2331_X6039B950.mp4
8DS5UO,/mnt/synology/BWVs/sixth_709_videos/61-120/evidence.com_evidence_package_1_of_2_created_2024-08-23T16_40_13Z/Adw_Inv.mp4
8DRT67,/mnt/synology/BWVs/sixth_709_videos/61-120/evidence.com_evidence_package_1_of_2_created_2024-08-23T16_40_13Z/Axon_Body_3_Video_2022-07-06_2140_X60A1390J.mp4
8DRT5X,/mnt/synology/BWVs/sixth_709_videos/61-120/evidence.com_evidence_package_1_of_2_created_2024-08-23T16_40_13Z/Axon_Body_3_Video_2022-07-06_2018_X60A1390J.mp4
8DSB8E,/mnt/synology/BWVs/sixth_709_videos/61-120/evidence.com_evidence_package_1_of_2_created_2024-08-23T16_40_13Z/Axon_Body_3_Video_2022-07-06_1942_X6039B950.mp4
8DM9Z8,/mnt/synology/BWVs/sixth_709_videos/61-120/evidence.com_evidence_package_1_of_2_created_2024-08-23T16_40_13Z/Axon_Body_3_Video_2022-07-06_1656_X6039BCM8.mp4
8FOGT7,/mnt/synology/BWVs/sixth_709_videos/61-120/evidence.com_evidence_package_1_of_2_created_2024-08-23T16_40_13Z/Leventhal._Jimenez_Jr.mp4
8DC0SV,/mnt/synology/BWVs/sixth_709_videos/61-120/evidence.com_evidence_package_1_of_2_created_2024-08-23T16_40_13Z/Axon_Body_3_Video_2022-07-06_0559_X6039BGQE.mp4
8D7X5E,/mnt/synology/BWVs/sixth_709_videos/61-120/evidence.com_evidence_package_1_of_2_created_2024-08-23T16_40_13Z/48_8th_Ave.mp4
8FI514,/mnt/synology/BWVs/sixth_709_videos/61-120/evidence.com_evidence_package_1_of_2_created_2024-08-23T16_40_13Z/Ctzn_Flag_Down.mp4
8H9MTG,/mnt/synology/BWVs/sixth_709_videos/61-120/evidence.com_evidence_package_1_of_2_created_2024-08-23T16_40_13Z/5150.mp4
8BYRO9,/mnt/synology/BWVs/sixth_709_videos/61-120/evidence.com_evidence_package_1_of_2_created_2024-08-23T16_40_13Z/Axon_Body_3_Video_2022-07-03_0645_X6039BAV5.mp4
8M6IIC,/mnt/synology/BWVs/sixth_709_videos/61-120/evidence.com_evidence_package_1_of_2_created_2024-08-23T16_40_13Z/Axon_Body_3_Video_2022-07-02_1738_X6039BEE2.mp4
8BKNST,/mnt/synology/BWVs/sixth_709_videos/61-120/evidence.com_evidence_package_1_of_2_created_2024-08-23T16_40_13Z/Axon_Body_3_Video_2022-07-02_0559_X6039BBPQ.mp4
8AKOO3,/mnt/synology/BWVs/sixth_709_videos/61-120/evidence.com_evidence_package_1_of_2_created_2024-08-23T16_40_13Z/Traffic_Stop.mp4
8AFV93,/mnt/synology/BWVs/sixth_709_videos/61-120/evidence.com_evidence_package_1_of_2_created_2024-08-23T16_40_13Z/Axon_Body_3_Video_2022-06-29_2006_X6039A1LE.mp4
8AFTDT,/mnt/synology/BWVs/sixth_709_videos/61-120/evidence.com_evidence_package_1_of_2_created_2024-08-23T16_40_13Z/Axon_Body_3_Video_2022-06-29_2006_X6039BA05.mp4
8A3MIO,/mnt/synology/BWVs/sixth_709_videos/61-120/evidence.com_evidence_package_1_of_2_created_2024-08-23T16_40_13Z/459_arr-3.mp4
8A43QU,/mnt/synology/BWVs/sixth_709_videos/61-120/evidence.com_evidence_package_1_of_2_created_2024-08-23T16_40_13Z/459_arr.mp4
8A3KY6,/mnt/synology/BWVs/sixth_709_videos/61-120/evidence.com_evidence_package_1_of_2_created_2024-08-23T16_40_13Z/459_arr-2.mp4
8A3SZ3,/mnt/synology/BWVs/sixth_709_videos/61-120/evidence.com_evidence_package_2_of_2_created_2024-08-23T16_40_13Z/459_arr.mp4
8A45L9,/mnt/synology/BWVs/sixth_709_videos/61-120/evidence.com_evidence_package_1_of_2_created_2024-08-23T16_40_13Z/459_arr-4.mp4
8A2CBV,/mnt/synology/BWVs/sixth_709_videos/61-120/evidence.com_evidence_package_1_of_2_created_2024-08-23T16_40_13Z/Warned_For_License_Plate.mp4
8A2W7U,/mnt/synology/BWVs/sixth_709_videos/61-120/evidence.com_evidence_package_1_of_2_created_2024-08-23T16_40_13Z/Traffic_Stop_(Traffic_Stop).mp4
89W187,/mnt/synology/BWVs/sixth_709_videos/61-120/evidence.com_evidence_package_1_of_2_created_2024-08-23T16_40_13Z/Axon_Body_3_Video_2022-06-28_1905_X6039BGQE.mp4
89UP55,/mnt/synology/BWVs/sixth_709_videos/61-120/evidence.com_evidence_package_1_of_2_created_2024-08-23T16_40_13Z/Tinted_Windows_T_Stop.mp4
89L24J,/mnt/synology/BWVs/sixth_709_videos/61-120/evidence.com_evidence_package_1_of_2_created_2024-08-23T16_40_13Z/245.mp4
89M073,/mnt/synology/BWVs/sixth_709_videos/61-120/evidence.com_evidence_package_1_of_2_created_2024-08-23T16_40_13Z/245SN.mp4
89IOES,/mnt/synology/BWVs/sixth_709_videos/61-120/evidence.com_evidence_package_1_of_2_created_2024-08-23T16_40_13Z/TS.mp4
89DI0F,/mnt/synology/BWVs/sixth_709_videos/61-120/evidence.com_evidence_package_2_of_2_created_2024-08-23T16_40_13Z/5150_hold.mp4
88J34R,/mnt/synology/BWVs/sixth_709_videos/61-120/evidence.com_evidence_package_1_of_2_created_2024-08-23T16_40_13Z/Cold_Plates_(61_And_Halldale).mp4
88IN2B,/mnt/synology/BWVs/sixth_709_videos/61-120/evidence.com_evidence_package_1_of_2_created_2024-08-23T16_40_13Z/Cold_Plated_(61_And_Halldale).mp4
88F7XB,/mnt/synology/BWVs/sixth_709_videos/61-120/evidence.com_evidence_package_1_of_2_created_2024-08-23T16_40_13Z/Axon_Body_3_Video_2022-06-25_0920_X6039BJ60.mp4
87Q8JZ,/mnt/synology/BWVs/sixth_709_videos/61-120/evidence.com_evidence_package_2_of_2_created_2024-08-23T16_40_13Z/Adw.mp4
87AMJO,/mnt/synology/BWVs/sixth_709_videos/61-120/evidence.com_evidence_package_1_of_2_created_2024-08-23T16_40_13Z/Axon_Body_3_Video_2022-06-22_1834_X6039BGQE.mp4
96MS5J,/mnt/synology/BWVs/sixth_709_videos/1-60/evidence.com_evidence_package_1_of_2_created_2024-08-23T16_34_40Z/Axon_Body_3_Video_2022-08-31_1614_X6039BKM0.mp4
964Q5G,/mnt/synology/BWVs/sixth_709_videos/1-60/evidence.com_evidence_package_1_of_2_created_2024-08-23T16_34_40Z/Axon_Body_3_Video_2022-08-30_1953_X6039A4PA.mp4
960YP5,/mnt/synology/BWVs/sixth_709_videos/1-60/evidence.com_evidence_package_1_of_2_created_2024-08-23T16_34_40Z/Patrol_Call_415_Group.mp4
952Y82,/mnt/synology/BWVs/sixth_709_videos/1-60/evidence.com_evidence_package_1_of_2_created_2024-08-23T16_34_40Z/Axon_Body_3_Video_2022-08-28_1623_X6039BDNY.mp4
95257V,/mnt/synology/BWVs/sixth_709_videos/1-60/evidence.com_evidence_package_1_of_2_created_2024-08-23T16_34_40Z/Axon_Body_3_Video_2022-08-28_1546_X6039BDNY.mp4
9527XB,/mnt/synology/BWVs/sixth_709_videos/1-60/evidence.com_evidence_package_1_of_2_created_2024-08-23T16_34_40Z/Axon_Body_3_Video_2022-08-28_1447_X6039BDNY.mp4
94L0V8,/mnt/synology/BWVs/sixth_709_videos/1-60/evidence.com_evidence_package_1_of_2_created_2024-08-23T16_34_40Z/Code_30_Ringer.mp4
94I8LV,/mnt/synology/BWVs/sixth_709_videos/1-60/evidence.com_evidence_package_1_of_2_created_2024-08-23T16_34_40Z/Axon_Body_3_Video_2022-08-26_1344_X6039BCPU.mp4
94I2XM,/mnt/synology/BWVs/sixth_709_videos/1-60/evidence.com_evidence_package_1_of_2_created_2024-08-23T16_34_40Z/Axon_Body_3_Video_2022-08-26_1332_X6039BCPU.mp4
94IG8B,/mnt/synology/BWVs/sixth_709_videos/1-60/evidence.com_evidence_package_1_of_2_created_2024-08-23T16_34_40Z/Axon_Body_3_Video_2022-08-26_1322_X6039BCPU.mp4
941PEJ,/mnt/synology/BWVs/sixth_709_videos/1-60/evidence.com_evidence_package_1_of_2_created_2024-08-23T16_34_40Z/Axon_Body_3_Video_2022-08-26_0604_X6039BCPU.mp4
92ZXR5,/mnt/synology/BWVs/sixth_709_videos/1-60/evidence.com_evidence_package_1_of_2_created_2024-08-23T16_34_40Z/Axon_Body_3_Video_2022-08-24_0008_X6039BB2X.mp4
92VB80,/mnt/synology/BWVs/sixth_709_videos/1-60/evidence.com_evidence_package_1_of_2_created_2024-08-23T16_34_40Z/T_S_(GTA-Fugitive_Arr)-4.mp4
92VLR9,/mnt/synology/BWVs/sixth_709_videos/1-60/evidence.com_evidence_package_1_of_2_created_2024-08-23T16_34_40Z/Flower_And_69th.mp4
92VFSY,/mnt/synology/BWVs/sixth_709_videos/1-60/evidence.com_evidence_package_1_of_2_created_2024-08-23T16_34_40Z/T_S_(GTA-Fugitive_Arr)-5.mp4
92UQ89,/mnt/synology/BWVs/sixth_709_videos/1-60/evidence.com_evidence_package_1_of_2_created_2024-08-23T16_34_40Z/T_S_(GTA-Fugitive_Arr.mp4
92UVL9,/mnt/synology/BWVs/sixth_709_videos/1-60/evidence.com_evidence_package_1_of_2_created_2024-08-23T16_34_40Z/T_S_(GTA-Fugitive_Arr).mp4
92UUEC,/mnt/synology/BWVs/sixth_709_videos/1-60/evidence.com_evidence_package_1_of_2_created_2024-08-23T16_34_40Z/T_S_(GTA-Fugitive_Arr)-2.mp4
92VDH8,/mnt/synology/BWVs/sixth_709_videos/1-60/evidence.com_evidence_package_1_of_2_created_2024-08-23T16_34_40Z/T_S_(GTA-Fugitive_Arr)-3.mp4
92VGJL,/mnt/synology/BWVs/sixth_709_videos/1-60/evidence.com_evidence_package_1_of_2_created_2024-08-23T16_34_40Z/T_S_(GTA-Fugitive_Arr)-6.mp4
91A9H5,/mnt/synology/BWVs/sixth_709_videos/1-60/evidence.com_evidence_package_1_of_2_created_2024-08-23T16_34_40Z/traffic_stop-3.mp4
91F3HV,/mnt/synology/BWVs/sixth_709_videos/1-60/evidence.com_evidence_package_1_of_2_created_2024-08-23T16_34_40Z/902_Parthenia_Reseda.mp4
91D55V,/mnt/synology/BWVs/sixth_709_videos/1-60/evidence.com_evidence_package_1_of_2_created_2024-08-23T16_34_40Z/Traffic_Stop_.mp4
91HY87,/mnt/synology/BWVs/sixth_709_videos/1-60/evidence.com_evidence_package_1_of_2_created_2024-08-23T16_34_40Z/Axon_Body_3_Video_2022-08-20_1641_X6039BFTQ.mp4
91LZRX,/mnt/synology/BWVs/sixth_709_videos/1-60/evidence.com_evidence_package_1_of_2_created_2024-08-23T16_34_40Z/Axon_Body_3_Video_2022-08-20_1610_X6039BGQE.mp4
90RLRS,/mnt/synology/BWVs/sixth_709_videos/1-60/evidence.com_evidence_package_1_of_2_created_2024-08-23T16_34_40Z/Axon_Body_3_Video_2022-08-19_2116_X6039BB9U.mp4
90RAKF,/mnt/synology/BWVs/sixth_709_videos/1-60/evidence.com_evidence_package_1_of_2_created_2024-08-23T16_34_40Z/Axon_Body_3_Video_2022-08-19_1420_X6039BB9U.mp4
90RCV5,/mnt/synology/BWVs/sixth_709_videos/1-60/evidence.com_evidence_package_1_of_2_created_2024-08-23T16_34_40Z/Axon_Body_3_Video_2022-08-19_1418_X6039BB9U.mp4
8YFRKL,/mnt/synology/BWVs/sixth_709_videos/1-60/evidence.com_evidence_package_1_of_2_created_2024-08-23T16_34_40Z/Axon_Body_3_Video_2022-08-15_1600_X6033458J.mp4
8YGBCH,/mnt/synology/BWVs/sixth_709_videos/1-60/evidence.com_evidence_package_1_of_2_created_2024-08-23T16_34_40Z/Traffic_Stop.mp4
8XX79A,/mnt/synology/BWVs/sixth_709_videos/1-60/evidence.com_evidence_package_1_of_2_created_2024-08-23T16_34_40Z/TRAFFIC_STOP-2.mp4
8XVI4Y,/mnt/synology/BWVs/sixth_709_videos/1-60/evidence.com_evidence_package_1_of_2_created_2024-08-23T16_34_40Z/Santa_Rosalia_.mp4
8WTW2P,/mnt/synology/BWVs/sixth_709_videos/1-60/evidence.com_evidence_package_1_of_2_created_2024-08-23T16_34_40Z/Axon_Body_3_Video_2022-08-12_1833_X6039BHP4.mp4
8WI5VY,/mnt/synology/BWVs/sixth_709_videos/1-60/evidence.com_evidence_package_1_of_2_created_2024-08-23T16_34_40Z/sherman_way_sepulveda.mp4
8W08NK,/mnt/synology/BWVs/sixth_709_videos/1-60/evidence.com_evidence_package_1_of_2_created_2024-08-23T16_34_40Z/Axon_Body_3_Video_2022-08-11_1027_X6039BKM0.mp4
8U7FGV,/mnt/synology/BWVs/sixth_709_videos/1-60/evidence.com_evidence_package_1_of_2_created_2024-08-23T16_34_40Z/Red_Light.mp4
8U7GRN,/mnt/synology/BWVs/sixth_709_videos/1-60/evidence.com_evidence_package_1_of_2_created_2024-08-23T16_34_40Z/Axon_Body_3_Video_2022-08-07_2147_X6039BB3U.mp4
8U41KF,/mnt/synology/BWVs/sixth_709_videos/1-60/evidence.com_evidence_package_1_of_2_created_2024-08-23T16_34_40Z/Axon_Body_3_Video_2022-08-07_1445_X6039BE79.mp4
8U4976,/mnt/synology/BWVs/sixth_709_videos/1-60/evidence.com_evidence_package_1_of_2_created_2024-08-23T16_34_40Z/c6-2.mp4
8SRKUN,/mnt/synology/BWVs/sixth_709_videos/1-60/evidence.com_evidence_package_1_of_2_created_2024-08-23T16_34_40Z/Axon_Body_3_Video_2022-08-04_1733_X6039BBCS.mp4
8SOIO7,/mnt/synology/BWVs/sixth_709_videos/1-60/evidence.com_evidence_package_1_of_2_created_2024-08-23T16_34_40Z/Axon_Body_3_Video_2022-08-04_1416_X6039BCZ0.mp4
8RKFFS,/mnt/synology/BWVs/sixth_709_videos/1-60/evidence.com_evidence_package_1_of_2_created_2024-08-23T16_34_40Z/PS.mp4
8R32Y0,/mnt/synology/BWVs/sixth_709_videos/1-60/evidence.com_evidence_package_1_of_2_created_2024-08-23T16_34_40Z/Axon_Body_3_Video_2022-08-01_2145_X6039BCCM.mp4
8P9SYM,/mnt/synology/BWVs/sixth_709_videos/1-60/evidence.com_evidence_package_1_of_2_created_2024-08-23T16_34_40Z/C6.mp4
8P9QPS,/mnt/synology/BWVs/sixth_709_videos/1-60/evidence.com_evidence_package_1_of_2_created_2024-08-23T16_34_40Z/Axon_Body_3_Video_2022-07-30_0939_X6039BBW5.mp4
8OS5VC,/mnt/synology/BWVs/sixth_709_videos/1-60/evidence.com_evidence_package_1_of_2_created_2024-08-23T16_34_40Z/Axon_Body_3_Video_2022-07-29_2143_X6039BHP4.mp4
8O16MC,/mnt/synology/BWVs/sixth_709_videos/1-60/evidence.com_evidence_package_1_of_2_created_2024-08-23T16_34_40Z/Axon_Body_3_Video_2022-07-28_1931_X6039BC35.mp4
8O1SOD,/mnt/synology/BWVs/sixth_709_videos/1-60/evidence.com_evidence_package_1_of_2_created_2024-08-23T16_34_40Z/Axon_Body_3_Video_2022-07-28_1930_X6039BB4A.mp4
8NL2YQ,/mnt/synology/BWVs/sixth_709_videos/1-60/evidence.com_evidence_package_2_of_2_created_2024-08-23T16_34_41Z/Axon_Body_3_Video_2022-07-28_0831_X6039BBNG.mp4
8NKZU9,/mnt/synology/BWVs/sixth_709_videos/1-60/evidence.com_evidence_package_1_of_2_created_2024-08-23T16_34_40Z/Axon_Body_3_Video_2022-07-28_0815_X6039BBNG.mp4
8LKRRZ,/mnt/synology/BWVs/sixth_709_videos/1-60/evidence.com_evidence_package_1_of_2_created_2024-08-23T16_34_40Z/Axon_Body_3_Video_2022-07-24_0526_X6039A81Z.mp4
8LKZ12,/mnt/synology/BWVs/sixth_709_videos/1-60/evidence.com_evidence_package_1_of_2_created_2024-08-23T16_34_40Z/Axon_Body_3_Video_2022-07-24_0523_X6039A81Z.mp4
8LKM1O,/mnt/synology/BWVs/sixth_709_videos/1-60/evidence.com_evidence_package_1_of_2_created_2024-08-23T16_34_40Z/Axon_Body_3_Video_2022-07-24_0522_X6039BK52.mp4
8LKR1G,/mnt/synology/BWVs/sixth_709_videos/1-60/evidence.com_evidence_package_1_of_2_created_2024-08-23T16_34_40Z/Axon_Body_3_Video_2022-07-24_0507_X6039BK52.mp4
8LKP2W,/mnt/synology/BWVs/sixth_709_videos/1-60/evidence.com_evidence_package_1_of_2_created_2024-08-23T16_34_40Z/Axon_Body_3_Video_2022-07-24_0507_X6039A81Z.mp4
8LG8JL,/mnt/synology/BWVs/sixth_709_videos/1-60/evidence.com_evidence_package_1_of_2_created_2024-08-23T16_34_40Z/Axon_Body_3_Video_2022-07-23_2125_X6039A3M3.mp4
8YEBCR,/mnt/synology/BWVs/sixth_709_videos/1-60/evidence.com_evidence_package_1_of_2_created_2024-08-23T16_34_40Z/Axon_Body_3_Video_2022-07-23_2125_X6039A2VF.mp4
8L3RG6,/mnt/synology/BWVs/sixth_709_videos/1-60/evidence.com_evidence_package_1_of_2_created_2024-08-23T16_34_40Z/Axon_Body_3_Video_2022-07-22_2107_X6039BBV6.mp4
8KHRZM,/mnt/synology/BWVs/sixth_709_videos/1-60/evidence.com_evidence_package_1_of_2_created_2024-08-23T16_34_40Z/C37.mp4
8KHXQ1,/mnt/synology/BWVs/sixth_709_videos/1-60/evidence.com_evidence_package_2_of_2_created_2024-08-23T16_34_41Z/C37.mp4
7CB6M8,/mnt/synology/BWVs/sixth_709_videos/241-300/evidence.com_evidence_package_2_of_2_created_2024-08-23T17_21_15Z/220412001095.mp4
96UPMR,/mnt/synology/BWVs/seventh_322_videos/1-60/Axon_Body_3_Video_2022-08-31_2114_X6039B9UL.mp4
960KA1,/mnt/synology/BWVs/seventh_322_videos/1-60/Shooting_suspect_arrest.mp4
961ATC,/mnt/synology/BWVs/seventh_322_videos/1-60/Axon_Body_3_Video_2022-08-30_1040_X6039BEP7.mp4
949YOA,/mnt/synology/BWVs/seventh_322_videos/1-60/Axon_Body_3_Video_2022-08-26_1535_X6039B7QZ.mp4
90VKS6,/mnt/synology/BWVs/seventh_322_videos/1-60/Axon_Body_3_Video_2022-08-19_2113_X6039BJ3Y.mp4
90A2NZ,/mnt/synology/BWVs/seventh_322_videos/1-60/Axon_Body_3_Video_2022-08-18_1806_X6039B88G.mp4
909X1X,/mnt/synology/BWVs/seventh_322_videos/1-60/Axon_Body_3_Video_2022-08-18_1805_X6039BBCD.mp4
8Z4MI2,/mnt/synology/BWVs/seventh_322_videos/1-60/Axon_Body_3_Video_2022-08-16_1435_X6039BE79.mp4
8Z4QN6,/mnt/synology/BWVs/seventh_322_videos/1-60/415m.mp4
8WZW4H,/mnt/synology/BWVs/seventh_322_videos/1-60/Axon_Body_3_Video_2022-08-13_0008_X6039BAXM.mp4
8X0413,/mnt/synology/BWVs/seventh_322_videos/1-60/Axon_Body_3_Video_2022-08-12_2353_X6039B9FK.mp4
8WZHJJ,/mnt/synology/BWVs/seventh_322_videos/1-60/Traffic_Stop_-2.mp4
8VQECS,/mnt/synology/BWVs/seventh_322_videos/1-60/220806003157.mp4
8TSHIC,/mnt/synology/BWVs/seventh_322_videos/1-60/Axon_Body_3_Video_2022-08-06_2124_X6039BB85.mp4
8TSU31,/mnt/synology/BWVs/seventh_322_videos/1-60/Axon_Body_3_Video_2022-08-06_2103_X6039BB85.mp4
8VPXK6,/mnt/synology/BWVs/seventh_322_videos/1-60/220806003157-4.mp4
8TSK64,/mnt/synology/BWVs/seventh_322_videos/1-60/Axon_Body_3_Video_2022-08-06_2036_X6039BB85.mp4
8TSA8B,/mnt/synology/BWVs/seventh_322_videos/1-60/Axon_Body_3_Video_2022-08-06_2026_X6039BB85.mp4
8VQCSH,/mnt/synology/BWVs/seventh_322_videos/1-60/220806003157-5.mp4
8VQ41J,/mnt/synology/BWVs/seventh_322_videos/1-60/220806003157-7.mp4
8TSSY3,/mnt/synology/BWVs/seventh_322_videos/1-60/Axon_Body_3_Video_2022-08-06_2017_X6039BB85.mp4
8VQFG7,/mnt/synology/BWVs/seventh_322_videos/1-60/220806003157-3.mp4
8TSK5B,/mnt/synology/BWVs/seventh_322_videos/1-60/Axon_Body_3_Video_2022-08-06_1957_X6039BB85.mp4
8TSP2T,/mnt/synology/BWVs/seventh_322_videos/1-60/Axon_Body_3_Video_2022-08-06_1949_X6039BB85.mp4
8VQGKX,/mnt/synology/BWVs/seventh_322_videos/1-60/220806003157-2.mp4
8TSE24,/mnt/synology/BWVs/seventh_322_videos/1-60/Axon_Body_3_Video_2022-08-06_1937_X6039BB85.mp4
8VQGZ7,/mnt/synology/BWVs/seventh_322_videos/1-60/220806003157-6.mp4
8TSOJF,/mnt/synology/BWVs/seventh_322_videos/1-60/bo_brake_light.mp4
8TTB0K,/mnt/synology/BWVs/seventh_322_videos/1-60/Start_of_Watch.mp4
8TSUNN,/mnt/synology/BWVs/seventh_322_videos/1-60/sow.mp4
8SNVEF,/mnt/synology/BWVs/seventh_322_videos/1-60/Axon_Fleet_3_Dual-View_Camera_Video_2022-08-04_1724.mp4
8Q5AHX,/mnt/synology/BWVs/seventh_322_videos/1-60/Axon_Body_3_Video_2022-07-31_1819_X6039BHLV.mp4
8R5CV3,/mnt/synology/BWVs/seventh_322_videos/1-60/Axon_Body_3_Video_2022-07-27_1432_X60A0895B.mp4
8MRYSE,/mnt/synology/BWVs/seventh_322_videos/1-60/006.mp4
8MRNRH,/mnt/synology/BWVs/seventh_322_videos/1-60/Axon_Body_3_Video_2022-07-26_1847_X6039BGHJ.mp4
8LT8JD,/mnt/synology/BWVs/seventh_322_videos/1-60/Axon_Body_3_Video_2022-07-24_2214_X6039A4PA.mp4
8LTO6O,/mnt/synology/BWVs/seventh_322_videos/1-60/Axon_Body_3_Video_2022-07-24_2213_X6039A4NZ.mp4
8LTOID,/mnt/synology/BWVs/seventh_322_videos/1-60/Axon_Body_3_Video_2022-07-24_2152_X6039A4PA.mp4
8LTKCB,/mnt/synology/BWVs/seventh_322_videos/1-60/Axon_Body_3_Video_2022-07-24_2152_X6039A4NZ.mp4
8LT9BW,/mnt/synology/BWVs/seventh_322_videos/1-60/Axon_Body_3_Video_2022-07-24_2143_X6039A4NZ.mp4
8LTBWA,/mnt/synology/BWVs/seventh_322_videos/1-60/Axon_Body_3_Video_2022-07-24_2134_X6039A4PA.mp4
8LT7CO,/mnt/synology/BWVs/seventh_322_videos/1-60/Axon_Body_3_Video_2022-07-24_2134_X6039A4NZ.mp4
8LSYWQ,/mnt/synology/BWVs/seventh_322_videos/1-60/Axon_Body_3_Video_2022-07-24_2048_X6039A4NZ.mp4
8LTCZ9,/mnt/synology/BWVs/seventh_322_videos/1-60/Axon_Body_3_Video_2022-07-24_2037_X6039A4NZ.mp4
8LSL2X,/mnt/synology/BWVs/seventh_322_videos/1-60/Axon_Body_3_Video_2022-07-24_2030_X6039A4PA.mp4
8LTHXQ,/mnt/synology/BWVs/seventh_322_videos/1-60/Axon_Body_3_Video_2022-07-24_2030_X6039A4NZ.mp4
8LSXZU,/mnt/synology/BWVs/seventh_322_videos/1-60/Axon_Body_3_Video_2022-07-24_2021_X6039A4PA.mp4
8LSTJZ,/mnt/synology/BWVs/seventh_322_videos/1-60/Axon_Body_3_Video_2022-07-24_2021_X6039A4NZ.mp4
8LSGU4,/mnt/synology/BWVs/seventh_322_videos/1-60/Axon_Body_3_Video_2022-07-24_2008_X6039A4PA.mp4
8LT136,/mnt/synology/BWVs/seventh_322_videos/1-60/Axon_Body_3_Video_2022-07-24_2008_X6039A4NZ.mp4
8LIDVP,/mnt/synology/BWVs/seventh_322_videos/1-60/ts.mp4
8LJ78G,/mnt/synology/BWVs/seventh_322_videos/1-60/traffic_stop_25400_arr.mp4
8HEW0W,/mnt/synology/BWVs/seventh_322_videos/1-60/Axon_Body_3_Video_2022-07-14_1734_X6039B9VX.mp4
8GNVSN,/mnt/synology/BWVs/seventh_322_videos/61-120/evidence.com_evidence_package_1_of_2_created_2024-12-06T20_08_29Z/Axon_Body_3_Video_2022-07-13_0717_X6039B9SY.mp4
8FCFXQ,/mnt/synology/BWVs/seventh_322_videos/61-120/evidence.com_evidence_package_2_of_2_created_2024-12-06T20_08_29Z/T_S.mp4
8FCK4W,/mnt/synology/BWVs/seventh_322_videos/61-120/evidence.com_evidence_package_2_of_2_created_2024-12-06T20_08_29Z/Axon_Body_3_Video_2022-07-10_0327_X6039A123.mp4
8EP5S2,/mnt/synology/BWVs/seventh_322_videos/61-120/evidence.com_evidence_package_1_of_2_created_2024-12-06T20_08_29Z/Axon_Body_3_Video_2022-07-08_1359_X6039BBW5.mp4
8EP9M3,/mnt/synology/BWVs/seventh_322_videos/61-120/evidence.com_evidence_package_1_of_2_created_2024-12-06T20_08_29Z/Axon_Body_3_Video_2022-07-08_1358_X6039BBW3.mp4
8ELD2X,/mnt/synology/BWVs/seventh_322_videos/61-120/evidence.com_evidence_package_1_of_2_created_2024-12-06T20_08_29Z/Axon_Body_3_Video_2022-07-08_0853_X6039BGJ7.mp4
8EJ76D,/mnt/synology/BWVs/seventh_322_videos/61-120/evidence.com_evidence_package_2_of_2_created_2024-12-06T20_08_29Z/Axon_Body_3_Video_2022-07-08_0304.mp4
8CN6IQ,/mnt/synology/BWVs/seventh_322_videos/61-120/evidence.com_evidence_package_1_of_2_created_2024-12-06T20_08_29Z/Axon_Body_3_Video_2022-07-04_2258_X6039B989.mp4
8CZQV3,/mnt/synology/BWVs/seventh_322_videos/61-120/evidence.com_evidence_package_1_of_2_created_2024-12-06T20_08_29Z/23152_A_VC_Miss_DUI_.mp4
8BDMCA,/mnt/synology/BWVs/seventh_322_videos/61-120/evidence.com_evidence_package_1_of_2_created_2024-12-06T20_08_29Z/back_up.mp4
8C1I3L,/mnt/synology/BWVs/seventh_322_videos/61-120/evidence.com_evidence_package_1_of_2_created_2024-12-06T20_08_29Z/Axon_Body_3_Video_2022-06-30_2152_X6039A3MX.mp4
8AO7XL,/mnt/synology/BWVs/seventh_322_videos/61-120/evidence.com_evidence_package_1_of_2_created_2024-12-06T20_08_29Z/Axon_Body_3_Video_2022-06-30_0843_X6039A3XB.mp4
8ANQMD,/mnt/synology/BWVs/seventh_322_videos/61-120/evidence.com_evidence_package_1_of_2_created_2024-12-06T20_08_29Z/Axon_Body_3_Video_2022-06-30_0833_X6039A3XB.mp4
8ANPF7,/mnt/synology/BWVs/seventh_322_videos/61-120/evidence.com_evidence_package_1_of_2_created_2024-12-06T20_08_29Z/Axon_Body_3_Video_2022-06-30_0720_X6039A3XB.mp4
8ANH9R,/mnt/synology/BWVs/seventh_322_videos/61-120/evidence.com_evidence_package_1_of_2_created_2024-12-06T20_08_29Z/Axon_Body_3_Video_2022-06-30_0701_X6039A3XB.mp4
8AN11W,/mnt/synology/BWVs/seventh_322_videos/61-120/evidence.com_evidence_package_1_of_2_created_2024-12-06T20_08_29Z/Axon_Body_3_Video_2022-06-30_0633_X6039A3XB.mp4
8AN270,/mnt/synology/BWVs/seventh_322_videos/61-120/evidence.com_evidence_package_1_of_2_created_2024-12-06T20_08_29Z/Axon_Body_3_Video_2022-06-30_0615_X6039A3XB.mp4
89LLZQ,/mnt/synology/BWVs/seventh_322_videos/61-120/evidence.com_evidence_package_1_of_2_created_2024-12-06T20_08_29Z/415m.mp4
89LI4Z,/mnt/synology/BWVs/seventh_322_videos/61-120/evidence.com_evidence_package_1_of_2_created_2024-12-06T20_08_29Z/415m_Parking_Cit_.mp4
876G85,/mnt/synology/BWVs/seventh_322_videos/61-120/evidence.com_evidence_package_1_of_2_created_2024-12-06T20_08_29Z/Axon_Body_3_Video_2022-06-22_1029_X6039BGJ7.mp4
8763JE,/mnt/synology/BWVs/seventh_322_videos/61-120/evidence.com_evidence_package_1_of_2_created_2024-12-06T20_08_29Z/Axon_Body_3_Video_2022-06-22_0930_X6039BGJ7.mp4
875NQG,/mnt/synology/BWVs/seventh_322_videos/61-120/evidence.com_evidence_package_1_of_2_created_2024-12-06T20_08_29Z/Axon_Body_3_Video_2022-06-22_0916_X6039BGJ7.mp4
86VG08,/mnt/synology/BWVs/seventh_322_videos/61-120/evidence.com_evidence_package_1_of_2_created_2024-12-06T20_08_29Z/Axon_Body_3_Video_2022-06-21_2050_X6039A4PA.mp4
86VC5W,/mnt/synology/BWVs/seventh_322_videos/61-120/evidence.com_evidence_package_1_of_2_created_2024-12-06T20_08_29Z/Axon_Body_3_Video_2022-06-21_2004_X6039A4PA.mp4
86TCS8,/mnt/synology/BWVs/seventh_322_videos/61-120/evidence.com_evidence_package_1_of_2_created_2024-12-06T20_08_29Z/H075237.mp4
86T6M5,/mnt/synology/BWVs/seventh_322_videos/61-120/evidence.com_evidence_package_1_of_2_created_2024-12-06T20_08_29Z/H075233.mp4
86SUN4,/mnt/synology/BWVs/seventh_322_videos/61-120/evidence.com_evidence_package_1_of_2_created_2024-12-06T20_08_29Z/H075226.mp4
86TBPG,/mnt/synology/BWVs/seventh_322_videos/61-120/evidence.com_evidence_package_1_of_2_created_2024-12-06T20_08_29Z/H075222.mp4
86KB19,/mnt/synology/BWVs/seventh_322_videos/61-120/evidence.com_evidence_package_2_of_2_created_2024-12-06T20_08_29Z/Shooting.mp4
86KG1Q,/mnt/synology/BWVs/seventh_322_videos/61-120/evidence.com_evidence_package_2_of_2_created_2024-12-06T20_08_29Z/Axon_Body_3_Video_2022-06-20_2258_X6039BEVQ.mp4
80LQMS,/mnt/synology/BWVs/seventh_322_videos/61-120/evidence.com_evidence_package_1_of_2_created_2024-12-06T20_08_29Z/Axon_Body_3_Video_2022-06-07_1607_X6039A6F4.mp4
7X60IW,/mnt/synology/BWVs/seventh_322_videos/61-120/evidence.com_evidence_package_1_of_2_created_2024-12-06T20_08_29Z/STOP.mp4
7UZPA6,/mnt/synology/BWVs/seventh_322_videos/61-120/evidence.com_evidence_package_2_of_2_created_2024-12-06T20_08_29Z/Normandie_2nd_St.mp4
7UYJ5R,/mnt/synology/BWVs/seventh_322_videos/61-120/evidence.com_evidence_package_2_of_2_created_2024-12-06T20_08_29Z/Axon_Body_3_Video_2022-05-25_1647_X6039BC7C.mp4
7TELDV,/mnt/synology/BWVs/seventh_322_videos/61-120/evidence.com_evidence_package_2_of_2_created_2024-12-06T20_08_29Z/dui.mp4
7TERWD,/mnt/synology/BWVs/seventh_322_videos/61-120/evidence.com_evidence_package_2_of_2_created_2024-12-06T20_08_29Z/DUI_Inv.mp4
7SK9JC,/mnt/synology/BWVs/seventh_322_videos/61-120/evidence.com_evidence_package_1_of_2_created_2024-12-06T20_08_29Z/gun_arr-2.mp4
7SJD1D,/mnt/synology/BWVs/seventh_322_videos/61-120/evidence.com_evidence_package_1_of_2_created_2024-12-06T20_08_29Z/Gun_Arr.mp4
7M5NWE,/mnt/synology/BWVs/seventh_322_videos/61-120/evidence.com_evidence_package_1_of_2_created_2024-12-06T20_08_29Z/Axon_Body_3_Video_2022-05-05_1043_X6039BGJ7.mp4
7M5PCC,/mnt/synology/BWVs/seventh_322_videos/61-120/evidence.com_evidence_package_1_of_2_created_2024-12-06T20_08_29Z/Axon_Body_3_Video_2022-05-05_0928_X6039BGJ7.mp4
7M648K,/mnt/synology/BWVs/seventh_322_videos/61-120/evidence.com_evidence_package_1_of_2_created_2024-12-06T20_08_29Z/Axon_Body_3_Video_2022-05-05_0749_X6039BGJ7.mp4
7M5NPN,/mnt/synology/BWVs/seventh_322_videos/61-120/evidence.com_evidence_package_1_of_2_created_2024-12-06T20_08_29Z/Axon_Body_3_Video_2022-05-05_0706_X6039BGJ7.mp4
7M5FLK,/mnt/synology/BWVs/seventh_322_videos/61-120/evidence.com_evidence_package_1_of_2_created_2024-12-06T20_08_29Z/Axon_Body_3_Video_2022-05-05_0654_X6039BGJ7.mp4
7M50M3,/mnt/synology/BWVs/seventh_322_videos/181-240/evidence.com_evidence_package_1_of_2_created_2024-12-06T20_10_43Z/Axon_Body_3_Video_2022-05-05_0639_X6039BGJ7.mp4
7KNGB4,/mnt/synology/BWVs/seventh_322_videos/181-240/evidence.com_evidence_package_1_of_2_created_2024-12-06T20_10_43Z/Axon_Body_3_Video_2022-05-01_1956_X6039BBZL.mp4
7KNCWN,/mnt/synology/BWVs/seventh_322_videos/181-240/evidence.com_evidence_package_2_of_2_created_2024-12-06T20_10_43Z/Gta_Arr.mp4
7K7X7O,/mnt/synology/BWVs/seventh_322_videos/181-240/evidence.com_evidence_package_2_of_2_created_2024-12-06T20_10_43Z/Traffic_Strop.mp4
7K8A56,/mnt/synology/BWVs/seventh_322_videos/181-240/evidence.com_evidence_package_2_of_2_created_2024-12-06T20_10_43Z/220501000295.mp4
7OMM9J,/mnt/synology/BWVs/seventh_322_videos/181-240/evidence.com_evidence_package_1_of_2_created_2024-12-06T20_10_43Z/Axon_Body_3_Video_2022-04-27_1901_X6039BDSC.mp4
7OMV3F,/mnt/synology/BWVs/seventh_322_videos/181-240/evidence.com_evidence_package_1_of_2_created_2024-12-06T20_10_43Z/Axon_Body_3_Video_2022-04-27_1827_X6039BDSC.mp4
7OMGS9,/mnt/synology/BWVs/seventh_322_videos/181-240/evidence.com_evidence_package_1_of_2_created_2024-12-06T20_10_43Z/Axon_Body_3_Video_2022-04-27_1659_X6039BDSC.mp4
7F9ZVX,/mnt/synology/BWVs/seventh_322_videos/181-240/evidence.com_evidence_package_1_of_2_created_2024-12-06T20_10_43Z/Axon_Body_3_Video_2022-04-19_1236_X6039B989.mp4
7F5OEC,/mnt/synology/BWVs/seventh_322_videos/181-240/evidence.com_evidence_package_1_of_2_created_2024-12-06T20_10_43Z/Axon_Body_3_Video_2022-04-19_1236_X6039BKEQ.mp4
7DWYCO,/mnt/synology/BWVs/seventh_322_videos/181-240/evidence.com_evidence_package_1_of_2_created_2024-12-06T20_10_43Z/Axon_Body_3_Video_2022-04-16_0823_X6039B9H8.mp4
7BX6YW,/mnt/synology/BWVs/seventh_322_videos/181-240/evidence.com_evidence_package_1_of_2_created_2024-12-06T20_10_43Z/006.mp4
7BX9N9,/mnt/synology/BWVs/seventh_322_videos/181-240/evidence.com_evidence_package_1_of_2_created_2024-12-06T20_10_43Z/006-3.mp4
79U0H7,/mnt/synology/BWVs/seventh_322_videos/181-240/evidence.com_evidence_package_1_of_2_created_2024-12-06T20_10_43Z/Axon_Body_3_Video_2022-04-06_1510_X6039BGL9.mp4
77VR4C,/mnt/synology/BWVs/seventh_322_videos/181-240/evidence.com_evidence_package_1_of_2_created_2024-12-06T20_10_43Z/ts.mp4
77WS6J,/mnt/synology/BWVs/seventh_322_videos/181-240/evidence.com_evidence_package_2_of_2_created_2024-12-06T20_10_43Z/Code_6.mp4
77WRTP,/mnt/synology/BWVs/seventh_322_videos/181-240/evidence.com_evidence_package_1_of_2_created_2024-12-06T20_10_43Z/CF_No._22-000952.mp4
77BQ7D,/mnt/synology/BWVs/seventh_322_videos/181-240/evidence.com_evidence_package_1_of_2_created_2024-12-06T20_10_43Z/Axon_Body_3_Video_2022-03-31_2048_X6039BHG0.mp4
756P7C,/mnt/synology/BWVs/seventh_322_videos/181-240/evidence.com_evidence_package_1_of_2_created_2024-12-06T20_10_43Z/Axon_Body_3_Video_2022-03-26_0857_X6039BA7J.mp4
756X7N,/mnt/synology/BWVs/seventh_322_videos/181-240/evidence.com_evidence_package_1_of_2_created_2024-12-06T20_10_43Z/Axon_Body_3_Video_2022-03-26_0857_X6039BBW3.mp4
74V2XJ,/mnt/synology/BWVs/seventh_322_videos/181-240/evidence.com_evidence_package_2_of_2_created_2024-12-06T20_10_43Z/Axon_Body_3_Video_2022-03-25_1403_X6039B93F.mp4
74UHIU,/mnt/synology/BWVs/seventh_322_videos/181-240/evidence.com_evidence_package_2_of_2_created_2024-12-06T20_10_43Z/Misd_Dui.mp4
736U0T,/mnt/synology/BWVs/seventh_322_videos/181-240/evidence.com_evidence_package_1_of_2_created_2024-12-06T20_10_43Z/Axon_Body_3_Video_2022-03-21_2331_X6039A3CZ.mp4
7373IU,/mnt/synology/BWVs/seventh_322_videos/181-240/evidence.com_evidence_package_1_of_2_created_2024-12-06T20_10_43Z/006-2.mp4
70OQLD,/mnt/synology/BWVs/seventh_322_videos/181-240/evidence.com_evidence_package_1_of_2_created_2024-12-06T20_10_43Z/Ts_Tinted_Windshield.mp4
6WEX41,/mnt/synology/BWVs/seventh_322_videos/181-240/evidence.com_evidence_package_1_of_2_created_2024-12-06T20_10_43Z/902.mp4
6WU9D5,/mnt/synology/BWVs/seventh_322_videos/181-240/evidence.com_evidence_package_1_of_2_created_2024-12-06T20_10_43Z/Axon_Body_3_Video_2022-03-07_0010_X6039BFJ0.mp4
722X74,/mnt/synology/BWVs/seventh_322_videos/181-240/evidence.com_evidence_package_1_of_2_created_2024-12-06T20_10_43Z/Axon_Body_3_Video_2022-03-01_2325_X6039A1P8.mp4
6UABGJ,/mnt/synology/BWVs/seventh_322_videos/181-240/evidence.com_evidence_package_1_of_2_created_2024-12-06T20_10_43Z/Axon_Body_3_Video_2022-03-01_2325_X6039A8Q2.mp4
6TX22P,/mnt/synology/BWVs/seventh_322_videos/181-240/evidence.com_evidence_package_1_of_2_created_2024-12-06T20_10_43Z/H074752.mp4
6TXMXD,/mnt/synology/BWVs/seventh_322_videos/181-240/evidence.com_evidence_package_1_of_2_created_2024-12-06T20_10_43Z/W291221.mp4
6TXHVX,/mnt/synology/BWVs/seventh_322_videos/181-240/evidence.com_evidence_package_1_of_2_created_2024-12-06T20_10_43Z/H074748.mp4
6TWZBR,/mnt/synology/BWVs/seventh_322_videos/181-240/evidence.com_evidence_package_1_of_2_created_2024-12-06T20_10_43Z/H074747.mp4
6TAESK,/mnt/synology/BWVs/seventh_322_videos/181-240/evidence.com_evidence_package_1_of_2_created_2024-12-06T20_10_43Z/Axon_Body_3_Video_2022-02-27_1658_X6039BB00.mp4
6SW1M8,/mnt/synology/BWVs/seventh_322_videos/181-240/evidence.com_evidence_package_1_of_2_created_2024-12-06T20_10_43Z/Axon_Body_3_Video_2022-02-26_1637_X6039B98A.mp4
6SVYX2,/mnt/synology/BWVs/seventh_322_videos/181-240/evidence.com_evidence_package_1_of_2_created_2024-12-06T20_10_43Z/Axon_Body_3_Video_2022-02-26_1637_X6039BBW3.mp4
6SVCAV,/mnt/synology/BWVs/seventh_322_videos/181-240/evidence.com_evidence_package_1_of_2_created_2024-12-06T20_10_43Z/Axon_Body_3_Video_2022-02-26_0818_X6039BBW3.mp4
6SVG3X,/mnt/synology/BWVs/seventh_322_videos/181-240/evidence.com_evidence_package_1_of_2_created_2024-12-06T20_10_43Z/Traffic_Stop.mp4
6SB6MV,/mnt/synology/BWVs/seventh_322_videos/121-180/evidence.com_evidence_package_1_of_2_created_2024-12-06T20_11_39Z/Traffic_Stop.mp4
6SAU6J,/mnt/synology/BWVs/seventh_322_videos/121-180/evidence.com_evidence_package_1_of_2_created_2024-12-06T20_11_39Z/Traffic_Stop-2.mp4
6RBBCD,/mnt/synology/BWVs/seventh_322_videos/121-180/evidence.com_evidence_package_2_of_2_created_2024-12-06T20_11_39Z/10851_RR.mp4
6RBF3K,/mnt/synology/BWVs/seventh_322_videos/121-180/evidence.com_evidence_package_1_of_2_created_2024-12-06T20_11_39Z/Axon_Body_3_Video_2022-02-22_1709_X6039BKGZ.mp4
6QU92X,/mnt/synology/BWVs/seventh_322_videos/121-180/evidence.com_evidence_package_1_of_2_created_2024-12-06T20_11_39Z/Vice_Detail.mp4
6O30H4,/mnt/synology/BWVs/seventh_322_videos/121-180/evidence.com_evidence_package_1_of_2_created_2024-12-06T20_11_39Z/Axon_Body_3_Video_2022-02-14_1948_X6039A1P8.mp4
6N5KKG,/mnt/synology/BWVs/seventh_322_videos/121-180/evidence.com_evidence_package_1_of_2_created_2024-12-06T20_11_39Z/Axon_Body_3_Video_2022-02-12_1225_X6039BA0Q.mp4
6JB0XL,/mnt/synology/BWVs/seventh_322_videos/121-180/evidence.com_evidence_package_1_of_2_created_2024-12-06T20_11_39Z/Axon_Body_3_Video_2022-02-02_1746_X6039BGL9.mp4
6JAV3S,/mnt/synology/BWVs/seventh_322_videos/121-180/evidence.com_evidence_package_1_of_2_created_2024-12-06T20_11_39Z/Axon_Body_3_Video_2022-02-02_1725_X6039BGL9.mp4
6JAKNI,/mnt/synology/BWVs/seventh_322_videos/121-180/evidence.com_evidence_package_1_of_2_created_2024-12-06T20_11_39Z/Axon_Body_3_Video_2022-02-02_1716_X6039BGL9.mp4
6JB911,/mnt/synology/BWVs/seventh_322_videos/121-180/evidence.com_evidence_package_1_of_2_created_2024-12-06T20_11_39Z/Axon_Body_3_Video_2022-02-02_1702_X6039BGL9.mp4
6JADOZ,/mnt/synology/BWVs/seventh_322_videos/121-180/evidence.com_evidence_package_1_of_2_created_2024-12-06T20_11_39Z/Axon_Body_3_Video_2022-02-02_1639_X6039BGL9.mp4
6JAC5K,/mnt/synology/BWVs/seventh_322_videos/121-180/evidence.com_evidence_package_1_of_2_created_2024-12-06T20_11_39Z/Axon_Body_3_Video_2022-02-02_1626_X6039BGL9.mp4
6JADOB,/mnt/synology/BWVs/seventh_322_videos/121-180/evidence.com_evidence_package_1_of_2_created_2024-12-06T20_11_39Z/Axon_Body_3_Video_2022-02-02_1557_X6039BGL9.mp4
6JAQ08,/mnt/synology/BWVs/seventh_322_videos/121-180/evidence.com_evidence_package_1_of_2_created_2024-12-06T20_11_39Z/Axon_Body_3_Video_2022-02-02_1539_X6039BGL9.mp4
6JATHI,/mnt/synology/BWVs/seventh_322_videos/121-180/evidence.com_evidence_package_1_of_2_created_2024-12-06T20_11_39Z/Axon_Body_3_Video_2022-02-02_1522_X6039BGL9.mp4
6J9UBA,/mnt/synology/BWVs/seventh_322_videos/121-180/evidence.com_evidence_package_1_of_2_created_2024-12-06T20_11_39Z/Axon_Body_3_Video_2022-02-02_1457_X6039BGL9.mp4
6J15XT,/mnt/synology/BWVs/seventh_322_videos/121-180/evidence.com_evidence_package_1_of_2_created_2024-12-06T20_11_39Z/Axon_Body_3_Video_2022-02-02_0858_X6039BE7L.mp4
6J1AD5,/mnt/synology/BWVs/seventh_322_videos/121-180/evidence.com_evidence_package_1_of_2_created_2024-12-06T20_11_39Z/Axon_Body_3_Video_2022-02-02_0858_X6039A684.mp4
6HYALT,/mnt/synology/BWVs/seventh_322_videos/121-180/evidence.com_evidence_package_1_of_2_created_2024-12-06T20_11_39Z/Axon_Body_3_Video_2022-01-31_0912_X6039BBP1.mp4
6H649Z,/mnt/synology/BWVs/seventh_322_videos/121-180/evidence.com_evidence_package_1_of_2_created_2024-12-06T20_11_39Z/Highlander_valley_Circle_Arrest.mp4
6H32Y3,/mnt/synology/BWVs/seventh_322_videos/121-180/evidence.com_evidence_package_1_of_2_created_2024-12-06T20_11_39Z/Highlander_Valley_Circle_T_S.mp4
6FL3YP,/mnt/synology/BWVs/seventh_322_videos/121-180/evidence.com_evidence_package_1_of_2_created_2024-12-06T20_11_39Z/Gta.mp4
6FLII1,/mnt/synology/BWVs/seventh_322_videos/121-180/evidence.com_evidence_package_1_of_2_created_2024-12-06T20_11_39Z/Gta-2.mp4
6FLNW4,/mnt/synology/BWVs/seventh_322_videos/121-180/evidence.com_evidence_package_1_of_2_created_2024-12-06T20_11_39Z/220125004926.mp4
6F11DV,/mnt/synology/BWVs/seventh_322_videos/121-180/evidence.com_evidence_package_1_of_2_created_2024-12-06T20_11_39Z/Axon_Body_3_Video_2022-01-24_2136_X6039BBCD.mp4
6F1RBU,/mnt/synology/BWVs/seventh_322_videos/121-180/evidence.com_evidence_package_1_of_2_created_2024-12-06T20_11_39Z/Axon_Body_3_Video_2022-01-24_2136_X6039B80Y.mp4
6F5VKD,/mnt/synology/BWVs/seventh_322_videos/121-180/evidence.com_evidence_package_1_of_2_created_2024-12-06T20_11_39Z/Axon_Body_3_Video_2022-01-24_1935_X6039B94S.mp4
6F3UZQ,/mnt/synology/BWVs/seventh_322_videos/121-180/evidence.com_evidence_package_1_of_2_created_2024-12-06T20_11_39Z/Narcotics_Arrest.mp4
6COOJ7,/mnt/synology/BWVs/seventh_322_videos/121-180/evidence.com_evidence_package_1_of_2_created_2024-12-06T20_11_39Z/Axon_Body_3_Video_2022-01-17_1716_X6039BDSC.mp4
6COGCW,/mnt/synology/BWVs/seventh_322_videos/121-180/evidence.com_evidence_package_1_of_2_created_2024-12-06T20_11_39Z/Axon_Body_3_Video_2022-01-17_1622_X6039BDSC.mp4
6BC334,/mnt/synology/BWVs/seventh_322_videos/121-180/evidence.com_evidence_package_1_of_2_created_2024-12-06T20_11_39Z/Axon_Body_3_Video_2022-01-15_1854_X6039BJSJ.mp4
6BC0JM,/mnt/synology/BWVs/seventh_322_videos/121-180/evidence.com_evidence_package_1_of_2_created_2024-12-06T20_11_39Z/22011500003045.mp4
6AQTHE,/mnt/synology/BWVs/seventh_322_videos/121-180/evidence.com_evidence_package_2_of_2_created_2024-12-06T20_11_39Z/Axon_Body_3_Video_2022-01-14_1035_X6039BB33.mp4
6AY2NW,/mnt/synology/BWVs/seventh_322_videos/121-180/evidence.com_evidence_package_2_of_2_created_2024-12-06T20_11_39Z/narco_arrest.mp4
6AR3C0,/mnt/synology/BWVs/seventh_322_videos/121-180/evidence.com_evidence_package_2_of_2_created_2024-12-06T20_11_39Z/Axon_Body_3_Video_2022-01-14_0954_X6039BB33.mp4
6714RO,/mnt/synology/BWVs/seventh_322_videos/121-180/evidence.com_evidence_package_1_of_2_created_2024-12-06T20_11_39Z/Axon_Body_3_Video_2022-01-06_2033_X6039BDZ2.mp4
670ZYN,/mnt/synology/BWVs/seventh_322_videos/121-180/evidence.com_evidence_package_1_of_2_created_2024-12-06T20_11_39Z/Axon_Body_3_Video_2022-01-06_2033_X6039BB00.mp4
64MA2M,/mnt/synology/BWVs/seventh_322_videos/121-180/evidence.com_evidence_package_1_of_2_created_2024-12-06T20_11_39Z/Axon_Body_3_Video_2022-01-02_0307_X6039BJGN.mp4
64MEIC,/mnt/synology/BWVs/seventh_322_videos/121-180/evidence.com_evidence_package_1_of_2_created_2024-12-06T20_11_39Z/Axon_Body_3_Video_2022-01-02_0300_X6039BJGN.mp4
64M87J,/mnt/synology/BWVs/seventh_322_videos/121-180/evidence.com_evidence_package_1_of_2_created_2024-12-06T20_11_39Z/Axon_Body_3_Video_2022-01-02_0240_X6039BJGN.mp4
63C9B7,/mnt/synology/BWVs/seventh_322_videos/121-180/evidence.com_evidence_package_1_of_2_created_2024-12-06T20_11_39Z/Axon_Body_3_Video_2021-12-29_1528_X6033020E.mp4
63CB85,/mnt/synology/BWVs/seventh_322_videos/121-180/evidence.com_evidence_package_1_of_2_created_2024-12-06T20_11_39Z/Axon_Body_3_Video_2021-12-29_1524_X6039BJ3U.mp4
63CIO0,/mnt/synology/BWVs/seventh_322_videos/121-180/evidence.com_evidence_package_1_of_2_created_2024-12-06T20_11_39Z/Axon_Body_3_Video_2021-12-29_1519_X6033020E.mp4
63CHJ9,/mnt/synology/BWVs/seventh_322_videos/121-180/evidence.com_evidence_package_1_of_2_created_2024-12-06T20_11_39Z/Axon_Body_3_Video_2021-12-29_1509_X6039BJ3U.mp4
63CF9J,/mnt/synology/BWVs/seventh_322_videos/121-180/evidence.com_evidence_package_1_of_2_created_2024-12-06T20_11_39Z/Axon_Body_3_Video_2021-12-29_1455_X6033020E.mp4
63CD07,/mnt/synology/BWVs/seventh_322_videos/121-180/evidence.com_evidence_package_1_of_2_created_2024-12-06T20_11_39Z/Axon_Body_3_Video_2021-12-29_1430_X6033020E.mp4
63CHIX,/mnt/synology/BWVs/seventh_322_videos/121-180/evidence.com_evidence_package_2_of_2_created_2024-12-06T20_11_39Z/Axon_Body_3_Video_2021-12-29_1422_X6039BJ3U.mp4
63CBGM,/mnt/synology/BWVs/seventh_322_videos/121-180/evidence.com_evidence_package_1_of_2_created_2024-12-06T20_11_39Z/Axon_Body_3_Video_2021-12-29_1422_X6033020E.mp4
5ZHTJ9,/mnt/synology/BWVs/seventh_322_videos/241-300/evidence.com_evidence_package_1_of_2_created_2024-12-06T20_51_26Z/Axon_Body_3_Video_2021-12-20_0843_X6039BGXY.mp4
5TSKZ0,/mnt/synology/BWVs/seventh_322_videos/241-300/evidence.com_evidence_package_1_of_2_created_2024-12-06T20_51_26Z/Axon_Body_3_Video_2021-12-08_0952_X6039BGXY.mp4
5TSKVK,/mnt/synology/BWVs/seventh_322_videos/241-300/evidence.com_evidence_package_1_of_2_created_2024-12-06T20_51_26Z/Axon_Body_3_Video_2021-12-08_0805_X6039BGXY.mp4
5RZU45,/mnt/synology/BWVs/seventh_322_videos/241-300/evidence.com_evidence_package_2_of_2_created_2024-12-06T20_51_26Z/Axon_Body_3_Video_2021-12-04_1752_X6039A0Z3.mp4
5S0FA2,/mnt/synology/BWVs/seventh_322_videos/241-300/evidence.com_evidence_package_2_of_2_created_2024-12-06T20_51_26Z/Occ.mp4
5R1XOF,/mnt/synology/BWVs/seventh_322_videos/241-300/evidence.com_evidence_package_1_of_2_created_2024-12-06T20_51_26Z/Axon_Body_3_Video_2021-12-02_1904_X6039BL9H.mp4
5QM5F1,/mnt/synology/BWVs/seventh_322_videos/241-300/evidence.com_evidence_package_2_of_2_created_2024-12-06T20_51_26Z/Axon_Body_3_Video_2021-12-01_2128_X6039BBER.mp4
5QM9V8,/mnt/synology/BWVs/seventh_322_videos/241-300/evidence.com_evidence_package_2_of_2_created_2024-12-06T20_51_26Z/006_Tow.mp4
5Q4PNH,/mnt/synology/BWVs/seventh_322_videos/241-300/evidence.com_evidence_package_1_of_2_created_2024-12-06T20_51_26Z/Traffic_Stop-5.mp4
5Q4TGH,/mnt/synology/BWVs/seventh_322_videos/241-300/evidence.com_evidence_package_1_of_2_created_2024-12-06T20_51_26Z/No_rear_plate.mp4
5NT2PV,/mnt/synology/BWVs/seventh_322_videos/241-300/evidence.com_evidence_package_1_of_2_created_2024-12-06T20_51_26Z/Axon_Body_3_Video_2021-11-26_0018_X6039B9PE.mp4
5NT1X7,/mnt/synology/BWVs/seventh_322_videos/241-300/evidence.com_evidence_package_1_of_2_created_2024-12-06T20_51_26Z/Axon_Body_3_Video_2021-11-26_0006_X6039B9PE.mp4
5MXBW7,/mnt/synology/BWVs/seventh_322_videos/241-300/evidence.com_evidence_package_1_of_2_created_2024-12-06T20_51_26Z/Axon_Body_3_Video_2021-11-24_0147_X6033147G.mp4
5MSC9S,/mnt/synology/BWVs/seventh_322_videos/241-300/evidence.com_evidence_package_1_of_2_created_2024-12-06T20_51_26Z/H064565_22350VC.mp4
5MSDL8,/mnt/synology/BWVs/seventh_322_videos/241-300/evidence.com_evidence_package_1_of_2_created_2024-12-06T20_51_26Z/H058060_22350VC.mp4
5MMXJ7,/mnt/synology/BWVs/seventh_322_videos/241-300/evidence.com_evidence_package_1_of_2_created_2024-12-06T20_51_26Z/Maza.mp4
5LY51D,/mnt/synology/BWVs/seventh_322_videos/241-300/evidence.com_evidence_package_1_of_2_created_2024-12-06T20_51_26Z/Window_Tint.mp4
5LY7C1,/mnt/synology/BWVs/seventh_322_videos/241-300/evidence.com_evidence_package_1_of_2_created_2024-12-06T20_51_26Z/Axon_Body_3_Video_2021-11-21_1755_X6039B8CY.mp4
5LOLGD,/mnt/synology/BWVs/seventh_322_videos/241-300/evidence.com_evidence_package_1_of_2_created_2024-12-06T20_51_26Z/Traffic_Stop.mp4
5LOO2A,/mnt/synology/BWVs/seventh_322_videos/241-300/evidence.com_evidence_package_1_of_2_created_2024-12-06T20_51_26Z/Axon_Body_3_Video_2021-11-20_2108_X6039BJAW.mp4
5LOM6U,/mnt/synology/BWVs/seventh_322_videos/241-300/evidence.com_evidence_package_1_of_2_created_2024-12-06T20_51_26Z/Traffic_Stop-2.mp4
5J35M8,/mnt/synology/BWVs/seventh_322_videos/241-300/evidence.com_evidence_package_1_of_2_created_2024-12-06T20_51_26Z/Traffic_Stop-6.mp4
5J1KSW,/mnt/synology/BWVs/seventh_322_videos/241-300/evidence.com_evidence_package_1_of_2_created_2024-12-06T20_51_26Z/Axon_Body_3_Video_2021-11-13_1945_X6039A713.mp4
5IYU12,/mnt/synology/BWVs/seventh_322_videos/241-300/evidence.com_evidence_package_1_of_2_created_2024-12-06T20_51_26Z/Axon_Body_3_Video_2021-11-13_1101_X6039A7TH.mp4
5IYHBQ,/mnt/synology/BWVs/seventh_322_videos/241-300/evidence.com_evidence_package_1_of_2_created_2024-12-06T20_51_26Z/O.mp4
5IYJ7D,/mnt/synology/BWVs/seventh_322_videos/241-300/evidence.com_evidence_package_1_of_2_created_2024-12-06T20_51_26Z/Axon_Body_3_Video_2021-11-13_0800_X6039A7TH.mp4
5ITFKM,/mnt/synology/BWVs/seventh_322_videos/241-300/evidence.com_evidence_package_1_of_2_created_2024-12-06T20_51_26Z/Axon_Body_3_Video_2021-11-12_0737_X6039BJ7H.mp4
5HWONH,/mnt/synology/BWVs/seventh_322_videos/241-300/evidence.com_evidence_package_1_of_2_created_2024-12-06T20_51_26Z/Ts_Warn.mp4
5FQK2D,/mnt/synology/BWVs/seventh_322_videos/241-300/evidence.com_evidence_package_1_of_2_created_2024-12-06T20_51_26Z/Traffic_Stop-4.mp4
5E343Y,/mnt/synology/BWVs/seventh_322_videos/241-300/evidence.com_evidence_package_2_of_2_created_2024-12-06T20_51_26Z/Axon_Body_3_Video_2021-10-30_2122_X6039B9JK.mp4
5CK8DX,/mnt/synology/BWVs/seventh_322_videos/241-300/evidence.com_evidence_package_1_of_2_created_2024-12-06T20_51_26Z/Ped_Stop.mp4
5CKDC8,/mnt/synology/BWVs/seventh_322_videos/241-300/evidence.com_evidence_package_1_of_2_created_2024-12-06T20_51_26Z/Axon_Body_3_Video_2021-10-26_2303_X6039BB4E.mp4
5ATM9X,/mnt/synology/BWVs/seventh_322_videos/241-300/evidence.com_evidence_package_1_of_2_created_2024-12-06T20_51_26Z/Axon_Body_3_Video_2021-10-22_0656_X6039BGQE.mp4
5AP7E1,/mnt/synology/BWVs/seventh_322_videos/241-300/evidence.com_evidence_package_2_of_2_created_2024-12-06T20_51_26Z/dui_arrest.mp4
5ATFW7,/mnt/synology/BWVs/seventh_322_videos/241-300/evidence.com_evidence_package_2_of_2_created_2024-12-06T20_51_26Z/Traffic_Stop_Arrest.mp4
58L0UX,/mnt/synology/BWVs/seventh_322_videos/241-300/evidence.com_evidence_package_1_of_2_created_2024-12-06T20_51_26Z/245-3.mp4
58KY9X,/mnt/synology/BWVs/seventh_322_videos/241-300/evidence.com_evidence_package_1_of_2_created_2024-12-06T20_51_26Z/245S-5.mp4
58KXRW,/mnt/synology/BWVs/seventh_322_videos/241-300/evidence.com_evidence_package_1_of_2_created_2024-12-06T20_51_26Z/245S.mp4
58KZMH,/mnt/synology/BWVs/seventh_322_videos/241-300/evidence.com_evidence_package_1_of_2_created_2024-12-06T20_51_26Z/245S-2.mp4
58KYUM,/mnt/synology/BWVs/seventh_322_videos/241-300/evidence.com_evidence_package_1_of_2_created_2024-12-06T20_51_26Z/246.mp4
58KW6O,/mnt/synology/BWVs/seventh_322_videos/241-300/evidence.com_evidence_package_1_of_2_created_2024-12-06T20_51_26Z/245.mp4
58KSU1,/mnt/synology/BWVs/seventh_322_videos/241-300/evidence.com_evidence_package_1_of_2_created_2024-12-06T20_51_26Z/245S-3.mp4
58KPRE,/mnt/synology/BWVs/seventh_322_videos/241-300/evidence.com_evidence_package_1_of_2_created_2024-12-06T20_51_26Z/245-2.mp4
58KSDM,/mnt/synology/BWVs/seventh_322_videos/241-300/evidence.com_evidence_package_1_of_2_created_2024-12-06T20_51_26Z/245s-4.mp4
56KTMK,/mnt/synology/BWVs/seventh_322_videos/241-300/evidence.com_evidence_package_1_of_2_created_2024-12-06T20_51_26Z/TS.mp4
56L6H5,/mnt/synology/BWVs/seventh_322_videos/241-300/evidence.com_evidence_package_1_of_2_created_2024-12-06T20_51_26Z/BO_license_plate_light.mp4
567YDO,/mnt/synology/BWVs/seventh_322_videos/241-300/evidence.com_evidence_package_1_of_2_created_2024-12-06T20_51_26Z/Traffic_Stop-3.mp4
55H9NU,/mnt/synology/BWVs/seventh_322_videos/241-300/evidence.com_evidence_package_1_of_2_created_2024-12-06T20_51_26Z/occ.mp4
55HJDO,/mnt/synology/BWVs/seventh_322_videos/241-300/evidence.com_evidence_package_1_of_2_created_2024-12-06T20_51_26Z/Axon_Body_3_Video_2021-10-07_1832_X6039A25K.mp4
54OSMB,/mnt/synology/BWVs/seventh_322_videos/301-322/evidence.com_evidence_package_1_of_2_created_2024-12-06T21_01_04Z/Exp_Reg.mp4
540VDJ,/mnt/synology/BWVs/seventh_322_videos/301-322/evidence.com_evidence_package_1_of_2_created_2024-12-06T21_01_04Z/Gta.mp4
51DG28,/mnt/synology/BWVs/seventh_322_videos/301-322/evidence.com_evidence_package_1_of_2_created_2024-12-06T21_01_04Z/Axon_Body_3_Video_2021-09-26_1834_X6039A8G4.mp4
51DELD,/mnt/synology/BWVs/seventh_322_videos/301-322/evidence.com_evidence_package_1_of_2_created_2024-12-06T21_01_04Z/Axon_Body_3_Video_2021-09-26_1738_X6039A8G4.mp4
51DUDD,/mnt/synology/BWVs/seventh_322_videos/301-322/evidence.com_evidence_package_2_of_2_created_2024-12-06T21_01_04Z/Axon_Body_3_Video_2021-09-26_1738_X6039A3DP.mp4
514PXH,/mnt/synology/BWVs/seventh_322_videos/301-322/evidence.com_evidence_package_1_of_2_created_2024-12-06T21_01_04Z/Axon_Body_3_Video_2021-09-25_2018_X6039BK0M.mp4
514RQ6,/mnt/synology/BWVs/seventh_322_videos/301-322/evidence.com_evidence_package_1_of_2_created_2024-12-06T21_01_04Z/Axon_Body_3_Video_2021-09-25_2018_X6039BHYN.mp4
53ZEK8,/mnt/synology/BWVs/seventh_322_videos/301-322/evidence.com_evidence_package_1_of_2_created_2024-12-06T21_01_04Z/Axon_Body_3_Video_2021-09-24_2156_X6039BHBC.mp4
4YJ9CT,/mnt/synology/BWVs/seventh_322_videos/301-322/evidence.com_evidence_package_1_of_2_created_2024-12-06T21_01_04Z/Red_Zone.mp4
4YJMFL,/mnt/synology/BWVs/seventh_322_videos/301-322/evidence.com_evidence_package_1_of_2_created_2024-12-06T21_01_04Z/Traffic_Stop.mp4
4WMLF6,/mnt/synology/BWVs/seventh_322_videos/301-322/evidence.com_evidence_package_1_of_2_created_2024-12-06T21_01_04Z/5033S.mp4
4WMKO0,/mnt/synology/BWVs/seventh_322_videos/301-322/evidence.com_evidence_package_1_of_2_created_2024-12-06T21_01_04Z/Gta_Arrest.mp4
4U3N2K,/mnt/synology/BWVs/seventh_322_videos/301-322/evidence.com_evidence_package_1_of_2_created_2024-12-06T21_01_04Z/Gun_Arr.mp4
4U3KRJ,/mnt/synology/BWVs/seventh_322_videos/301-322/evidence.com_evidence_package_1_of_2_created_2024-12-06T21_01_04Z/Gun_Arr-2.mp4
4U3OUF,/mnt/synology/BWVs/seventh_322_videos/301-322/evidence.com_evidence_package_1_of_2_created_2024-12-06T21_01_04Z/Gun_Arrest.mp4
9648FE,/mnt/synology/BWVs/eighth_322_videos/1-60/evidence.com_evidence_package_2_of_2_created_2024-12-10T16_34_27Z/t_s.mp4
9647A1,/mnt/synology/BWVs/eighth_322_videos/1-60/evidence.com_evidence_package_2_of_2_created_2024-12-10T16_34_27Z/Axon_Body_3_Video_2022-08-30_1828_X6039BBQ7.mp4
94MYHJ,/mnt/synology/BWVs/eighth_322_videos/1-60/evidence.com_evidence_package_1_of_2_created_2024-12-10T16_34_27Z/occ.mp4
94N7MA,/mnt/synology/BWVs/eighth_322_videos/1-60/evidence.com_evidence_package_1_of_2_created_2024-12-10T16_34_27Z/Axon_Body_3_Video_2022-08-27_1312_X6039B91H.mp4
93B4IM,/mnt/synology/BWVs/eighth_322_videos/1-60/evidence.com_evidence_package_1_of_2_created_2024-12-10T16_34_27Z/Axon_Body_3_Video_2022-08-24_1441_X6039BGQE.mp4
92TMT5,/mnt/synology/BWVs/eighth_322_videos/1-60/evidence.com_evidence_package_1_of_2_created_2024-12-10T16_34_27Z/TRAFFIC_STOP-2.mp4
92TGPC,/mnt/synology/BWVs/eighth_322_videos/1-60/evidence.com_evidence_package_1_of_2_created_2024-12-10T16_34_27Z/Axon_Body_3_Video_2022-08-23_1923_X6039BBV1.mp4
91O3ZU,/mnt/synology/BWVs/eighth_322_videos/1-60/evidence.com_evidence_package_1_of_2_created_2024-12-10T16_34_27Z/Axon_Body_3_Video_2022-08-21_1533_X6039A26W.mp4
91NYOM,/mnt/synology/BWVs/eighth_322_videos/1-60/evidence.com_evidence_package_2_of_2_created_2024-12-10T16_34_27Z/Avalon_Blvd_&_83rd_St.mp4
91NRD8,/mnt/synology/BWVs/eighth_322_videos/1-60/evidence.com_evidence_package_2_of_2_created_2024-12-10T16_34_27Z/Traffic_Stop.mp4
8YGGQ1,/mnt/synology/BWVs/eighth_322_videos/1-60/evidence.com_evidence_package_1_of_2_created_2024-12-10T16_34_27Z/H119508_2022-08-15_1830_X6039BDCK.mp4
9C1SLC,/mnt/synology/BWVs/eighth_322_videos/1-60/evidence.com_evidence_package_1_of_2_created_2024-12-10T16_34_27Z/Axon_Body_3_Video_2022-08-11_1910_X6039A3VX.mp4
8WHDUK,/mnt/synology/BWVs/eighth_322_videos/1-60/evidence.com_evidence_package_1_of_2_created_2024-12-10T16_34_27Z/Stopped_And_Cited_For_Speed_.mp4
8W4Y0C,/mnt/synology/BWVs/eighth_322_videos/1-60/evidence.com_evidence_package_1_of_2_created_2024-12-10T16_34_27Z/Axon_Body_3_Video_2022-08-11_1444_X6039A8RG.mp4
8W53PN,/mnt/synology/BWVs/eighth_322_videos/1-60/evidence.com_evidence_package_1_of_2_created_2024-12-10T16_34_27Z/Axon_Body_3_Video_2022-08-11_1443_X6039A5C9.mp4
8UZYRN,/mnt/synology/BWVs/eighth_322_videos/1-60/evidence.com_evidence_package_2_of_2_created_2024-12-10T16_34_27Z/10851.mp4
8UQH41,/mnt/synology/BWVs/eighth_322_videos/1-60/evidence.com_evidence_package_2_of_2_created_2024-12-10T16_34_27Z/Arroyo_Pursuit.mp4
8UPLM9,/mnt/synology/BWVs/eighth_322_videos/1-60/evidence.com_evidence_package_2_of_2_created_2024-12-10T16_34_27Z/Vehicle_Pursuit.mp4
8Q7GOR,/mnt/synology/BWVs/eighth_322_videos/1-60/evidence.com_evidence_package_1_of_2_created_2024-12-10T16_34_27Z/H308142.mp4
8MANFY,/mnt/synology/BWVs/eighth_322_videos/1-60/evidence.com_evidence_package_1_of_2_created_2024-12-10T16_34_27Z/Traffic_Stop.mp4
8LWXVE,/mnt/synology/BWVs/eighth_322_videos/1-60/evidence.com_evidence_package_1_of_2_created_2024-12-10T16_34_27Z/Overturned_veh_CORS.mp4
8LWQMV,/mnt/synology/BWVs/eighth_322_videos/1-60/evidence.com_evidence_package_1_of_2_created_2024-12-10T16_34_27Z/Axon_Body_3_Video_2022-07-24_1950_X6039BCWB.mp4
8JQFNX,/mnt/synology/BWVs/eighth_322_videos/1-60/evidence.com_evidence_package_1_of_2_created_2024-12-10T16_34_27Z/Ped_Stop.mp4
8JNQXJ,/mnt/synology/BWVs/eighth_322_videos/1-60/evidence.com_evidence_package_1_of_2_created_2024-12-10T16_34_27Z/Axon_Body_3_Video_2022-07-19_2023_X6039BGSM.mp4
8ISY9V,/mnt/synology/BWVs/eighth_322_videos/1-60/evidence.com_evidence_package_1_of_2_created_2024-12-10T16_34_27Z/Axon_Body_3_Video_2022-07-17_1919_X6039BGXE.mp4
8ISMEA,/mnt/synology/BWVs/eighth_322_videos/1-60/evidence.com_evidence_package_1_of_2_created_2024-12-10T16_34_27Z/gride.mp4
8FPM1E,/mnt/synology/BWVs/eighth_322_videos/1-60/evidence.com_evidence_package_1_of_2_created_2024-12-10T16_34_27Z/Continuation_.mp4
8FPX4L,/mnt/synology/BWVs/eighth_322_videos/1-60/evidence.com_evidence_package_2_of_2_created_2024-12-10T16_34_27Z/Back_Up.mp4
8ESH38,/mnt/synology/BWVs/eighth_322_videos/1-60/evidence.com_evidence_package_1_of_2_created_2024-12-10T16_34_27Z/Cited_For_Stop_Sign_.mp4
8C1MP0,/mnt/synology/BWVs/eighth_322_videos/1-60/evidence.com_evidence_package_1_of_2_created_2024-12-10T16_34_27Z/H326150.mp4
88A5YG,/mnt/synology/BWVs/eighth_322_videos/1-60/evidence.com_evidence_package_2_of_2_created_2024-12-10T16_34_27Z/211.mp4
88A2X3,/mnt/synology/BWVs/eighth_322_videos/1-60/evidence.com_evidence_package_2_of_2_created_2024-12-10T16_34_27Z/Axon_Body_3_Video_2022-06-24_1412_X6039BHLR.mp4
87TYVP,/mnt/synology/BWVs/eighth_322_videos/1-60/evidence.com_evidence_package_2_of_2_created_2024-12-10T16_34_27Z/firearm_inv.mp4
87UJEZ,/mnt/synology/BWVs/eighth_322_videos/1-60/evidence.com_evidence_package_2_of_2_created_2024-12-10T16_34_27Z/R100_FIREARM_K3.mp4
86W47H,/mnt/synology/BWVs/eighth_322_videos/1-60/evidence.com_evidence_package_1_of_2_created_2024-12-10T16_34_27Z/220621003774_.mp4
86W63N,/mnt/synology/BWVs/eighth_322_videos/1-60/evidence.com_evidence_package_1_of_2_created_2024-12-10T16_34_27Z/Traffic_Stop-4.mp4
85GF8I,/mnt/synology/BWVs/eighth_322_videos/61-120/evidence.com_evidence_package_1_of_3_created_2024-12-10T17_24_26Z/kjeldsen_alipour.mp4
8504LI,/mnt/synology/BWVs/eighth_322_videos/61-120/evidence.com_evidence_package_2_of_3_created_2024-12-10T17_24_26Z/Rios-2.mp4
850FMH,/mnt/synology/BWVs/eighth_322_videos/61-120/evidence.com_evidence_package_3_of_3_created_2024-12-10T17_24_26Z/Arrest_Warrant-_187_Susp.mp4
85061M,/mnt/synology/BWVs/eighth_322_videos/61-120/evidence.com_evidence_package_2_of_3_created_2024-12-10T17_24_26Z/Rios.mp4
84T4V7,/mnt/synology/BWVs/eighth_322_videos/61-120/evidence.com_evidence_package_2_of_3_created_2024-12-10T17_24_26Z/GUN_ARR.mp4
84SYP9,/mnt/synology/BWVs/eighth_322_videos/61-120/evidence.com_evidence_package_1_of_3_created_2024-12-10T17_24_26Z/Axon_Body_3_Video_2022-06-16_2114_X6039B860.mp4
83TVN7,/mnt/synology/BWVs/eighth_322_videos/61-120/evidence.com_evidence_package_1_of_3_created_2024-12-10T17_24_26Z/Axon_Body_3_Video_2022-06-14_1837_X6039BCM8.mp4
83UQZ4,/mnt/synology/BWVs/eighth_322_videos/61-120/evidence.com_evidence_package_1_of_3_created_2024-12-10T17_24_26Z/Axon_Body_3_Video_2022-06-14_1836_X6039BA44.mp4
828D3X,/mnt/synology/BWVs/eighth_322_videos/61-120/evidence.com_evidence_package_1_of_3_created_2024-12-10T17_24_26Z/Ts.mp4
828D4O,/mnt/synology/BWVs/eighth_322_videos/61-120/evidence.com_evidence_package_1_of_3_created_2024-12-10T17_24_26Z/902.mp4
81A041,/mnt/synology/BWVs/eighth_322_videos/61-120/evidence.com_evidence_package_2_of_3_created_2024-12-10T17_24_26Z/c37.mp4
819KSR,/mnt/synology/BWVs/eighth_322_videos/61-120/evidence.com_evidence_package_2_of_3_created_2024-12-10T17_24_26Z/006.mp4
807GIX,/mnt/synology/BWVs/eighth_322_videos/61-120/evidence.com_evidence_package_1_of_3_created_2024-12-10T17_24_26Z/Axon_Body_3_Video_2022-06-06_2050_X60A2477Q.mp4
807NRN,/mnt/synology/BWVs/eighth_322_videos/61-120/evidence.com_evidence_package_1_of_3_created_2024-12-10T17_24_26Z/Axon_Body_3_Video_2022-06-06_2050_X6039BBP0.mp4
7Z202L,/mnt/synology/BWVs/eighth_322_videos/61-120/evidence.com_evidence_package_1_of_3_created_2024-12-10T17_24_26Z/Axon_Body_3_Video_2022-06-03_2232_X6039BHUG.mp4
7X2QS0,/mnt/synology/BWVs/eighth_322_videos/61-120/evidence.com_evidence_package_1_of_3_created_2024-12-10T17_24_26Z/narco_arrest.mp4
7X2KNY,/mnt/synology/BWVs/eighth_322_videos/61-120/evidence.com_evidence_package_2_of_3_created_2024-12-10T17_24_26Z/Axon_Body_3_Video_2022-05-30_1530_X6039BCBM.mp4
7WAOE6,/mnt/synology/BWVs/eighth_322_videos/61-120/evidence.com_evidence_package_1_of_3_created_2024-12-10T17_24_26Z/Axon_Body_3_Video_2022-05-28_2146_X6039BA6U.mp4
7WB4D1,/mnt/synology/BWVs/eighth_322_videos/61-120/evidence.com_evidence_package_1_of_3_created_2024-12-10T17_24_26Z/Speeding_And_Fail_To_Stop_At_Stop_Sign.mp4
7VK9WT,/mnt/synology/BWVs/eighth_322_videos/61-120/evidence.com_evidence_package_1_of_3_created_2024-12-10T17_24_26Z/Axon_Body_3_Video_2022-05-26_1301_X6039B9W3.mp4
7TMNAS,/mnt/synology/BWVs/eighth_322_videos/61-120/evidence.com_evidence_package_1_of_3_created_2024-12-10T17_24_26Z/Axon_Body_3_Video_2022-05-22_1713_X6039BCM4.mp4
7TMJHI,/mnt/synology/BWVs/eighth_322_videos/61-120/evidence.com_evidence_package_1_of_3_created_2024-12-10T17_24_26Z/Axon_Body_3_Video_2022-05-22_1713_X6039B9JW.mp4
7SVZIS,/mnt/synology/BWVs/eighth_322_videos/61-120/evidence.com_evidence_package_1_of_3_created_2024-12-10T17_24_26Z/Axon_Body_3_Video_2022-05-20_1746_X6039B8WZ.mp4
7SVVCE,/mnt/synology/BWVs/eighth_322_videos/61-120/evidence.com_evidence_package_1_of_3_created_2024-12-10T17_24_26Z/Axon_Body_3_Video_2022-05-20_1746_X6039BBNK.mp4
7SJ1PF,/mnt/synology/BWVs/eighth_322_videos/61-120/evidence.com_evidence_package_1_of_3_created_2024-12-10T17_24_26Z/Traffic_Stop.mp4
7O1PES,/mnt/synology/BWVs/eighth_322_videos/61-120/evidence.com_evidence_package_2_of_3_created_2024-12-10T17_24_26Z/Inv_Misd_DUI_TC._Arrested_.mp4
7NZCZO,/mnt/synology/BWVs/eighth_322_videos/61-120/evidence.com_evidence_package_2_of_3_created_2024-12-10T17_24_26Z/Misd_Dui_Tc_Arr.mp4
7NO4R1,/mnt/synology/BWVs/eighth_322_videos/61-120/evidence.com_evidence_package_2_of_3_created_2024-12-10T17_24_26Z/TS_Arr.mp4
7NNGKI,/mnt/synology/BWVs/eighth_322_videos/61-120/evidence.com_evidence_package_3_of_3_created_2024-12-10T17_24_26Z/TS_Arr_30305a1_Pc.mp4
7MPY6T,/mnt/synology/BWVs/eighth_322_videos/61-120/evidence.com_evidence_package_1_of_3_created_2024-12-10T17_24_26Z/990F.mp4
7MP2FZ,/mnt/synology/BWVs/eighth_322_videos/61-120/evidence.com_evidence_package_1_of_3_created_2024-12-10T17_24_26Z/Axon_Body_3_Video_2022-05-06_0724_X6039B9T4.mp4
7MJ7U2,/mnt/synology/BWVs/eighth_322_videos/61-120/evidence.com_evidence_package_1_of_3_created_2024-12-10T17_24_26Z/GTA-2.mp4
7MIQWL,/mnt/synology/BWVs/eighth_322_videos/61-120/evidence.com_evidence_package_1_of_3_created_2024-12-10T17_24_26Z/GTA.mp4
7MI9TZ,/mnt/synology/BWVs/eighth_322_videos/61-120/evidence.com_evidence_package_1_of_3_created_2024-12-10T17_24_26Z/Arrest_GTA.mp4
7MJ8MK,/mnt/synology/BWVs/eighth_322_videos/61-120/evidence.com_evidence_package_1_of_3_created_2024-12-10T17_24_26Z/GTA-3.mp4
7HYPP9,/mnt/synology/BWVs/eighth_322_videos/61-120/evidence.com_evidence_package_1_of_3_created_2024-12-10T17_24_26Z/Axon_Body_3_Video_2022-04-25_2042_X6039B843.mp4
7G6AAU,/mnt/synology/BWVs/eighth_322_videos/61-120/evidence.com_evidence_package_1_of_3_created_2024-12-10T17_24_26Z/Axon_Body_3_Video_2022-04-21_1326_X6039BBJP.mp4
7G6T0W,/mnt/synology/BWVs/eighth_322_videos/61-120/evidence.com_evidence_package_1_of_3_created_2024-12-10T17_24_26Z/Axon_Body_3_Video_2022-04-21_1326_X6039BK0E.mp4
7FXDU7,/mnt/synology/BWVs/eighth_322_videos/61-120/evidence.com_evidence_package_1_of_3_created_2024-12-10T17_24_26Z/Axon_Body_3_Video_2022-04-20_2017_X6039B9N2.mp4
7FXKCB,/mnt/synology/BWVs/eighth_322_videos/61-120/evidence.com_evidence_package_1_of_3_created_2024-12-10T17_24_26Z/occ.mp4
7F4TV2,/mnt/synology/BWVs/eighth_322_videos/61-120/evidence.com_evidence_package_1_of_3_created_2024-12-10T17_24_26Z/Cited_Driver_For_U_Turn_In_Business_Dist.mp4
7APWQQ,/mnt/synology/BWVs/eighth_322_videos/121-180/evidence.com_evidence_package_1_of_3_created_2024-12-10T22_09_11Z/Axon_Body_3_Video_2022-04-08_1734_X6039BL9H.mp4
7AQ4AW,/mnt/synology/BWVs/eighth_322_videos/121-180/evidence.com_evidence_package_1_of_3_created_2024-12-10T22_09_11Z/Axon_Body_3_Video_2022-04-08_1734_X6039BJ8R.mp4
7APUQQ,/mnt/synology/BWVs/eighth_322_videos/121-180/evidence.com_evidence_package_1_of_3_created_2024-12-10T22_09_11Z/Axon_Body_3_Video_2022-04-08_1717_X6039BJ8R.mp4
7AQIGD,/mnt/synology/BWVs/eighth_322_videos/121-180/evidence.com_evidence_package_1_of_3_created_2024-12-10T22_09_11Z/Axon_Body_3_Video_2022-04-08_1717_X6039BL9H.mp4
7APP0L,/mnt/synology/BWVs/eighth_322_videos/121-180/evidence.com_evidence_package_1_of_3_created_2024-12-10T22_09_11Z/Axon_Body_3_Video_2022-04-08_1713_X6039BJ8R.mp4
7AQ4DF,/mnt/synology/BWVs/eighth_322_videos/121-180/evidence.com_evidence_package_1_of_3_created_2024-12-10T22_09_11Z/Axon_Body_3_Video_2022-04-08_1707_X6039BL9H.mp4
7AF2MU,/mnt/synology/BWVs/eighth_322_videos/121-180/evidence.com_evidence_package_1_of_3_created_2024-12-10T22_09_11Z/Axon_Body_3_Video_2022-04-08_0102_X6039A2KV.mp4
7AFCLO,/mnt/synology/BWVs/eighth_322_videos/121-180/evidence.com_evidence_package_1_of_3_created_2024-12-10T22_09_11Z/Axon_Body_3_Video_2022-04-08_0102_X6039B8E5.mp4
79ND2J,/mnt/synology/BWVs/eighth_322_videos/121-180/evidence.com_evidence_package_1_of_3_created_2024-12-10T22_09_11Z/Axon_Body_3_Video_2022-04-06_0915_X6039BJRH.mp4
79H6WX,/mnt/synology/BWVs/eighth_322_videos/121-180/evidence.com_evidence_package_2_of_3_created_2024-12-10T22_09_11Z/Axon_Body_3_Video_2022-04-05_1857_X6039BCFM.mp4
79H0DS,/mnt/synology/BWVs/eighth_322_videos/121-180/evidence.com_evidence_package_2_of_3_created_2024-12-10T22_09_11Z/Axon_Body_3_Video_2022-04-05_1857_X6039965B.mp4
76E9PF,/mnt/synology/BWVs/eighth_322_videos/121-180/evidence.com_evidence_package_2_of_3_created_2024-12-10T22_09_11Z/TS_BO_Break_Lights_Exp_Reg.mp4
76DXCD,/mnt/synology/BWVs/eighth_322_videos/121-180/evidence.com_evidence_package_2_of_3_created_2024-12-10T22_09_11Z/BO_Brakelight.mp4
759UUN,/mnt/synology/BWVs/eighth_322_videos/121-180/evidence.com_evidence_package_1_of_3_created_2024-12-10T22_09_11Z/Axon_Body_3_Video_2022-03-26_2259_X6039BBYD.mp4
759LCV,/mnt/synology/BWVs/eighth_322_videos/121-180/evidence.com_evidence_package_1_of_3_created_2024-12-10T22_09_11Z/220326004616.mp4
758SJ9,/mnt/synology/BWVs/eighth_322_videos/121-180/evidence.com_evidence_package_1_of_3_created_2024-12-10T22_09_11Z/Axon_Body_3_Video_2022-03-26_1756_X6039B859.mp4
758KVN,/mnt/synology/BWVs/eighth_322_videos/121-180/evidence.com_evidence_package_1_of_3_created_2024-12-10T22_09_11Z/Axon_Body_3_Video_2022-03-26_1755_X6039BEQZ.mp4
74H2XF,/mnt/synology/BWVs/eighth_322_videos/121-180/evidence.com_evidence_package_1_of_3_created_2024-12-10T22_09_11Z/Axon_Body_3_Video_2022-03-24_1916_X6039BC7C.mp4
74GGUU,/mnt/synology/BWVs/eighth_322_videos/121-180/evidence.com_evidence_package_1_of_3_created_2024-12-10T22_09_11Z/Melrose_Detroit.mp4
746VNX,/mnt/synology/BWVs/eighth_322_videos/121-180/evidence.com_evidence_package_1_of_3_created_2024-12-10T22_09_11Z/Axon_Body_3_Video_2022-03-24_0803_X6039BHQM.mp4
73KJ0J,/mnt/synology/BWVs/eighth_322_videos/121-180/evidence.com_evidence_package_1_of_3_created_2024-12-10T22_09_11Z/T_S.mp4
73KJ0N,/mnt/synology/BWVs/eighth_322_videos/121-180/evidence.com_evidence_package_1_of_3_created_2024-12-10T22_09_11Z/006-3.mp4
7120QA,/mnt/synology/BWVs/eighth_322_videos/121-180/evidence.com_evidence_package_2_of_3_created_2024-12-10T22_09_11Z/Axon_Body_3_Video_2022-03-16_1951_X6039BGUT.mp4
7127MW,/mnt/synology/BWVs/eighth_322_videos/121-180/evidence.com_evidence_package_2_of_3_created_2024-12-10T22_09_11Z/ccw_in_veh_arrest.mp4
6ZA281,/mnt/synology/BWVs/eighth_322_videos/121-180/evidence.com_evidence_package_2_of_3_created_2024-12-10T22_09_11Z/Traffic_Stop.mp4
6XQG64,/mnt/synology/BWVs/eighth_322_videos/121-180/evidence.com_evidence_package_1_of_3_created_2024-12-10T22_09_11Z/006.mp4
6XQ4S6,/mnt/synology/BWVs/eighth_322_videos/121-180/evidence.com_evidence_package_3_of_3_created_2024-12-10T22_09_11Z/23152F.mp4
6WTZPO,"/mnt/synology/BWVs/eighth_322_videos/121-180/evidence.com_evidence_package_2_of_3_created_2024-12-10T22_09_11Z/Cpi_Misd_Dui_Tc_Arr,_Impound.mp4"
6WUCRI,/mnt/synology/BWVs/eighth_322_videos/121-180/evidence.com_evidence_package_2_of_3_created_2024-12-10T22_09_11Z/Inv_CPI_DUI_TC._Veh_Vs_Tri-light_Box._DUI_Arrest.mp4
6U3KVW,/mnt/synology/BWVs/eighth_322_videos/121-180/evidence.com_evidence_package_1_of_3_created_2024-12-10T22_09_11Z/Axon_Body_3_Video_2022-03-01_1823_X6039A3HT.mp4
6U3ETJ,/mnt/synology/BWVs/eighth_322_videos/121-180/evidence.com_evidence_package_1_of_3_created_2024-12-10T22_09_11Z/Axon_Body_3_Video_2022-03-01_1823_X6039A2S9.mp4
6TNOUM,/mnt/synology/BWVs/eighth_322_videos/121-180/evidence.com_evidence_package_1_of_3_created_2024-12-10T22_09_11Z/5033j.mp4
6TNTH3,/mnt/synology/BWVs/eighth_322_videos/121-180/evidence.com_evidence_package_1_of_3_created_2024-12-10T22_09_11Z/Stolen_Veh_103_Compton.mp4
6S4QGB,/mnt/synology/BWVs/eighth_322_videos/121-180/evidence.com_evidence_package_1_of_3_created_2024-12-10T22_09_11Z/Traffic_Stop.mp4
6QJR8O,/mnt/synology/BWVs/eighth_322_videos/121-180/evidence.com_evidence_package_1_of_3_created_2024-12-10T22_09_11Z/Arrest_UOF.mp4
6QJH0E,/mnt/synology/BWVs/eighth_322_videos/121-180/evidence.com_evidence_package_2_of_3_created_2024-12-10T22_09_11Z/C37_Arr.mp4
6PQZVG,/mnt/synology/BWVs/eighth_322_videos/121-180/evidence.com_evidence_package_1_of_3_created_2024-12-10T22_09_11Z/415_Gang_Group.mp4
6PRBDC,/mnt/synology/BWVs/eighth_322_videos/181-240/evidence.com_evidence_package_1_of_2_created_2024-12-11T16_43_31Z/Ps.mp4
6PMX7S,/mnt/synology/BWVs/eighth_322_videos/181-240/evidence.com_evidence_package_2_of_2_created_2024-12-11T16_43_31Z/H256976_And_Warr.mp4
6OZ0DS,/mnt/synology/BWVs/eighth_322_videos/181-240/evidence.com_evidence_package_1_of_2_created_2024-12-11T16_43_31Z/Axon_Body_3_Video_2022-02-17_0317_X60327267.mp4
6OZ5QC,/mnt/synology/BWVs/eighth_322_videos/181-240/evidence.com_evidence_package_1_of_2_created_2024-12-11T16_43_31Z/Axon_Body_3_Video_2022-02-17_0317_X6039BBW1.mp4
6OJLXD,/mnt/synology/BWVs/eighth_322_videos/181-240/evidence.com_evidence_package_1_of_2_created_2024-12-11T16_43_31Z/Axon_Body_3_Video_2022-02-16_0227_X6039BASV.mp4
6P11MH,/mnt/synology/BWVs/eighth_322_videos/181-240/evidence.com_evidence_package_1_of_2_created_2024-12-11T16_43_31Z/Axon_Body_3_Video_2022-02-16_0159_X6039B9GU.mp4
6MZHKN,/mnt/synology/BWVs/eighth_322_videos/181-240/evidence.com_evidence_package_1_of_2_created_2024-12-11T16_43_31Z/Axon_Body_3_Video_2022-02-12_0141_X6039B9ZN.mp4
6MZAQT,/mnt/synology/BWVs/eighth_322_videos/181-240/evidence.com_evidence_package_1_of_2_created_2024-12-11T16_43_31Z/Axon_Body_3_Video_2022-02-12_0141_X6039BA31.mp4
6KD8GE,/mnt/synology/BWVs/eighth_322_videos/181-240/evidence.com_evidence_package_1_of_2_created_2024-12-11T16_43_31Z/Dui_Tc.mp4
6KDFAZ,/mnt/synology/BWVs/eighth_322_videos/181-240/evidence.com_evidence_package_2_of_2_created_2024-12-11T16_43_31Z/904a.mp4
6J2DYZ,/mnt/synology/BWVs/eighth_322_videos/181-240/evidence.com_evidence_package_1_of_2_created_2024-12-11T16_43_31Z/c37.mp4
6J2TA7,/mnt/synology/BWVs/eighth_322_videos/181-240/evidence.com_evidence_package_1_of_2_created_2024-12-11T16_43_31Z/Vehicle_stop.mp4
6BZ5J7,/mnt/synology/BWVs/eighth_322_videos/181-240/evidence.com_evidence_package_1_of_2_created_2024-12-11T16_43_31Z/Axon_Body_3_Video_2022-01-17_1323_X6039BB96.mp4
6BZCLJ,/mnt/synology/BWVs/eighth_322_videos/181-240/evidence.com_evidence_package_1_of_2_created_2024-12-11T16_43_31Z/Axon_Body_3_Video_2022-01-17_1322_X6039BA0C.mp4
69DZYU,/mnt/synology/BWVs/eighth_322_videos/181-240/evidence.com_evidence_package_1_of_2_created_2024-12-11T16_43_31Z/Axon_Body_3_Video_2022-01-11_2038_X6039BAXM.mp4
69E0BU,/mnt/synology/BWVs/eighth_322_videos/181-240/evidence.com_evidence_package_1_of_2_created_2024-12-11T16_43_31Z/Axon_Body_3_Video_2022-01-11_2038_X6039BJVK.mp4
67QD9W,/mnt/synology/BWVs/eighth_322_videos/181-240/evidence.com_evidence_package_2_of_2_created_2024-12-11T16_43_31Z/211GJ.mp4
67QMZD,/mnt/synology/BWVs/eighth_322_videos/181-240/evidence.com_evidence_package_2_of_2_created_2024-12-11T16_43_31Z/Axon_Body_3_Video_2022-01-08_1159_X6039BF16.mp4
67OXQP,/mnt/synology/BWVs/eighth_322_videos/181-240/evidence.com_evidence_package_1_of_2_created_2024-12-11T16_43_31Z/Axon_Body_3_Video_2022-01-08_1022_X6039A7YM.mp4
67NCSK,/mnt/synology/BWVs/eighth_322_videos/181-240/evidence.com_evidence_package_1_of_2_created_2024-12-11T16_43_31Z/Axon_Body_3_Video_2022-01-08_1022_X6039BCP8.mp4
67KNR2,/mnt/synology/BWVs/eighth_322_videos/181-240/evidence.com_evidence_package_1_of_2_created_2024-12-11T16_43_31Z/Axon_Body_3_Video_2022-01-07_2028_X6039B9ZN.mp4
67KUUX,/mnt/synology/BWVs/eighth_322_videos/181-240/evidence.com_evidence_package_1_of_2_created_2024-12-11T16_43_31Z/Axon_Body_3_Video_2022-01-07_2028_X6039BA31.mp4
65DWOP,/mnt/synology/BWVs/eighth_322_videos/181-240/evidence.com_evidence_package_1_of_2_created_2024-12-11T16_43_31Z/Axon_Body_3_Video_2022-01-03_2358_X6039A2M2.mp4
65DSX7,/mnt/synology/BWVs/eighth_322_videos/181-240/evidence.com_evidence_package_1_of_2_created_2024-12-11T16_43_31Z/Axon_Body_3_Video_2022-01-03_2358_X6039A312.mp4
65A3BW,/mnt/synology/BWVs/eighth_322_videos/181-240/evidence.com_evidence_package_2_of_2_created_2024-12-11T16_43_31Z/006.mp4
659W6M,/mnt/synology/BWVs/eighth_322_videos/181-240/evidence.com_evidence_package_1_of_2_created_2024-12-11T16_43_31Z/Axon_Body_3_Video_2022-01-03_1759_X6039BBWB.mp4
62057G,/mnt/synology/BWVs/eighth_322_videos/181-240/evidence.com_evidence_package_1_of_2_created_2024-12-11T16_43_31Z/back_up.mp4
5ZTAV6,/mnt/synology/BWVs/eighth_322_videos/181-240/evidence.com_evidence_package_1_of_2_created_2024-12-11T16_43_31Z/Axon_Body_3_Video_2021-12-20_2255_X6039BBAR.mp4
5ZTLO1,/mnt/synology/BWVs/eighth_322_videos/181-240/evidence.com_evidence_package_1_of_2_created_2024-12-11T16_43_31Z/Axon_Body_3_Video_2021-12-20_2254_X6039BC3J.mp4
5Z58IS,/mnt/synology/BWVs/eighth_322_videos/181-240/evidence.com_evidence_package_1_of_2_created_2024-12-11T16_43_31Z/Axon_Body_3_Video_2021-12-19_1927_X6039BKM9.mp4
5Z567Z,/mnt/synology/BWVs/eighth_322_videos/181-240/evidence.com_evidence_package_1_of_2_created_2024-12-11T16_43_31Z/006.mp4
5YXQP2,/mnt/synology/BWVs/eighth_322_videos/181-240/evidence.com_evidence_package_2_of_2_created_2024-12-11T16_43_31Z/Arrest.mp4
5YY2AR,/mnt/synology/BWVs/eighth_322_videos/181-240/evidence.com_evidence_package_2_of_2_created_2024-12-11T16_43_31Z/Gun_Arr.mp4
5XLQFU,/mnt/synology/BWVs/eighth_322_videos/181-240/evidence.com_evidence_package_1_of_2_created_2024-12-11T16_43_31Z/Alcala_10851_Arrest.mp4
5PU6MO,/mnt/synology/BWVs/eighth_322_videos/241-300/evidence.com_evidence_package_1_of_2_created_2024-12-11T18_12_47Z/H065231.mp4
5OETBV,/mnt/synology/BWVs/eighth_322_videos/241-300/evidence.com_evidence_package_2_of_2_created_2024-12-11T18_12_47Z/R90s_and_Legend_Crips.mp4
5OEY5Z,/mnt/synology/BWVs/eighth_322_videos/241-300/evidence.com_evidence_package_2_of_2_created_2024-12-11T18_12_47Z/Additional_Unit_No_Bail_Warrant.mp4
5O8U5Q,/mnt/synology/BWVs/eighth_322_videos/241-300/evidence.com_evidence_package_1_of_2_created_2024-12-11T18_12_47Z/415_Women_5150_Hold.mp4
5OCMSY,/mnt/synology/BWVs/eighth_322_videos/241-300/evidence.com_evidence_package_1_of_2_created_2024-12-11T18_12_47Z/9727_Laurel_Canyon_5150.mp4
5O8KQV,/mnt/synology/BWVs/eighth_322_videos/241-300/evidence.com_evidence_package_1_of_2_created_2024-12-11T18_12_47Z/415_Women_5150_Hold-2.mp4
5LXTP3,/mnt/synology/BWVs/eighth_322_videos/241-300/evidence.com_evidence_package_1_of_2_created_2024-12-11T18_12_47Z/Axon_Body_3_Video_2021-11-21_1809_X6039BBTS.mp4
5LY3V8,/mnt/synology/BWVs/eighth_322_videos/241-300/evidence.com_evidence_package_1_of_2_created_2024-12-11T18_12_47Z/Stop_Sign_Viol.mp4
5N0AVQ,/mnt/synology/BWVs/eighth_322_videos/241-300/evidence.com_evidence_package_1_of_2_created_2024-12-11T18_12_47Z/Axon_Body_3_Video_2021-11-17_0053_X6039B8E5.mp4
5K79RW,/mnt/synology/BWVs/eighth_322_videos/241-300/evidence.com_evidence_package_1_of_2_created_2024-12-11T18_12_47Z/TS.mp4
5JYI5L,/mnt/synology/BWVs/eighth_322_videos/241-300/evidence.com_evidence_package_1_of_2_created_2024-12-11T18_12_47Z/Axon_Body_3_Video_2021-11-16_1228_X6039BGZU.mp4
5J2B20,/mnt/synology/BWVs/eighth_322_videos/241-300/evidence.com_evidence_package_1_of_2_created_2024-12-11T18_12_47Z/Tstop.mp4
5J26UE,/mnt/synology/BWVs/eighth_322_videos/241-300/evidence.com_evidence_package_1_of_2_created_2024-12-11T18_12_47Z/Code_6-3.mp4
5J2RZA,/mnt/synology/BWVs/eighth_322_videos/241-300/evidence.com_evidence_package_1_of_2_created_2024-12-11T18_12_47Z/Axon_Body_3_Video_2021-11-13_2335_X6039A4NZ.mp4
5J29LU,/mnt/synology/BWVs/eighth_322_videos/241-300/evidence.com_evidence_package_1_of_2_created_2024-12-11T18_12_47Z/Axon_Body_3_Video_2021-11-13_2335_X6039A4R8.mp4
5IYY5H,/mnt/synology/BWVs/eighth_322_videos/241-300/evidence.com_evidence_package_1_of_2_created_2024-12-11T18_12_47Z/O.mp4
5IZ0E3,/mnt/synology/BWVs/eighth_322_videos/241-300/evidence.com_evidence_package_1_of_2_created_2024-12-11T18_12_47Z/Axon_Body_3_Video_2021-11-13_0943_X6039A7TH.mp4
5ITYZG,/mnt/synology/BWVs/eighth_322_videos/241-300/evidence.com_evidence_package_1_of_2_created_2024-12-11T18_12_47Z/Tints.mp4
5ITSA5,/mnt/synology/BWVs/eighth_322_videos/241-300/evidence.com_evidence_package_1_of_2_created_2024-12-11T18_12_47Z/Traffic_Stop-2.mp4
5JMX95,/mnt/synology/BWVs/eighth_322_videos/241-300/evidence.com_evidence_package_1_of_2_created_2024-12-11T18_12_47Z/T_s.mp4
5HHEZ3,/mnt/synology/BWVs/eighth_322_videos/241-300/evidence.com_evidence_package_1_of_2_created_2024-12-11T18_12_47Z/Traffic_Stop-3.mp4
5GAGTP,/mnt/synology/BWVs/eighth_322_videos/241-300/evidence.com_evidence_package_1_of_2_created_2024-12-11T18_12_47Z/Axon_Body_3_Video_2021-11-06_0448_X6039BJDY.mp4
5GAJVC,/mnt/synology/BWVs/eighth_322_videos/241-300/evidence.com_evidence_package_1_of_2_created_2024-12-11T18_12_47Z/Code_6-2.mp4
5FV503,/mnt/synology/BWVs/eighth_322_videos/241-300/evidence.com_evidence_package_2_of_2_created_2024-12-11T18_12_47Z/Gun.mp4
5FV7NQ,/mnt/synology/BWVs/eighth_322_videos/241-300/evidence.com_evidence_package_2_of_2_created_2024-12-11T18_12_47Z/415W_W_A_Gun.mp4
5FSOFI,/mnt/synology/BWVs/eighth_322_videos/241-300/evidence.com_evidence_package_1_of_2_created_2024-12-11T18_12_47Z/Axon_Body_3_Video_2021-11-04_2121_X6039BDWL.mp4
5FT34Z,/mnt/synology/BWVs/eighth_322_videos/241-300/evidence.com_evidence_package_1_of_2_created_2024-12-11T18_12_47Z/Axon_Body_3_Video_2021-11-04_2121_X6039BKJE.mp4
5FFRGR,/mnt/synology/BWVs/eighth_322_videos/241-300/evidence.com_evidence_package_1_of_2_created_2024-12-11T18_12_47Z/Tint.mp4
5FFQ6N,/mnt/synology/BWVs/eighth_322_videos/241-300/evidence.com_evidence_package_1_of_2_created_2024-12-11T18_12_47Z/Axon_Body_3_Video_2021-11-03_2043_X6039BB3U.mp4
5ERWFQ,/mnt/synology/BWVs/eighth_322_videos/241-300/evidence.com_evidence_package_1_of_2_created_2024-12-11T18_12_47Z/Rc_904a.mp4
5ERU7S,/mnt/synology/BWVs/eighth_322_videos/241-300/evidence.com_evidence_package_1_of_2_created_2024-12-11T18_12_47Z/904a-2.mp4
5ERUJZ,/mnt/synology/BWVs/eighth_322_videos/241-300/evidence.com_evidence_package_1_of_2_created_2024-12-11T18_12_47Z/Rc_dui_Arrest.mp4
5ERW1Z,/mnt/synology/BWVs/eighth_322_videos/241-300/evidence.com_evidence_package_1_of_2_created_2024-12-11T18_12_47Z/904a.mp4
5ERWD0,/mnt/synology/BWVs/eighth_322_videos/241-300/evidence.com_evidence_package_2_of_2_created_2024-12-11T18_12_47Z/904a.mp4
5ECOJJ,/mnt/synology/BWVs/eighth_322_videos/241-300/evidence.com_evidence_package_1_of_2_created_2024-12-11T18_12_47Z/006.mp4
5ECHW8,/mnt/synology/BWVs/eighth_322_videos/241-300/evidence.com_evidence_package_2_of_2_created_2024-12-11T18_12_47Z/traffic_stop_back_up_.mp4
5CF2OU,/mnt/synology/BWVs/eighth_322_videos/241-300/evidence.com_evidence_package_2_of_2_created_2024-12-11T18_12_47Z/Citation.mp4
5CFV8Q,/mnt/synology/BWVs/eighth_322_videos/241-300/evidence.com_evidence_package_2_of_2_created_2024-12-11T18_12_47Z/Axon_Body_3_Video_2021-10-26_1814_X6039BEJ6.mp4
5BCGNB,/mnt/synology/BWVs/eighth_322_videos/241-300/evidence.com_evidence_package_1_of_2_created_2024-12-11T18_12_47Z/Article_Search_From_Pursuit_Of_C37.mp4
5BC96X,/mnt/synology/BWVs/eighth_322_videos/241-300/evidence.com_evidence_package_1_of_2_created_2024-12-11T18_12_47Z/Axon_Body_3_Video_2021-10-23_1410_X6039BCEZ.mp4
58WZHX,/mnt/synology/BWVs/eighth_322_videos/241-300/evidence.com_evidence_package_1_of_2_created_2024-12-11T18_12_47Z/ts_western_slauson.mp4
58WWZD,/mnt/synology/BWVs/eighth_322_videos/241-300/evidence.com_evidence_package_1_of_2_created_2024-12-11T18_12_47Z/Axon_Body_3_Video_2021-10-16_2105_X6039BEQV.mp4
58QMLE,/mnt/synology/BWVs/eighth_322_videos/241-300/evidence.com_evidence_package_1_of_2_created_2024-12-11T18_12_47Z/Ts_Stop_Bo_Brake_Light.mp4
58QC10,/mnt/synology/BWVs/eighth_322_videos/241-300/evidence.com_evidence_package_1_of_2_created_2024-12-11T18_12_47Z/Ts_Bo_Taillight.mp4
568WC4,/mnt/synology/BWVs/eighth_322_videos/241-300/evidence.com_evidence_package_1_of_2_created_2024-12-11T18_12_47Z/(006)_Axon_Body_3_Video_2021-10-09_2356_X6039B7RA.mp4
568YPN,/mnt/synology/BWVs/eighth_322_videos/241-300/evidence.com_evidence_package_1_of_2_created_2024-12-11T18_12_47Z/Axon_Body_3_Video_2021-10-09_2346_X6039BKTN.mp4
515FKS,/mnt/synology/BWVs/eighth_322_videos/241-300/evidence.com_evidence_package_1_of_2_created_2024-12-11T18_12_47Z/Code_6.mp4
515CY2,/mnt/synology/BWVs/eighth_322_videos/241-300/evidence.com_evidence_package_1_of_2_created_2024-12-11T18_12_47Z/Axon_Body_3_Video_2021-09-25_2220_X6039BA6Q.mp4
5096LG,/mnt/synology/BWVs/eighth_322_videos/241-300/evidence.com_evidence_package_2_of_2_created_2024-12-11T18_12_47Z/Axon_Body_3_Video_2021-09-23_1126_X6039B88S.mp4
506WVN,/mnt/synology/BWVs/eighth_322_videos/301-322/evidence.com_evidence_package_1_of_1_created_2024-12-11T18_35_51Z/Axon_Body_3_Video_2021-09-23_1126_X6039B90A.mp4
4YRVFF,/mnt/synology/BWVs/eighth_322_videos/301-322/evidence.com_evidence_package_1_of_1_created_2024-12-11T18_35_51Z/Amboy_Bracken.mp4
4XFUHS,/mnt/synology/BWVs/eighth_322_videos/301-322/evidence.com_evidence_package_1_of_1_created_2024-12-11T18_35_51Z/Traffic_Stop.mp4
4XFOHR,/mnt/synology/BWVs/eighth_322_videos/301-322/evidence.com_evidence_package_1_of_1_created_2024-12-11T18_35_51Z/Traffic_Bo_Plate_Warned.mp4
4W438O,/mnt/synology/BWVs/eighth_322_videos/301-322/evidence.com_evidence_package_1_of_1_created_2024-12-11T18_35_51Z/Axon_Body_3_Video_2021-09-12_0010_X6039B81B.mp4
4W4412,/mnt/synology/BWVs/eighth_322_videos/301-322/evidence.com_evidence_package_1_of_1_created_2024-12-11T18_35_51Z/Axon_Body_3_Video_2021-09-12_0010_X6039A5BF.mp4
4UIBA6,/mnt/synology/BWVs/eighth_322_videos/301-322/evidence.com_evidence_package_1_of_1_created_2024-12-11T18_35_51Z/Axon_Body_3_Video_2021-09-07_2214_X6039BHQP.mp4
4UI8NS,/mnt/synology/BWVs/eighth_322_videos/301-322/evidence.com_evidence_package_1_of_1_created_2024-12-11T18_35_51Z/Axon_Body_3_Video_2021-09-07_2214_X6039BB8U.mp4
4UH7CV,/mnt/synology/BWVs/eighth_322_videos/301-322/evidence.com_evidence_package_1_of_1_created_2024-12-11T18_35_51Z/Axon_Body_3_Video_2021-09-07_1739_X6039BAHH.mp4
4U3VA0,/mnt/synology/BWVs/eighth_322_videos/301-322/evidence.com_evidence_package_1_of_1_created_2024-12-11T18_35_51Z/DUI_TC.mp4
4U5E7A,/mnt/synology/BWVs/eighth_322_videos/301-322/evidence.com_evidence_package_1_of_1_created_2024-12-11T18_35_51Z/Misd_DUI_T_C.mp4
4U0HCC,/mnt/synology/BWVs/eighth_322_videos/301-322/evidence.com_evidence_package_1_of_1_created_2024-12-11T18_35_51Z/Warning.mp4
8TOZAR,/mnt/synology/BWVs/ninth_64_videos/415m (2).mp4
8YC7IW,/mnt/synology/BWVs/ninth_64_videos/Traffic_Stop-4.mp4
8YBUH1,/mnt/synology/BWVs/ninth_64_videos/TS-2.mp4
8XF959,/mnt/synology/BWVs/ninth_64_videos/TS-3.mp4
8VOEO5,/mnt/synology/BWVs/ninth_64_videos/TS_Blocking_Alleyway_Narco_Inv.mp4
8UCOZX,/mnt/synology/BWVs/ninth_64_videos/Axon_Body_3_Video_2022-08-08_0129_X6039BGTE.mp4
8UC6IU,/mnt/synology/BWVs/ninth_64_videos/Axon_Body_3_Video_2022-08-08_0121_X6039BEL7.mp4
8UC3G8,/mnt/synology/BWVs/ninth_64_videos/Axon_Body_3_Video_2022-08-08_0103_X6039BEL7.mp4
8UC5H7,/mnt/synology/BWVs/ninth_64_videos/Axon_Body_3_Video_2022-08-08_0102_X6039BGTE.mp4
8TP2CZ,/mnt/synology/BWVs/ninth_64_videos/415m-3.mp4
8TPML6,/mnt/synology/BWVs/ninth_64_videos/415m-2.mp4
8TOV46,/mnt/synology/BWVs/ninth_64_videos/415m.mp4
8DSCJO,/mnt/synology/BWVs/ninth_64_videos/Axon_Body_3_Video_2022-07-07_0809_X6039BBKT.mp4
8DSRM7,/mnt/synology/BWVs/ninth_64_videos/Axon_Body_3_Video_2022-07-07_0750_X6039BBKT.mp4
8DS57H,/mnt/synology/BWVs/ninth_64_videos/Axon_Body_3_Video_2022-07-07_0738_X6039BBKT.mp4
8DSEU3,/mnt/synology/BWVs/ninth_64_videos/Axon_Body_3_Video_2022-07-07_0720_X6039BBKT.mp4
8DSRLI,/mnt/synology/BWVs/ninth_64_videos/Axon_Body_3_Video_2022-07-07_0702_X6039BBKT.mp4
7XQTRG,/mnt/synology/BWVs/ninth_64_videos/Ts.mp4
7OPQR2,/mnt/synology/BWVs/ninth_64_videos/Axon_Body_3_Video_2022-05-11_1037_X6039BJNJ.mp4
7E5T60,/mnt/synology/BWVs/ninth_64_videos/62_Denker-2.mp4
7E5WYL,/mnt/synology/BWVs/ninth_64_videos/62_Denker.mp4
7E5TJG,/mnt/synology/BWVs/ninth_64_videos/62_Halldale.mp4
79VT80,/mnt/synology/BWVs/ninth_64_videos/traffic_stop_arrest_transport_.mp4
79V7RJ,/mnt/synology/BWVs/ninth_64_videos/traffic_stop_arrest.mp4
79V53U,/mnt/synology/BWVs/ninth_64_videos/traffic_stop (2).mp4
77P81Y,/mnt/synology/BWVs/ninth_64_videos/Wells_And_Del_Moreno.mp4
74WT4O,/mnt/synology/BWVs/ninth_64_videos/Axon_Body_3_Video_2022-03-25_2152_X6039A3JV.mp4
74WFQG,/mnt/synology/BWVs/ninth_64_videos/Axon_Body_3_Video_2022-03-25_2138_X6039BA45.mp4
72URSU,/mnt/synology/BWVs/ninth_64_videos/Axon_Body_3_Video_2022-03-21_0447.mp4
6VM80F,/mnt/synology/BWVs/ninth_64_videos/T_S_UNSAFE_LANE_CHANGE.mp4
6VLZ3V,/mnt/synology/BWVs/ninth_64_videos/Traffic_Stop-3.mp4
6DGSEQ,/mnt/synology/BWVs/ninth_64_videos/Axon_Body_3_Video_2022-01-20_1540_X6039B92V.mp4
6DHOKQ,/mnt/synology/BWVs/ninth_64_videos/Axon_Body_3_Video_2022-01-20_1540_X6039BHV5.mp4
6C1763,/mnt/synology/BWVs/ninth_64_videos/Traffic_Stop-2.mp4
663TGF,/mnt/synology/BWVs/ninth_64_videos/Axon_Body_3_Video_2022-01-05_1149_X6039BBNG.mp4
663Q78,/mnt/synology/BWVs/ninth_64_videos/Axon_Body_3_Video_2022-01-05_1139_X6039BBNG.mp4
663Q6J,/mnt/synology/BWVs/ninth_64_videos/Axon_Body_3_Video_2022-01-05_1127_X6039BBNG.mp4
5R9PFT,/mnt/synology/BWVs/ninth_64_videos/Axon_Body_3_Video_2021-12-03_0221_X6039A22X.mp4
5NV5JD,/mnt/synology/BWVs/ninth_64_videos/Axon_Body_3_Video_2021-11-26_1037_X6039BBNG.mp4
5NV5IW,/mnt/synology/BWVs/ninth_64_videos/Axon_Body_3_Video_2021-11-26_1027_X6039BBNG.mp4
5NV4QW,/mnt/synology/BWVs/ninth_64_videos/Axon_Body_3_Video_2021-11-26_1016_X6039BBNG.mp4
5MWJXR,/mnt/synology/BWVs/ninth_64_videos/Tint.mp4
5CAHVV,/mnt/synology/BWVs/ninth_64_videos/H056283.mp4
5BHPUE,/mnt/synology/BWVs/ninth_64_videos/006.mp4
57OTSA,/mnt/synology/BWVs/ninth_64_videos/Axon_Body_3_Video_2021-10-13_2228_X6039BKW5.mp4
57OM7Q,/mnt/synology/BWVs/ninth_64_videos/Traffic_Stop-5.mp4
57OFF0,/mnt/synology/BWVs/ninth_64_videos/Traffic_Stop.mp4
57OPZ5,/mnt/synology/BWVs/ninth_64_videos/Axon_Body_3_Video_2021-10-13_1812_X6039BKW5.mp4
51T3YH,/mnt/synology/BWVs/ninth_64_videos/c37.mp4
51MHE5,/mnt/synology/BWVs/ninth_64_videos/Unsafe_Speed_67_40.mp4
51MHDH,/mnt/synology/BWVs/ninth_64_videos/Unsafe_Speed_71_40.mp4
51MDZH,/mnt/synology/BWVs/ninth_64_videos/Unsafe_Speed_62_40-2.mp4
51MDZ1,/mnt/synology/BWVs/ninth_64_videos/Unsafe_Speed_64_40.mp4
51MALD,/mnt/synology/BWVs/ninth_64_videos/Unsafe_Speed_64_40-2.mp4
51M8OE,/mnt/synology/BWVs/ninth_64_videos/Unsafe_Speed_62_40.mp4
4YK8ZR,/mnt/synology/BWVs/ninth_64_videos/Axon_Body_3_Video_2021-09-18_2012_X6039BHGP.mp4
4XTD9C,/mnt/synology/BWVs/ninth_64_videos/Axon_Body_3_Video_2021-09-16_1552_X6039BCHZ.mp4
4W2EZQ,/mnt/synology/BWVs/ninth_64_videos/Dui-3.mp4
4W2GU8,/mnt/synology/BWVs/ninth_64_videos/Dui-5.mp4
4W2FMY,/mnt/synology/BWVs/ninth_64_videos/Dui-2.mp4
4W2IKO,/mnt/synology/BWVs/ninth_64_videos/Dui-6.mp4
4W2ACU,/mnt/synology/BWVs/ninth_64_videos/Dui-4.mp4
4W2F33,/mnt/synology/BWVs/ninth_64_videos/Dui.mp4
